operador,lat,lon,tecnologia,celdas,muestras,actualizado
Claro,0.8076,-77.5856,LTE,1,1,2025-04-29
Claro,0.8066,-77.58225,LTE,4,4,2025-04-29
Claro,0.814,-77.6653,LTE,1,1,2025-04-29
Claro,0.8184,-77.6561,LTE,1,1,2025-04-29
Claro,0.8262,-77.7032,LTE,1,1,2025-04-29
Claro,0.8238,-77.6393,LTE,1,2,2025-04-22
Claro,0.8279,-77.6419,LTE,1,1,2025-04-20
Claro,0.836,-77.5972,LTE,1,1,2025-04-29
Claro,0.8403,-77.5894,LTE,1,1,2025-04-21
Claro,1.0317,-77.4659,LTE,1,1,2025-04-29
Claro,1.0533,-77.4407,LTE,1,1,2025-04-21
Claro,1.1014,-77.3819,LTE,1,1,2025-04-29
Claro,1.1147,-77.3802,LTE,1,1,2025-04-21
Claro,1.1699,-77.2897,LTE,1,1,2025-04-29
Claro,1.1813,-77.2825,LTE,1,1,2025-04-21
Claro,1.1928,-77.2793,LTE,1,1,2025-04-21
Claro,1.19643,-77.27907,LTE,3,3,2025-04-22
Claro,1.196,-77.2783,LTE,2,2,2025-04-22
Claro,1.1994,-77.2776,LTE,1,1,2025-04-22
Claro,1.2054,-77.2627,LTE,1,1,2025-04-21
Claro,1.2063,-77.2598,LTE,1,1,2025-04-21
Claro,1.2086,-77.2773,LTE,1,2,2025-04-23
Claro,1.2135,-77.2868,LTE,1,1,2025-04-29
Claro,1.2119,-77.2777,LTE,1,1,2025-04-21
Claro,1.2162,-77.2898,LTE,2,3,2025-04-30
Claro,1.2146,-77.27753,LTE,3,3,2025-04-21
Claro,1.217,-77.2832,LTE,1,1,2025-04-21
Claro,1.2255,-77.2654,LTE,1,1,2025-04-22
Claro,1.2486,-77.2645,LTE,1,1,2025-04-22
Claro,1.2858,-77.2767,LTE,1,2,2025-04-29
Claro,1.3291,-77.2789,LTE,1,1,2025-04-28
Claro,1.3528,-77.286,LTE,1,1,2025-04-22
Claro,1.3732,-77.1588,LTE,1,1,2026-05-18
Claro,1.4005,-77.2866,LTE,1,1,2025-04-28
Claro,1.4301,-77.2834,LTE,1,1,2025-04-28
Claro,1.4611,-75.3983,UMTS,1,4,2026-02-02
Claro,1.466,-75.4068,LTE,1,13,2026-02-02
Claro,1.4744,-75.4206,LTE,1,36,2026-02-02
Claro,1.474,-75.3836,LTE,1,50,2026-02-02
Claro,1.4762,-75.4315,LTE,1,3,2026-02-02
Claro,1.475,-75.428,LTE,1,16,2026-02-02
Claro,1.4786,-75.434,LTE,1,13,2026-02-02
Claro,1.4813,-75.4363,LTE,1,5,2026-02-02
Claro,1.4854,-75.4401,LTE,1,20,2026-02-02
Claro,1.5009,-75.455,LTE,1,51,2026-02-02
Claro,1.5134,-77.315,LTE,1,1,2025-04-28
Claro,1.523,-75.5256,LTE,1,7,2026-02-02
Claro,1.5244,-75.5126,LTE,1,10,2026-02-02
Claro,1.5244,-75.5087,LTE,1,24,2026-02-02
Claro,1.5304,-75.5257,LTE,1,2,2026-02-02
Claro,1.5293,-75.3417,LTE,1,23,2026-02-02
Claro,1.53264,-75.52518,LTE,2,18,2026-02-02
Claro,1.538,-75.526,LTE,1,30,2026-02-02
Claro,1.5482,-75.3381,LTE,1,28,2026-02-02
Claro,1.5475,-75.3344,LTE,1,25,2026-02-02
Claro,1.5539,-75.5261,LTE,1,31,2026-02-02
Claro,1.5583,-75.3322,LTE,1,14,2026-02-02
Claro,1.5675,-75.3283,LTE,1,2,2026-02-02
Claro,1.5683,-75.5291,UMTS,1,21,2026-02-02
Claro,1.5695,-75.3279,LTE,2,4,2026-02-02
Claro,1.5707,-75.3273,LTE,1,4,2026-02-02
Claro,1.5733,-75.3254,LTE,1,11,2026-02-02
Claro,1.5803,-75.318,LTE,1,14,2026-02-02
Claro,1.5846,-75.3153,LTE,1,8,2026-02-02
Claro,1.5904,-75.5579,UMTS,1,8,2026-02-02
Claro,1.594,-75.5675,LTE,1,6,2026-02-02
Claro,1.60315,-75.5933,LTE,2,4,2026-02-02
Claro,1.6022,-75.5905,LTE,1,7,2026-02-02
Claro,1.6026,-75.5878,LTE,1,7,2026-02-02
Claro,1.6031,-75.5854,LTE,2,6,2026-02-02
Claro,1.6006,-75.576,LTE,1,39,2026-02-02
Claro,1.60478,-75.59661,LTE,2,9,2026-02-02
Claro,1.6038,-75.5945,LTE,1,3,2026-02-02
Claro,1.606,-75.3118,LTE,1,22,2026-02-02
Claro,1.6091,-75.6053,LTE,1,5,2026-02-02
Claro,1.60886,-75.60305,LTE,3,34,2026-02-02
Claro,1.61157,-75.6055,LTE,2,9,2026-02-02
Claro,1.61,-75.6022,LTE,1,50,2026-02-02
Claro,1.61173,-75.31183,LTE,2,12,2026-02-02
Claro,1.6144,-75.60519,LTE,3,10,2026-02-02
Claro,1.61705,-75.60604,LTE,6,34,2026-02-02
Claro,1.6185,-75.3067,LTE,1,50,2026-02-02
Claro,1.6339,-77.3354,LTE,1,1,2025-04-22
Claro,1.6374,-77.3359,LTE,1,1,2025-04-28
Claro,1.6564,-75.293,LTE,1,34,2026-02-02
Claro,1.6656,-75.2914,LTE,1,4,2026-02-02
Claro,1.6685,-75.2906,LTE,1,11,2026-02-02
Claro,1.6705,-75.2894,LTE,1,28,2026-02-02
Claro,1.673,-75.2886,LTE,2,24,2026-02-02
Claro,1.6809,-75.2861,LTE,1,11,2026-02-02
Claro,1.6826,-75.2867,LTE,1,17,2026-02-02
Claro,1.68642,-75.28694,LTE,4,17,2026-02-02
Claro,1.6877,-77.3238,LTE,1,2,2025-04-29
Claro,1.68869,-75.28493,LTE,2,11,2026-02-02
Claro,1.6897,-75.2828,LTE,1,13,2026-02-02
Claro,1.6911,-75.2798,LTE,1,20,2026-02-02
Claro,1.6931,-75.2749,LTE,1,28,2026-02-02
Claro,1.69388,-75.27308,LTE,2,9,2026-02-02
Claro,1.7683,-77.2817,LTE,1,1,2025-04-28
Claro,1.7884,-77.2741,LTE,1,1,2025-04-22
Claro,2.0966,-77.0091,LTE,1,1,2025-04-22
Claro,2.1128,-76.9878,LTE,1,1,2025-04-28
Claro,2.1828,-76.873,LTE,1,1,2025-04-28
Claro,2.2023,-76.8156,LTE,1,1,2025-04-22
Claro,2.2596,-75.7873,LTE,1,15,2025-05-01
Claro,2.2586,-75.7794,LTE,1,10,2025-05-01
Claro,2.2656,-76.7392,LTE,1,1,2025-04-28
Claro,2.2684,-75.8255,LTE,1,21,2025-05-01
Claro,2.2784,-75.8342,LTE,1,2,2025-05-25
Claro,2.2765,-75.8311,LTE,2,6,2025-05-25
Claro,2.2807,-76.7067,LTE,1,1,2025-04-22
Claro,2.2802,-75.8349,LTE,1,2,2025-05-25
Claro,2.2793,-75.8267,LTE,1,15,2025-05-01
Claro,2.2842,-75.8366,LTE,1,2,2025-05-25
Claro,2.2867,-76.7174,LTE,1,2,2025-04-29
Claro,2.28673,-75.83787,LTE,2,48,2025-05-25
Claro,2.2901,-75.8403,LTE,1,5,2025-05-25
Claro,2.2925,-76.7095,LTE,1,1,2025-04-28
Claro,2.29175,-75.84104,LTE,2,33,2025-05-25
Claro,2.2961,-75.8431,LTE,1,22,2025-05-01
Claro,2.2979,-75.8447,LTE,1,5,2025-05-25
Claro,2.29765,-75.84326,LTE,2,8,2025-05-25
Claro,2.3176,-75.8389,UMTS,1,22,2025-05-25
Claro,2.3214,-75.8394,LTE,1,50,2025-05-01
Claro,2.351,-76.6859,LTE,1,1,2025-04-22
Claro,2.3524,-75.8568,LTE,1,23,2025-05-01
Claro,2.3553,-75.8533,LTE,2,4,2025-05-01
Claro,2.3586,-75.85212,LTE,2,18,2025-05-01
Claro,2.3726,-75.8789,UMTS,1,29,2025-09-17
Claro,2.3726,-75.8494,LTE,2,4,2025-05-01
Claro,2.3798,-75.8548,LTE,1,12,2025-05-01
Claro,2.3814,-75.8969,LTE,1,24,2026-08-19
Claro,2.3831,-75.8823,LTE,1,20,2025-05-01
Claro,2.381,-75.8746,LTE,1,13,2025-05-01
Claro,2.3812,-75.8682,UMTS,1,9,2025-05-01
Claro,2.3828,-75.8574,LTE,1,19,2025-05-01
Claro,2.38291,-75.85403,LTE,2,28,2025-05-01
Claro,2.3829,-75.8529,UMTS,1,29,2025-05-01
Claro,2.3861,-75.8963,LTE,1,15,2026-08-19
Claro,2.38502,-75.89501,LTE,3,19,2026-08-19
Claro,2.3858,-75.888,LTE,1,3,2025-05-01
Claro,2.3851,-75.8844,LTE,1,6,2025-05-01
Claro,2.3846,-75.8653,LTE,1,21,2025-05-01
Claro,2.3885,-75.89582,LTE,2,8,2026-08-19
Claro,2.38825,-75.89475,LTE,2,18,2026-08-19
Claro,2.38945,-75.89081,LTE,2,11,2026-08-19
Claro,2.3879,-75.8881,LTE,1,10,2025-05-01
Claro,2.3868,-75.8651,UMTS,1,5,2025-05-01
Claro,2.3894,-75.8559,LTE,1,2,2025-05-01
Claro,2.3924,-75.8922,LTE,1,17,2025-05-01
Claro,2.39099,-75.86305,LTE,2,8,2025-05-01
Claro,2.393,-75.8615,LTE,1,10,2025-05-01
Claro,2.397,-75.8915,LTE,1,6,2025-05-01
Claro,2.401,-75.9312,UMTS,1,1,2025-09-17
Claro,2.4066,-75.9378,LTE,1,2,2025-09-17
Claro,2.40603,-75.93676,LTE,2,7,2025-09-17
Claro,2.4091,-75.9405,UMTS,1,1,2025-09-17
Claro,2.4092,-75.9404,UMTS,1,1,2025-09-17
Claro,2.4295,-75.8971,UMTS,1,19,2025-09-17
Claro,2.4363,-76.6109,LTE,1,1,2025-04-28
Claro,2.4407,-76.60765,LTE,2,2,2025-04-28
Claro,2.4643,-76.5891,LTE,1,1,2025-04-27
Claro,2.473,-75.9191,LTE,1,1,2025-11-03
Claro,2.4769,-76.5586,LTE,1,1,2025-04-16
Claro,2.47863,-75.93028,LTE,2,73,2025-11-03
Claro,2.5205,-76.5481,LTE,1,1,2025-04-27
Claro,2.6155,-76.5146,LTE,1,1,2025-04-27
Claro,2.6636,-76.5347,LTE,1,1,2025-04-27
Claro,2.7081,-76.54,LTE,1,1,2025-04-27
Claro,2.7878,-76.5518,LTE,1,1,2025-04-27
Claro,2.8347,-76.5388,LTE,1,1,2025-04-27
Claro,2.8953,-76.5486,LTE,1,1,2025-04-23
Claro,2.9073,-75.2814,LTE,1,3,2025-11-03
Claro,2.9105,-75.2812,UMTS,1,4,2026-05-15
Claro,2.9115,-75.2784,UMTS,1,25,2026-05-15
Claro,2.9226,-75.2911,UMTS,1,2,2026-04-17
Claro,2.92225,-75.2887,UMTS,3,20,2026-05-16
Claro,2.9226,-75.2846,UMTS,1,2,2026-04-17
Claro,2.9254,-76.5393,LTE,1,1,2025-04-27
Claro,2.9245,-75.2906,UMTS,1,2,2026-04-15
Claro,2.9249,-75.2879,UMTS,1,1,2026-04-13
Claro,2.9288,-75.2954,UMTS,1,2,2026-04-15
Claro,2.9271,-75.2916,UMTS,1,16,2026-04-15
Claro,2.9278,-75.28767,UMTS,3,3,2026-04-14
Claro,2.928,-75.2629,UMTS,1,15,2026-04-17
Claro,2.9314,-75.2941,UMTS,1,4,2026-04-15
Claro,2.93002,-75.29099,UMTS,2,11,2026-04-15
Claro,2.932,-75.2886,UMTS,1,21,2026-04-16
Claro,2.92998,-75.2855,UMTS,2,4,2026-04-15
Claro,2.9297,-75.2795,UMTS,1,1,2026-04-15
Claro,2.932,-75.2756,UMTS,1,1,2026-04-15
Claro,2.9306,-75.2624,UMTS,1,3,2026-04-17
Claro,2.9315,-75.2566,UMTS,1,1,2026-04-15
Claro,2.9328,-75.2993,UMTS,1,4,2026-05-16
Claro,2.9355,-75.2937,UMTS,1,3,2026-04-15
Claro,2.9326,-75.2527,UMTS,1,1,2026-04-15
Claro,2.942,-75.2974,UMTS,1,1,2026-04-13
Claro,2.9493,-75.3035,UMTS,1,5,2026-05-14
Claro,2.9607,-75.2928,UMTS,1,1,2026-04-13
Claro,2.9626,-75.2935,UMTS,1,6,2026-04-14
Claro,2.9641,-75.2914,UMTS,1,3,2026-04-14
Claro,2.9767,-76.5183,LTE,1,1,2025-04-23
Claro,2.9768,-75.3082,UMTS,1,2,2026-05-16
Claro,3.002,-76.4972,LTE,1,1,2025-04-27
Claro,3.0343,-75.2782,UMTS,1,2,2026-04-14
Claro,3.0721,-75.2993,UMTS,1,2,2026-05-16
Claro,3.0737,-76.4138,LTE,1,1,2025-05-07
Claro,3.1067,-75.2875,UMTS,1,1,2026-04-13
Claro,3.1133,-75.2865,UMTS,1,5,2026-05-16
Claro,3.1466,-76.4611,LTE,1,1,2025-04-27
Claro,3.2011,-75.2304,UMTS,1,5,2026-05-16
Claro,3.20625,-76.41975,LTE,2,2,2026-04-21
Claro,3.20964,-76.42276,LTE,2,19,2026-04-21
Claro,3.2129,-76.4301,LTE,3,4,2026-04-30
Claro,3.214,-76.4281,LTE,1,7,2026-04-21
Claro,3.2235,-76.504,LTE,1,1,2025-04-23
Claro,3.2226,-75.2451,UMTS,1,1,2026-04-13
Claro,3.2387,-76.3841,LTE,1,1,2025-04-27
Claro,3.2653,-75.2488,UMTS,1,26,2026-05-16
Claro,3.2651,-75.2423,UMTS,1,3,2026-05-16
Claro,3.3153,-76.5228,LTE,1,1,2025-04-23
Claro,3.344,-75.2122,UMTS,1,4,2026-05-16
Claro,3.3686,-76.5277,LTE,2,2,2025-04-23
Claro,3.3721,-76.5253,LTE,1,1,2025-04-23
Claro,3.3806,-76.5316,LTE,1,1,2025-04-23
Claro,3.3933,-76.3697,LTE,1,1,2025-04-27
Claro,3.4086,-75.1995,UMTS,1,1,2026-04-16
Claro,3.4267,-76.5309,LTE,1,9,2026-06-11
Claro,3.4355,-76.5207,LTE,1,1,2025-04-23
Claro,3.4423,-76.4613,LTE,1,1,2025-04-27
Claro,3.4617,-76.5045,LTE,1,1,2025-04-27
Claro,3.4628,-76.4999,LTE,1,50,2025-12-11
Claro,3.4651,-76.5016,LTE,2,2,2025-04-27
Claro,3.46497,-76.5014,LTE,3,3,2025-04-27
Claro,3.4683,-76.485,LTE,1,1,2025-04-23
Claro,3.4765,-76.5042,LTE,1,1,2025-04-27
Claro,3.504,-76.5177,LTE,1,1,2025-05-21
Claro,3.5209,-76.3562,LTE,1,1,2025-04-27
Claro,3.5347,-76.4916,LTE,1,49,2026-03-11
Claro,3.53675,-76.51085,LTE,2,2,2025-11-01
Claro,3.5398,-76.5092,LTE,2,2,2025-11-11
Claro,3.5442,-76.4197,LTE,1,1,2025-04-23
Claro,3.54641,-76.49066,UMTS,2,7,2026-02-13
Claro,3.5503,-76.4916,UMTS,1,4,2026-02-13
Claro,3.5587,-76.4881,UMTS,1,8,2026-02-13
Claro,3.5605,-76.4587,UMTS,1,5,2026-02-06
Claro,3.56102,-76.44522,UMTS,2,8,2026-02-13
Claro,3.5634,-76.4485,UMTS,1,10,2026-02-13
Claro,3.5695,-76.4852,UMTS,1,5,2026-02-13
Claro,3.5781,-76.4863,UMTS,1,1,2026-02-12
Claro,3.598,-75.1119,UMTS,1,4,2026-05-16
Claro,3.6131,-76.479,UMTS,1,6,2026-02-13
Claro,3.629,-76.4699,UMTS,1,1,2026-02-12
Claro,3.6558,-75.0887,UMTS,1,2,2026-05-16
Claro,3.6637,-76.4433,UMTS,1,4,2026-02-13
Claro,3.6725,-76.2989,LTE,1,1,2025-04-27
Claro,3.6837,-76.3041,LTE,1,1,2025-04-23
Claro,3.704,-76.4314,UMTS,1,6,2026-02-13
Claro,3.7203,-75.4879,UMTS,1,1,2026-03-12
Claro,3.72397,-75.4861,UMTS,6,12,2026-03-13
Claro,3.7246,-75.4761,UMTS,1,4,2026-03-13
Claro,3.7269,-75.4724,UMTS,1,2,2026-01-30
Claro,3.7258,-75.4644,UMTS,1,1,2025-06-12
Claro,3.7376,-75.4166,UMTS,1,1,2025-06-12
Claro,3.7552,-76.4105,UMTS,1,1,2026-02-12
Claro,3.7635,-76.4119,UMTS,1,1,2026-02-12
Claro,3.7815,-75.0703,UMTS,1,3,2026-05-16
Claro,3.7903,-76.3918,UMTS,1,1,2026-02-12
Claro,3.8071,-75.3242,UMTS,1,3,2026-03-13
Claro,3.8194,-76.3916,UMTS,1,3,2026-02-14
Claro,3.8318,-75.3122,UMTS,1,3,2026-03-13
Claro,3.8587,-76.3774,UMTS,1,1,2026-02-12
Claro,3.8593,-75.0518,UMTS,1,2,2026-05-14
Claro,3.8835,-77.0731,LTE,1,1,2025-04-05
Claro,3.88417,-77.07243,LTE,14,52,2025-10-28
Claro,3.8914,-77.0747,LTE,1,1,2025-08-23
Claro,3.8919,-76.3699,UMTS,1,1,2026-02-12
Claro,3.8958,-77.0719,UMTS,1,1,2025-07-05
Claro,3.8959,-76.3257,UMTS,1,6,2026-02-14
Claro,3.8986,-77.0745,UMTS,1,1,2025-07-04
Claro,3.9017,-76.3117,UMTS,1,4,2026-02-14
Claro,3.9161,-75.2283,UMTS,1,1,2025-12-03
Claro,3.9196,-76.2995,UMTS,1,17,2026-02-14
Claro,3.9274,-75.0192,UMTS,1,4,2026-05-16
Claro,3.9291,-75.2199,UMTS,1,2,2026-03-13
Claro,3.9361,-75.0633,UMTS,1,3,2026-05-16
Claro,3.9465,-75.0092,UMTS,1,2,2026-05-14
Claro,3.9663,-76.2593,UMTS,1,1,2026-02-12
Claro,3.9837,-75.0016,UMTS,1,5,2026-05-16
Claro,3.9871,-76.2378,LTE,1,1,2025-04-27
Claro,3.9966,-76.2314,LTE,1,1,2025-04-23
Claro,4.0182,-74.9649,UMTS,1,7,2026-05-16
Claro,4.0228,-74.9843,UMTS,1,4,2026-03-13
Claro,4.0296,-74.9686,UMTS,1,3,2026-01-30
Claro,4.039,-74.9568,UMTS,1,5,2026-05-14
Claro,4.0405,-74.9545,UMTS,1,4,2026-05-16
Claro,4.0559,-76.2019,UMTS,1,8,2026-02-14
Claro,4.0613,-74.9433,UMTS,1,7,2026-05-16
Claro,4.0686,-76.1788,UMTS,1,1,2026-02-12
Claro,4.0926,-74.9277,UMTS,1,8,2026-05-16
Claro,4.0959,-74.9231,UMTS,1,3,2026-04-14
Claro,4.1144,-74.9162,UMTS,1,1,2026-03-12
Claro,4.1218,-74.9148,UMTS,1,5,2026-05-16
Claro,4.1343,-74.46578,LTE,3,4,2025-06-17
Claro,4.1492,-74.9096,UMTS,1,4,2026-03-13
Claro,4.1508,-76.1795,UMTS,1,9,2026-02-14
Claro,4.15245,-74.88725,UMTS,2,2,2026-03-12
Claro,4.1573,-76.1767,LTE,1,1,2025-04-27
Claro,4.1625,-76.1755,UMTS,1,10,2026-02-14
Claro,4.1615,-74.8887,UMTS,1,1,2026-03-12
Claro,4.1676,-74.9067,UMTS,1,1,2026-05-12
Claro,4.1669,-74.9003,UMTS,2,2,2026-05-14
Claro,4.17345,-74.694,LTE,2,2,2026-06-28
Claro,4.1744,-74.491,UMTS,1,10,2026-03-03
Claro,4.1766,-76.1721,LTE,1,1,2025-04-23
Claro,4.1832,-74.866,UMTS,1,1,2026-05-14
Claro,4.1815,-74.6895,LTE,1,1,2026-06-27
Claro,4.1856,-74.9234,UMTS,1,12,2026-05-14
Claro,4.1862,-74.686,LTE,1,1,2026-06-29
Claro,4.1914,-74.8617,UMTS,1,1,2026-05-12
Claro,4.2058,-76.1543,UMTS,1,8,2026-02-14
Claro,4.2075,-74.6472,UMTS,1,3,2026-04-14
Claro,4.2048,-74.6442,UMTS,1,1,2026-03-06
Claro,4.2075,-74.6413,UMTS,1,3,2026-04-14
Claro,4.2089,-74.6497,UMTS,1,3,2025-07-26
Claro,4.2121,-76.1509,LTE,1,1,2025-04-27
Claro,4.213,-74.9554,UMTS,1,1,2025-06-13
Claro,4.2121,-74.6395,UMTS,1,2,2026-04-14
Claro,4.2139,-74.958,UMTS,1,1,2025-04-11
Claro,4.2143,-74.6758,UMTS,1,7,2026-06-19
Claro,4.2148,-74.6486,UMTS,1,8,2026-07-11
Claro,4.2154,-74.6399,UMTS,1,9,2026-07-09
Claro,4.2173,-74.9723,UMTS,1,3,2026-03-13
Claro,4.2192,-74.6786,UMTS,1,21,2026-07-11
Claro,4.2169,-74.6679,UMTS,1,20,2026-07-11
Claro,4.2173,-74.6626,UMTS,1,1,2025-12-04
Claro,4.2189,-74.6376,UMTS,1,2,2026-04-25
Claro,4.2216,-74.9753,UMTS,1,1,2026-04-10
Claro,4.2209,-74.9458,UMTS,1,11,2026-03-07
Claro,4.2207,-74.637,UMTS,1,5,2026-07-09
Claro,4.2225,-74.962,UMTS,1,9,2026-07-11
Claro,4.2237,-74.9423,UMTS,1,2,2026-03-16
Claro,4.2233,-74.6935,UMTS,1,21,2026-06-19
Claro,4.2242,-74.6361,UMTS,1,22,2025-11-29
Claro,4.2244,-74.6243,UMTS,1,1,2026-03-06
Claro,4.2277,-74.973,UMTS,1,9,2026-01-30
Claro,4.2271,-74.9565,UMTS,1,11,2026-04-18
Claro,4.2301,-74.9772,UMTS,1,18,2026-07-11
Claro,4.2286,-74.9638,UMTS,1,21,2026-04-11
Claro,4.2307,-74.9293,UMTS,1,1,2025-11-24
Claro,4.2286,-74.6218,UMTS,1,1,2026-03-06
Claro,4.2316,-74.9185,UMTS,1,4,2026-06-19
Claro,4.2344,-74.8985,UMTS,1,1,2026-05-11
Claro,4.2344,-74.7094,UMTS,1,1,2026-05-28
Claro,4.2326,-74.7069,LTE,1,8,2025-06-27
Claro,4.2333,-74.6231,UMTS,1,17,2026-06-13
Claro,4.233,-74.62,UMTS,1,1,2026-07-10
Claro,4.2355,-74.9794,UMTS,1,2,2026-01-28
Claro,4.2354,-74.9769,UMTS,1,5,2026-03-07
Claro,4.24,-74.8943,UMTS,1,9,2026-07-09
Claro,4.2418,-74.734,UMTS,1,4,2026-05-29
Claro,4.2424,-74.7288,UMTS,1,26,2026-07-11
Claro,4.2464,-74.9871,UMTS,1,26,2026-04-18
Claro,4.2473,-74.9933,UMTS,1,2,2025-08-02
Claro,4.2472,-74.8329,UMTS,1,1,2026-05-12
Claro,4.2489,-74.6188,LTE,1,6,2025-06-27
Claro,4.2518,-74.7696,UMTS,1,18,2026-07-09
Claro,4.2519,-74.7652,UMTS,1,4,2025-07-26
Claro,4.2505,-74.7582,UMTS,1,23,2026-07-11
Claro,4.2497,-74.7263,LTE,1,5,2025-06-27
Claro,4.2517,-74.6126,UMTS,1,1,2025-10-06
Claro,4.25481,-74.99449,UMTS,2,15,2026-04-17
Claro,4.2551,-74.8828,UMTS,1,26,2026-04-11
Claro,4.2526,-74.8649,UMTS,1,2,2025-07-30
Claro,4.2533,-74.852,UMTS,1,16,2026-07-11
Claro,4.2547,-74.8045,UMTS,1,21,2026-07-09
Claro,4.253,-74.7883,UMTS,1,5,2026-04-11
Claro,4.2553,-74.5307,UMTS,1,1,2025-04-07
Claro,4.2569,-76.1158,UMTS,1,7,2026-02-14
Claro,4.25657,-74.99042,UMTS,2,4,2026-06-10
Claro,4.2567,-74.8286,UMTS,1,6,2025-10-18
Claro,4.2557,-74.8248,UMTS,1,4,2026-01-31
Claro,4.2559,-74.8194,UMTS,1,26,2026-07-11
Claro,4.256,-74.8184,UMTS,1,5,2025-08-20
Claro,4.25638,-74.80924,UMTS,2,5,2026-05-16
Claro,4.2571,-74.79608,UMTS,2,5,2026-05-29
Claro,4.25608,-74.79287,UMTS,2,17,2026-07-11
Claro,4.2564,-74.7462,UMTS,1,1,2026-03-10
Claro,4.2578,-74.5973,UMTS,1,23,2026-07-11
Claro,4.256,-74.5961,UMTS,1,1,2025-12-04
Claro,4.25778,-74.54431,UMTS,2,9,2026-06-13
Claro,4.257,-74.5397,UMTS,1,16,2025-09-02
Claro,4.2585,-74.5346,UMTS,1,14,2025-09-09
Claro,4.25832,-74.5332,UMTS,2,12,2026-07-11
Claro,4.2588,-74.99523,UMTS,2,3,2026-06-13
Claro,4.2596,-74.5996,UMTS,1,1,2025-04-07
Claro,4.25963,-74.54911,LTE,3,9,2026-05-10
Claro,4.25952,-74.5469,UMTS,3,26,2026-06-19
Claro,4.2596,-74.5446,LTE,1,15,2025-06-27
Claro,4.2594,-74.537,UMTS,1,3,2025-08-02
Claro,4.2602,-74.5351,UMTS,1,1,2025-07-07
Claro,4.2592,-74.5335,UMTS,1,1,2026-07-10
Claro,4.2605,-74.5257,UMTS,1,7,2025-05-06
Claro,4.2627,-76.1105,UMTS,1,15,2026-02-14
Claro,4.26309,-74.55127,LTE,2,18,2025-06-27
Claro,4.26262,-74.52518,UMTS,2,12,2025-11-15
Claro,4.2625,-74.5241,UMTS,1,1,2025-10-06
Claro,4.2641,-74.516,UMTS,1,2,2025-07-22
Claro,4.2665,-75.0031,UMTS,1,2,2025-08-02
Claro,4.2667,-74.5602,UMTS,1,11,2026-07-09
Claro,4.2653,-74.5525,LTE,1,5,2025-06-27
Claro,4.2648,-74.5124,UMTS,1,1,2025-12-01
Claro,4.2695,-75.0049,UMTS,1,21,2026-04-18
Claro,4.2676,-74.5769,UMTS,1,1,2025-11-24
Claro,4.2688,-74.5588,LTE,1,12,2025-06-27
Claro,4.27011,-74.50175,UMTS,2,28,2026-06-19
Claro,4.2722,-74.4919,UMTS,1,1,2026-07-08
Claro,4.2735,-74.4891,UMTS,1,2,2025-09-13
Claro,4.2738,-74.4945,UMTS,1,21,2026-07-09
Claro,4.2804,-75.021,UMTS,1,3,2025-12-04
Claro,4.2796,-75.0185,UMTS,1,20,2026-07-11
Claro,4.2843,-74.4751,UMTS,1,12,2026-07-11
Claro,4.2828,-74.4728,UMTS,1,7,2026-06-13
Claro,4.2876,-74.776,UMTS,1,1,2026-03-10
Claro,4.2879,-74.4699,UMTS,1,25,2026-06-17
Claro,4.29078,-74.8053,UMTS,3,4,2026-03-11
Claro,4.2939,-75.0403,UMTS,1,8,2026-04-18
Claro,4.2938,-74.8066,UMTS,1,1,2025-10-06
Claro,4.2943,-74.4604,UMTS,1,3,2026-05-14
Claro,4.2953,-75.0387,UMTS,1,26,2026-04-18
Claro,4.2946,-74.8062,UMTS,1,1,2025-10-06
Claro,4.3002,-75.0498,UMTS,2,2,2025-06-09
Claro,4.2982,-75.0478,UMTS,1,15,2026-07-11
Claro,4.299,-74.8022,UMTS,1,1,2026-03-10
Claro,4.2999,-74.7988,UMTS,1,1,2026-03-10
Claro,4.3017,-74.449,UMTS,1,16,2026-07-09
Claro,4.3009,-74.4189,UMTS,1,1,2026-05-09
Claro,4.3059,-76.0894,UMTS,1,2,2026-02-14
Claro,4.304,-75.0534,UMTS,1,25,2026-07-11
Claro,4.304,-74.8143,UMTS,1,1,2025-11-10
Claro,4.3064,-74.4448,UMTS,1,2,2025-09-13
Claro,4.3085,-75.0585,UMTS,1,1,2025-11-24
Claro,4.3094,-74.4403,UMTS,1,22,2026-05-29
Claro,4.3117,-74.4393,UMTS,1,15,2026-06-19
Claro,4.3123,-74.4234,UMTS,1,4,2026-05-11
Claro,4.3142,-74.436,UMTS,1,22,2026-07-11
Claro,4.3167,-75.064,UMTS,1,1,2025-11-28
Claro,4.3164,-74.4328,UMTS,1,1,2025-09-12
Claro,4.31965,-75.07235,UMTS,2,28,2026-06-19
Claro,4.3223,-75.079,UMTS,1,1,2025-06-09
Claro,4.3216,-75.0758,UMTS,1,25,2026-07-11
Claro,4.3223,-74.4212,LTE,1,4,2025-06-27
Claro,4.3226,-74.4172,UMTS,1,12,2026-05-29
Claro,4.3244,-74.4113,UMTS,1,1,2025-09-12
Claro,4.3239,-74.3915,UMTS,1,2,2026-05-10
Claro,4.3269,-74.4012,UMTS,1,2,2026-05-27
Claro,4.3273,-74.3979,UMTS,1,2,2026-03-16
Claro,4.3271,-74.39445,UMTS,2,2,2026-05-12
Claro,4.3295,-74.417,UMTS,1,16,2026-06-13
Claro,4.32819,-74.3916,UMTS,2,10,2026-07-02
Claro,4.32929,-74.38805,UMTS,2,8,2026-07-03
Claro,4.3296,-74.3849,UMTS,1,18,2026-07-03
Claro,4.3303,-74.382,UMTS,1,12,2026-07-03
Claro,4.3308,-74.4178,UMTS,1,11,2026-07-11
Claro,4.3316,-74.4141,UMTS,1,4,2026-06-17
Claro,4.3317,-74.3957,UMTS,1,1,2025-09-12
Claro,4.3335,-74.3719,UMTS,1,8,2026-07-01
Claro,4.33301,-74.36955,UMTS,4,15,2026-07-03
Claro,4.3349,-74.3825,UMTS,1,5,2026-07-09
Claro,4.3352,-74.377,UMTS,1,23,2026-07-03
Claro,4.33496,-74.36964,UMTS,2,18,2026-07-01
Claro,4.3342,-74.368,UMTS,1,6,2026-05-10
Claro,4.3386,-76.0668,LTE,1,1,2025-04-23
Claro,4.3381,-75.0994,UMTS,1,15,2026-04-17
Claro,4.3377,-74.4082,UMTS,1,15,2026-07-11
Claro,4.3367,-74.3992,UMTS,1,6,2026-05-10
Claro,4.3373,-74.3669,UMTS,1,11,2026-05-26
Claro,4.3376,-74.3627,UMTS,1,1,2025-08-01
Claro,4.3406,-74.3743,UMTS,1,6,2026-05-10
Claro,4.3422,-74.369,UMTS,1,1,2025-11-24
Claro,4.34093,-74.36595,UMTS,2,8,2026-05-10
Claro,4.34045,-74.36377,UMTS,5,47,2026-05-26
Claro,4.3404,-74.3622,UMTS,1,2,2025-11-25
Claro,4.3439,-74.37275,UMTS,2,19,2026-05-10
Claro,4.3453,-74.3576,UMTS,1,1,2025-11-24
Claro,4.3477,-74.3939,UMTS,1,1,2025-04-11
Claro,4.3484,-74.3922,UMTS,1,15,2025-10-11
Claro,4.3478,-74.3741,UMTS,1,5,2026-07-09
Claro,4.3524,-76.0249,UMTS,1,1,2026-02-12
Claro,4.3527,-75.1149,UMTS,1,7,2025-12-02
Claro,4.354,-74.3838,UMTS,1,24,2026-07-09
Claro,4.35221,-74.37844,UMTS,2,7,2026-06-17
Claro,4.3528,-74.3769,UMTS,1,13,2026-06-17
Claro,4.3559,-75.1216,UMTS,1,24,2026-06-19
Claro,4.3568,-75.1188,UMTS,1,23,2026-07-11
Claro,4.3605,-75.1249,UMTS,1,6,2026-04-17
Claro,4.36197,-74.38242,LTE,2,36,2026-07-11
Claro,4.3621,-74.3783,UMTS,1,22,2026-07-09
Claro,4.3659,-75.1359,UMTS,1,1,2026-03-06
Claro,4.3646,-74.7845,UMTS,1,1,2025-11-10
Claro,4.3661,-74.3804,UMTS,1,4,2026-04-22
Claro,4.3671,-75.1246,UMTS,1,3,2026-01-27
Claro,4.3688,-74.3914,UMTS,1,7,2025-10-11
Claro,4.3699,-75.9453,UMTS,1,7,2026-02-14
Claro,4.3715,-75.1399,UMTS,1,9,2026-07-11
Claro,4.3703,-74.3832,UMTS,1,3,2026-05-11
Claro,4.37338,-75.14116,UMTS,2,34,2026-06-19
Claro,4.374,-74.3836,UMTS,1,2,2025-07-30
Claro,4.3772,-74.3846,UMTS,1,21,2026-07-11
Claro,4.3804,-75.1475,UMTS,1,23,2026-06-19
Claro,4.3835,-74.387,UMTS,1,19,2026-07-03
Claro,4.3875,-75.1566,UMTS,1,2,2026-01-27
Claro,4.3855,-75.1542,UMTS,1,1,2025-06-12
Claro,4.3864,-74.391,UMTS,1,2,2026-05-16
Claro,4.3903,-75.1612,UMTS,1,5,2026-02-14
Claro,4.3884,-74.3913,UMTS,1,1,2026-06-18
Claro,4.3905,-75.1624,UMTS,1,2,2026-07-11
Claro,4.3961,-74.7518,UMTS,1,1,2025-11-10
Claro,4.3975,-75.156,UMTS,1,12,2026-03-16
Claro,4.3995,-75.1531,UMTS,1,27,2026-06-10
Claro,4.3987,-75.1428,UMTS,1,1,2025-08-19
Claro,4.4013,-75.1746,UMTS,1,1,2025-10-10
Claro,4.40024,-74.38884,UMTS,2,30,2026-07-09
Claro,4.4051,-75.1788,UMTS,1,19,2026-04-18
Claro,4.4034,-75.1731,UMTS,1,8,2026-03-11
Claro,4.4046,-75.1599,UMTS,1,1,2025-08-19
Claro,4.4042,-74.3837,UMTS,1,1,2025-05-26
Claro,4.4029,-74.382,UMTS,1,2,2025-09-02
Claro,4.4079,-75.2998,UMTS,1,20,2026-06-13
Claro,4.4072,-75.2824,UMTS,1,3,2026-01-31
Claro,4.4073,-75.179,UMTS,1,3,2025-12-04
Claro,4.4067,-75.1766,UMTS,1,2,2026-06-17
Claro,4.4073,-75.174,UMTS,1,2,2025-08-02
Claro,4.40749,-74.38981,UMTS,2,20,2026-07-03
Claro,4.4081,-74.3883,UMTS,1,9,2026-07-11
Claro,4.4086,-75.8859,UMTS,1,5,2026-02-14
Claro,4.4113,-75.3392,UMTS,1,25,2026-06-13
Claro,4.4093,-75.3008,UMTS,1,6,2026-01-31
Claro,4.40904,-75.27898,UMTS,2,5,2025-06-14
Claro,4.4097,-75.2767,UMTS,1,14,2026-06-13
Claro,4.4098,-75.272,LTE,1,1,2026-08-26
Claro,4.4087,-75.1792,UMTS,1,3,2026-04-17
Claro,4.4111,-75.1702,UMTS,1,1,2025-08-19
Claro,4.4093,-75.16,UMTS,1,1,2025-07-31
Claro,4.4095,-74.714,UMTS,1,1,2025-11-10
Claro,4.4095,-74.3915,UMTS,2,2,2026-03-06
Claro,4.4086,-74.3894,UMTS,2,2,2025-10-17
Claro,4.4117,-75.3329,UMTS,1,11,2026-01-31
Claro,4.4123,-75.31,UMTS,1,1,2026-03-02
Claro,4.4118,-75.2681,UMTS,1,8,2026-02-14
Claro,4.4132,-75.1729,UMTS,1,1,2025-07-31
Claro,4.4136,-74.389,UMTS,1,6,2026-06-17
Claro,4.4151,-75.3195,UMTS,1,1,2026-01-30
Claro,4.4167,-75.2525,UMTS,1,8,2026-05-12
Claro,4.4154,-75.1856,UMTS,1,26,2026-07-11
Claro,4.416,-75.1738,UMTS,1,1,2025-11-13
Claro,4.4149,-74.3931,UMTS,1,1,2025-06-20
Claro,4.4204,-75.3756,UMTS,1,26,2026-06-10
Claro,4.4179,-75.3694,UMTS,1,15,2026-04-11
Claro,4.4182,-75.2525,UMTS,1,1,2025-10-10
Claro,4.419,-75.2489,UMTS,1,4,2025-10-07
Claro,4.4176,-75.1957,UMTS,1,27,2026-07-09
Claro,4.4182,-75.1892,UMTS,1,2,2026-01-27
Claro,4.4198,-75.1847,UMTS,1,1,2026-04-16
Claro,4.4194,-75.143,UMTS,1,2,2025-12-04
Claro,4.4212,-75.8626,UMTS,1,1,2026-02-12
Claro,4.4209,-75.4321,UMTS,1,24,2026-06-13
Claro,4.4227,-75.2209,UMTS,1,7,2026-03-13
Claro,4.42294,-75.21851,UMTS,2,16,2026-06-10
Claro,4.4212,-75.2111,UMTS,1,19,2026-05-12
Claro,4.4217,-75.2055,UMTS,1,6,2026-04-07
Claro,4.424,-75.2197,UMTS,1,1,2025-09-08
Claro,4.4244,-75.2062,UMTS,1,18,2026-05-27
Claro,4.4255,-75.1968,UMTS,1,2,2026-03-16
Claro,4.4262,-75.19483,UMTS,2,8,2026-07-09
Claro,4.4259,-75.193,UMTS,1,2,2026-04-23
Claro,4.4263,-75.1632,UMTS,1,1,2025-07-07
Claro,4.4244,-75.1557,UMTS,1,1,2025-07-31
Claro,4.4245,-74.388,UMTS,1,1,2026-06-09
Claro,4.4283,-75.3909,UMTS,1,17,2026-06-10
Claro,4.4291,-75.2297,UMTS,1,14,2026-07-11
Claro,4.427,-75.2295,UMTS,1,9,2026-03-13
Claro,4.4285,-75.2181,UMTS,1,1,2025-09-08
Claro,4.4278,-75.1987,UMTS,1,1,2026-04-16
Claro,4.4265,-75.1948,UMTS,1,9,2026-04-18
Claro,4.4267,-75.1238,UMTS,1,10,2026-03-16
Claro,4.4307,-75.394,UMTS,1,16,2026-06-13
Claro,4.4296,-75.2334,UMTS,1,1,2025-09-08
Claro,4.4324,-75.2288,UMTS,1,8,2026-06-19
Claro,4.4313,-75.2119,UMTS,1,1,2025-08-19
Claro,4.4311,-75.21093,UMTS,2,12,2026-04-23
Claro,4.4299,-75.2068,UMTS,1,27,2025-05-10
Claro,4.4297,-75.1804,UMTS,1,2,2025-07-30
Claro,4.4322,-75.154,UMTS,1,6,2026-03-16
Claro,4.4352,-75.5042,UMTS,1,4,2026-04-07
Claro,4.4342,-75.4583,UMTS,1,6,2026-06-10
Claro,4.4354,-75.4556,UMTS,1,12,2026-06-13
Claro,4.4349,-75.4498,UMTS,1,9,2026-06-10
Claro,4.43406,-75.23525,UMTS,2,14,2026-07-11
Claro,4.4337,-75.2255,UMTS,1,27,2026-06-18
Claro,4.4353,-75.2161,UMTS,1,8,2026-03-15
Claro,4.43319,-75.21314,UMTS,5,28,2026-07-11
Claro,4.4338,-75.2079,UMTS,1,19,2026-06-18
Claro,4.4341,-75.2008,UMTS,1,4,2026-06-17
Claro,4.43513,-75.19843,UMTS,2,20,2026-07-09
Claro,4.4332,-74.3857,UMTS,1,25,2026-07-11
Claro,4.4378,-75.4968,UMTS,1,8,2026-06-10
Claro,4.4378,-75.4859,UMTS,1,14,2026-06-13
Claro,4.4377,-75.4768,UMTS,1,3,2025-11-29
Claro,4.4369,-75.4669,UMTS,1,10,2026-06-10
Claro,4.4362,-75.4565,UMTS,1,12,2025-10-11
Claro,4.4364,-75.4407,UMTS,1,9,2025-10-07
Claro,4.4375,-75.4377,UMTS,1,9,2025-10-11
Claro,4.4364,-75.4014,UMTS,1,11,2026-06-10
Claro,4.4367,-75.2393,UMTS,1,6,2025-08-20
Claro,4.43669,-75.22855,UMTS,5,66,2026-07-11
Claro,4.437,-75.2248,UMTS,1,24,2026-07-11
Claro,4.4359,-75.2085,UMTS,1,1,2026-06-16
Claro,4.4371,-75.208,UMTS,1,3,2026-06-18
Claro,4.4361,-75.2034,UMTS,1,21,2026-07-11
Claro,4.43727,-75.20195,UMTS,4,25,2026-07-11
Claro,4.437,-75.1976,UMTS,1,1,2025-06-10
Claro,4.43621,-75.18909,UMTS,2,14,2025-08-01
Claro,4.4361,-75.1747,UMTS,1,50,2025-07-30
Claro,4.4367,-75.1362,UMTS,1,4,2025-06-13
Claro,4.4382,-74.6791,UMTS,1,1,2025-11-10
Claro,4.44,-75.8465,UMTS,1,1,2026-02-12
Claro,4.44107,-75.51047,UMTS,2,7,2026-06-10
Claro,4.4392,-75.4949,UMTS,1,9,2026-02-14
Claro,4.4387,-75.4837,UMTS,1,6,2026-04-07
Claro,4.43901,-75.4339,UMTS,2,23,2026-06-13
Claro,4.4402,-75.4308,UMTS,1,11,2026-06-10
Claro,4.4415,-75.4273,UMTS,1,7,2026-03-07
Claro,4.4415,-75.4226,UMTS,1,3,2026-04-07
Claro,4.44125,-75.41995,UMTS,2,30,2026-06-13
Claro,4.4402,-75.2375,UMTS,1,14,2026-04-23
Claro,4.4411,-75.2312,UMTS,1,21,2026-06-19
Claro,4.43921,-75.22726,UMTS,3,17,2026-06-18
Claro,4.43924,-75.22546,UMTS,3,29,2026-06-19
Claro,4.4409,-75.2221,UMTS,1,4,2026-05-28
Claro,4.43863,-75.21953,UMTS,2,9,2026-04-24
Claro,4.44082,-75.20945,UMTS,3,19,2026-07-10
Claro,4.44038,-75.20413,UMTS,2,12,2026-06-19
Claro,4.4408,-75.1992,UMTS,1,3,2026-07-11
Claro,4.4391,-75.1872,UMTS,1,2,2025-07-08
Claro,4.4422,-75.5038,UMTS,1,7,2026-06-13
Claro,4.4419,-75.4271,UMTS,1,3,2025-07-26
Claro,4.4418,-75.2399,UMTS,1,12,2025-11-13
Claro,4.44188,-75.2373,UMTS,2,4,2026-06-19
Claro,4.44202,-75.23524,UMTS,3,23,2026-06-18
Claro,4.4421,-75.231,UMTS,1,26,2026-05-28
Claro,4.44321,-75.222,UMTS,4,23,2026-07-11
Claro,4.4432,-75.21678,UMTS,3,25,2026-07-11
Claro,4.44323,-75.20723,UMTS,2,19,2026-07-11
Claro,4.44311,-75.20513,UMTS,4,23,2026-07-11
Claro,4.4432,-75.1733,UMTS,1,1,2025-06-13
Claro,4.4435,-75.1706,UMTS,1,10,2025-08-02
Claro,4.4449,-75.2374,UMTS,1,5,2026-05-28
Claro,4.4474,-75.165,UMTS,1,24,2025-06-11
Claro,4.4468,-75.1545,UMTS,1,7,2025-06-14
Claro,4.4464,-75.1494,UMTS,1,1,2025-06-13
Claro,4.4494,-75.8162,UMTS,1,1,2026-02-12
Claro,4.4476,-75.5219,UMTS,1,16,2026-04-07
Claro,4.4486,-75.2366,UMTS,1,4,2026-03-15
Claro,4.4503,-75.2307,UMTS,1,6,2026-03-15
Claro,4.44955,-75.20036,UMTS,4,66,2026-03-15
Claro,4.4493,-75.145,UMTS,2,10,2025-06-14
Claro,4.4492,-75.1407,UMTS,1,1,2025-06-10
Claro,4.4506,-75.141,UMTS,1,11,2025-06-14
Claro,4.4512,-74.3842,UMTS,1,2,2026-03-10
Claro,4.455,-75.791,UMTS,1,9,2026-02-14
Claro,4.4556,-75.5319,UMTS,1,13,2026-06-10
Claro,4.4553,-75.2044,UMTS,1,1,2025-09-12
Claro,4.454,-74.3795,UMTS,1,1,2026-07-08
Claro,4.4592,-75.2044,UMTS,1,2,2026-03-15
Claro,4.4586,-74.6378,UMTS,1,1,2025-11-10
Claro,4.4592,-74.6342,UMTS,1,1,2025-11-10
Claro,4.4586,-74.6304,UMTS,1,1,2025-11-10
Claro,4.4615,-74.8023,UMTS,1,15,2026-05-09
Claro,4.4637,-75.7423,UMTS,1,2,2026-02-14
Claro,4.4655,-75.5419,UMTS,1,13,2026-06-10
Claro,4.4638,-74.3768,UMTS,1,2,2026-07-09
Claro,4.4684,-75.7718,UMTS,1,1,2026-02-12
Claro,4.4673,-75.55,UMTS,1,1,2025-05-05
Claro,4.4691,-75.5509,UMTS,1,1,2025-09-01
Claro,4.4744,-74.7994,UMTS,1,50,2026-05-09
Claro,4.4742,-74.6105,UMTS,1,1,2025-11-10
Claro,4.4721,-74.3773,UMTS,1,23,2026-07-11
Claro,4.4747,-75.5592,UMTS,1,16,2026-06-10
Claro,4.4804,-75.5531,UMTS,1,5,2026-06-13
Claro,4.4778,-74.2602,UMTS,1,2,2025-08-09
Claro,4.4856,-74.2598,UMTS,1,2,2025-11-25
Claro,4.4881,-75.6952,UMTS,1,2,2026-02-14
Claro,4.4884,-75.5663,UMTS,1,12,2026-06-10
Claro,4.4876,-74.3732,UMTS,1,8,2026-05-26
Claro,4.487,-74.1016,UMTS,1,1,2025-06-07
Claro,4.4901,-74.2596,UMTS,1,2,2026-06-17
Claro,4.4951,-75.5723,UMTS,1,3,2026-06-10
Claro,4.4932,-74.3686,UMTS,1,20,2026-07-11
Claro,4.49363,-74.25809,UMTS,4,9,2026-06-17
Claro,4.4957,-75.5686,UMTS,1,7,2026-06-10
Claro,4.4961,-74.3691,UMTS,1,16,2026-07-11
Claro,4.4962,-74.2569,UMTS,1,1,2025-08-08
Claro,4.4987,-74.2548,UMTS,1,5,2026-03-03
Claro,4.5006,-74.1062,UMTS,1,1,2025-06-07
Claro,4.5028,-75.569,UMTS,1,1,2026-01-26
Claro,4.5025,-74.2514,UMTS,1,2,2025-11-25
Claro,4.5018,-74.247,LTE,1,2,2025-12-09
Claro,4.5067,-75.6932,UMTS,1,5,2026-03-03
Claro,4.507,-74.3655,UMTS,1,1,2025-05-16
Claro,4.50936,-75.69002,UMTS,4,5,2026-05-12
Claro,4.5098,-74.3615,UMTS,1,8,2026-05-29
Claro,4.5091,-74.1173,UMTS,1,2,2025-06-09
Claro,4.513,-75.6933,UMTS,1,3,2026-03-03
Claro,4.5131,-75.6879,UMTS,1,1,2026-01-26
Claro,4.5115,-74.3603,UMTS,1,20,2026-07-11
Claro,4.5106,-74.2481,UMTS,1,3,2025-10-07
Claro,4.5165,-75.6893,UMTS,1,1,2026-01-26
Claro,4.5136,-75.6507,UMTS,1,4,2026-02-14
Claro,4.5161,-75.5819,UMTS,1,5,2026-06-10
Claro,4.518,-75.7015,UMTS,1,2,2025-10-11
Claro,4.5169,-75.6979,UMTS,1,9,2026-04-11
Claro,4.51812,-75.68727,UMTS,2,16,2026-05-12
Claro,4.5172,-74.6003,UMTS,1,1,2025-11-10
Claro,4.5168,-74.3531,UMTS,1,25,2026-07-01
Claro,4.5213,-75.6984,UMTS,1,13,2025-10-08
Claro,4.5219,-75.6857,UMTS,1,1,2026-01-26
Claro,4.5222,-75.6848,UMTS,1,1,2026-01-26
Claro,4.5219,-75.6114,UMTS,1,2,2026-01-27
Claro,4.521,-75.5907,UMTS,1,25,2026-06-13
Claro,4.5198,-74.5689,UMTS,1,1,2025-11-10
Claro,4.5215,-74.3447,UMTS,1,26,2026-05-16
Claro,4.5237,-75.6978,UMTS,1,7,2025-10-11
Claro,4.523,-75.6899,UMTS,1,11,2026-04-07
Claro,4.52432,-75.68442,UMTS,3,20,2026-06-10
Claro,4.5228,-75.608,UMTS,1,25,2026-06-13
Claro,4.5234,-74.343,UMTS,1,20,2026-07-09
Claro,4.5251,-73.928,UMTS,1,1,2025-04-28
Claro,4.5283,-75.6825,UMTS,1,7,2025-10-11
Claro,4.5282,-75.6824,UMTS,1,23,2026-06-13
Claro,4.5261,-75.629,UMTS,1,9,2026-02-14
Claro,4.5282,-74.3301,UMTS,1,21,2026-04-22
Claro,4.5281,-74.2446,UMTS,1,5,2026-06-17
Claro,4.5279,-73.9229,UMTS,1,1,2025-04-28
Claro,4.52997,-75.68011,UMTS,3,31,2026-06-13
Claro,4.5309,-75.6786,UMTS,1,16,2026-06-10
Claro,4.53101,-75.67435,UMTS,3,12,2026-04-07
Claro,4.53082,-75.67129,UMTS,2,10,2026-06-13
Claro,4.5314,-75.6388,UMTS,1,7,2025-09-02
Claro,4.53024,-75.63729,UMTS,2,25,2026-06-10
Claro,4.5314,-74.2751,UMTS,1,1,2026-04-23
Claro,4.5304,-73.9284,UMTS,1,1,2025-04-28
Claro,4.5298,-73.922,UMTS,1,1,2025-04-28
Claro,4.5334,-75.6807,UMTS,1,7,2026-01-29
Claro,4.53234,-75.67809,UMTS,2,31,2026-06-13
Claro,4.5322,-75.6746,UMTS,1,15,2026-05-12
Claro,4.5323,-75.6684,UMTS,1,4,2025-09-06
Claro,4.5332,-75.664,UMTS,1,20,2026-06-11
Claro,4.5343,-75.6468,UMTS,1,21,2026-06-13
Claro,4.53308,-75.6423,UMTS,2,32,2026-06-10
Claro,4.5341,-74.3088,UMTS,1,1,2026-07-10
Claro,4.5351,-76.0136,LTE,1,1,2025-04-23
Claro,4.5368,-76.0122,LTE,1,1,2025-04-27
Claro,4.5364,-75.67425,UMTS,5,40,2026-01-26
Claro,4.53534,-75.67073,UMTS,2,7,2026-01-29
Claro,4.5359,-75.6673,UMTS,1,6,2026-01-29
Claro,4.5358,-75.6591,UMTS,1,11,2026-04-07
Claro,4.5356,-75.6541,UMTS,1,8,2026-05-12
Claro,4.5352,-75.647,UMTS,1,1,2026-01-26
Claro,4.5346,-75.6402,UMTS,2,2,2026-01-26
Claro,4.5358,-74.5555,UMTS,1,1,2025-11-10
Claro,4.5373,-74.3012,UMTS,1,22,2026-05-29
Claro,4.53683,-74.27217,UMTS,2,3,2025-09-06
Claro,4.5374,-74.1622,UMTS,1,1,2025-11-30
Claro,4.5381,-75.6773,UMTS,1,1,2026-04-10
Claro,4.53929,-75.67196,UMTS,3,28,2026-04-11
Claro,4.5387,-75.6592,UMTS,1,16,2026-06-13
Claro,4.5394,-75.6051,UMTS,1,4,2025-06-10
Claro,4.5395,-74.2952,UMTS,1,3,2026-08-25
Claro,4.5383,-74.2827,UMTS,1,16,2026-02-14
Claro,4.5387,-74.2685,UMTS,1,15,2026-01-31
Claro,4.5396,-74.2625,UMTS,1,2,2025-04-13
Claro,4.5377,-74.1691,UMTS,1,1,2025-11-30
Claro,4.5427,-75.67833,UMTS,2,3,2025-10-11
Claro,4.5417,-75.6756,UMTS,1,4,2025-10-11
Claro,4.54323,-75.65987,UMTS,3,3,2026-01-26
Claro,4.5434,-75.6565,UMTS,1,6,2026-04-07
Claro,4.5405,-75.6485,UMTS,1,18,2026-02-14
Claro,4.5426,-74.30485,UMTS,2,2,2026-03-06
Claro,4.5422,-74.2696,UMTS,1,1,2025-07-28
Claro,4.5416,-74.2651,UMTS,1,23,2026-01-31
Claro,4.5431,-74.2591,UMTS,1,8,2026-08-25
Claro,4.5413,-74.2557,UMTS,1,4,2026-02-03
Claro,4.5447,-75.6697,UMTS,1,1,2026-06-12
Claro,4.5455,-75.6625,UMTS,1,1,2025-11-28
Claro,4.5437,-75.6615,UMTS,1,5,2025-11-25
Claro,4.54494,-75.65795,UMTS,2,8,2026-04-07
Claro,4.5446,-74.2523,UMTS,1,24,2026-07-11
Claro,4.5461,-74.1502,UMTS,1,1,2025-11-30
Claro,4.5453,-73.9259,UMTS,1,1,2025-04-28
Claro,4.5475,-76.0004,LTE,1,1,2025-04-23
Claro,4.5489,-75.6667,UMTS,1,7,2025-09-06
Claro,4.5471,-75.6622,UMTS,1,2,2025-11-29
Claro,4.54837,-75.65707,UMTS,2,9,2026-06-11
Claro,4.5468,-74.301,UMTS,1,1,2025-06-13
Claro,4.5477,-74.2907,UMTS,1,1,2026-01-20
Claro,4.549,-74.1559,UMTS,1,1,2025-11-30
Claro,4.5491,-74.0894,UMTS,1,1,2025-06-20
Claro,4.55097,-75.66377,UMTS,2,18,2025-09-06
Claro,4.5505,-74.2783,UMTS,1,11,2026-08-25
Claro,4.5497,-74.2429,UMTS,1,20,2026-07-09
Claro,4.5508,-74.242,UMTS,1,15,2026-06-13
Claro,4.5496,-74.0877,UMTS,1,1,2025-12-14
Claro,4.5518,-74.0861,UMTS,1,1,2025-05-29
Claro,4.5527,-75.6645,UMTS,1,6,2026-06-13
Claro,4.5539,-75.6522,UMTS,1,6,2026-01-29
Claro,4.5541,-74.5337,UMTS,1,1,2025-11-10
Claro,4.5551,-74.2358,UMTS,1,4,2026-05-29
Claro,4.5532,-74.1518,UMTS,1,1,2025-11-30
Claro,4.5554,-74.0931,UMTS,1,1,2025-06-20
Claro,4.556,-75.6635,UMTS,1,14,2025-06-14
Claro,4.5574,-75.6613,UMTS,1,1,2025-09-05
Claro,4.5577,-75.6563,UMTS,1,1,2025-11-28
Claro,4.5558,-74.2365,UMTS,1,23,2026-07-11
Claro,4.5559,-74.0842,UMTS,1,1,2025-06-20
Claro,4.559,-75.6478,UMTS,1,1,2026-01-26
Claro,4.5585,-74.2531,UMTS,1,5,2025-06-17
Claro,4.5611,-74.23,UMTS,1,19,2026-06-20
Claro,4.5601,-74.0996,UMTS,1,1,2026-04-19
Claro,4.55902,-74.08982,UMTS,2,6,2026-05-24
Claro,4.5611,-74.0851,UMTS,1,1,2025-12-14
Claro,4.5622,-74.2307,UMTS,1,26,2026-07-09
Claro,4.56301,-74.22983,UMTS,2,7,2026-04-25
Claro,4.562,-74.1499,UMTS,1,1,2025-11-30
Claro,4.5637,-74.0999,UMTS,1,1,2026-04-19
Claro,4.5617,-74.0981,UMTS,1,1,2025-06-20
Claro,4.5618,-74.0902,UMTS,1,1,2025-07-02
Claro,4.5636,-74.0886,UMTS,1,2,2025-07-04
Claro,4.567,-75.6504,UMTS,1,2,2025-11-29
Claro,4.5657,-75.6424,UMTS,1,3,2026-04-07
Claro,4.567,-75.6361,UMTS,1,1,2025-05-09
Claro,4.56565,-74.22799,UMTS,2,37,2026-04-19
Claro,4.5656,-74.1357,LTE,2,2,2026-01-05
Claro,4.5645,-74.1253,UMTS,1,1,2025-05-04
Claro,4.5649,-74.0974,UMTS,1,2,2025-12-16
Claro,4.5659,-74.0896,UMTS,1,1,2025-09-05
Claro,4.5664,-73.9599,UMTS,1,1,2025-04-28
Claro,4.5677,-75.6521,UMTS,1,2,2025-07-26
Claro,4.5691,-75.6472,UMTS,1,4,2026-03-03
Claro,4.5676,-75.6421,UMTS,1,2,2026-04-07
Claro,4.5698,-74.2355,UMTS,1,1,2025-10-25
Claro,4.5688,-74.2316,UMTS,1,7,2025-10-26
Claro,4.56861,-74.22679,UMTS,2,49,2026-07-01
Claro,4.5679,-74.1066,UMTS,1,1,2025-07-26
Claro,4.5703,-74.0975,UMTS,1,8,2026-04-04
Claro,4.56955,-74.09385,UMTS,2,6,2026-07-12
Claro,4.56982,-74.0874,UMTS,5,26,2026-07-15
Claro,4.5697,-74.0863,UMTS,1,20,2026-07-04
Claro,4.5703,-74.083,UMTS,1,3,2026-02-01
Claro,4.5727,-74.4967,UMTS,1,1,2025-11-10
Claro,4.5706,-74.258,UMTS,1,7,2026-08-25
Claro,4.5719,-74.2397,UMTS,1,7,2025-10-26
Claro,4.57095,-74.22606,UMTS,2,32,2026-07-11
Claro,4.5719,-74.1585,UMTS,1,1,2025-11-30
Claro,4.5728,-74.1473,UMTS,1,24,2025-06-29
Claro,4.5723,-74.1357,UMTS,1,50,2025-08-03
Claro,4.5713,-74.1247,UMTS,1,1,2025-05-04
Claro,4.57312,-74.09941,UMTS,2,34,2026-06-08
Claro,4.57194,-74.09608,UMTS,3,19,2026-06-27
Claro,4.5732,-74.0953,UMTS,1,10,2026-07-12
Claro,4.57167,-74.0912,UMTS,6,74,2026-07-15
Claro,4.5722,-74.0884,UMTS,1,11,2026-07-04
Claro,4.57313,-74.08501,UMTS,2,24,2026-07-07
Claro,4.57252,-74.08161,UMTS,3,30,2026-07-07
Claro,4.5757,-75.6463,UMTS,1,19,2026-06-13
Claro,4.57564,-74.22319,LTE,3,57,2026-07-09
Claro,4.57587,-74.22057,UMTS,2,21,2026-06-20
Claro,4.5764,-74.1752,UMTS,1,1,2026-05-10
Claro,4.5753,-74.1542,UMTS,1,6,2025-06-29
Claro,4.5749,-74.1355,UMTS,1,1,2025-06-07
Claro,4.5744,-74.122,UMTS,1,3,2026-07-01
Claro,4.57569,-74.10797,UMTS,2,26,2026-07-12
Claro,4.57579,-74.1065,UMTS,2,20,2026-07-15
Claro,4.57563,-74.10232,UMTS,2,22,2026-07-15
Claro,4.5741,-74.1011,UMTS,1,24,2026-07-07
Claro,4.57514,-74.09308,UMTS,2,25,2026-07-09
Claro,4.574,-74.0918,UMTS,1,26,2026-07-12
Claro,4.5762,-74.0872,UMTS,1,23,2026-07-07
Claro,4.5792,-75.6447,UMTS,2,5,2026-01-26
Claro,4.5795,-74.2586,LTE,1,3,2025-10-19
Claro,4.5784,-74.2535,LTE,1,7,2025-10-23
Claro,4.57792,-74.25015,LTE,2,11,2026-07-03
Claro,4.5794,-74.2383,UMTS,1,1,2026-04-24
Claro,4.57826,-74.22634,LTE,2,8,2025-10-19
Claro,4.5786,-74.22274,LTE,11,41,2026-06-17
Claro,4.57859,-74.21989,LTE,6,18,2025-12-10
Claro,4.5791,-74.2183,LTE,1,1,2025-10-17
Claro,4.579,-74.1796,UMTS,1,11,2026-06-14
Claro,4.57888,-74.17878,UMTS,2,13,2026-06-14
Claro,4.579,-74.1679,UMTS,1,6,2026-04-27
Claro,4.57848,-74.14275,UMTS,2,10,2026-06-30
Claro,4.5771,-74.1286,UMTS,1,18,2025-08-03
Claro,4.5792,-74.1258,UMTS,1,1,2025-08-02
Claro,4.57783,-74.11787,UMTS,2,3,2025-11-27
Claro,4.5785,-74.1155,UMTS,1,2,2026-05-01
Claro,4.5779,-74.1115,UMTS,1,6,2026-06-28
Claro,4.5768,-74.1077,UMTS,1,14,2026-06-09
Claro,4.57873,-74.1066,UMTS,2,20,2026-07-01
Claro,4.5795,-74.1019,UMTS,1,6,2026-07-07
Claro,4.5776,-74.0976,UMTS,1,24,2026-07-04
Claro,4.5778,-74.0929,UMTS,1,17,2026-07-15
Claro,4.5792,-74.0912,UMTS,1,17,2026-06-29
Claro,4.5789,-74.0894,UMTS,1,21,2026-07-03
Claro,4.57705,-74.0835,UMTS,2,22,2026-07-04
Claro,4.5778,-74.078,UMTS,1,5,2026-07-07
Claro,4.5802,-75.6441,UMTS,1,3,2026-04-07
Claro,4.58131,-74.26147,LTE,3,8,2026-08-25
Claro,4.5801,-74.2604,LTE,1,6,2025-10-23
Claro,4.5798,-74.2571,LTE,1,2,2025-10-19
Claro,4.5815,-74.2543,UMTS,1,9,2026-04-25
Claro,4.58007,-74.24417,LTE,2,12,2026-03-21
Claro,4.58102,-74.24096,LTE,5,14,2026-07-03
Claro,4.5817,-74.23817,LTE,3,4,2025-10-23
Claro,4.58179,-74.23522,LTE,2,13,2025-10-23
Claro,4.582,-74.2313,UMTS,1,8,2026-04-25
Claro,4.58138,-74.22906,LTE,6,12,2026-07-02
Claro,4.5821,-74.2272,UMTS,1,12,2026-07-03
Claro,4.57974,-74.21703,LTE,4,31,2026-07-01
Claro,4.58125,-74.21418,LTE,5,28,2026-07-09
Claro,4.5823,-74.2123,UMTS,1,17,2026-07-01
Claro,4.5815,-74.1926,UMTS,1,1,2026-01-26
Claro,4.58164,-74.18359,UMTS,2,28,2026-06-14
Claro,4.58098,-74.17982,UMTS,2,11,2026-06-14
Claro,4.58033,-74.17895,UMTS,2,8,2026-06-14
Claro,4.5824,-74.1588,UMTS,1,12,2026-03-23
Claro,4.5816,-74.15735,UMTS,3,36,2026-07-01
Claro,4.5813,-74.1415,UMTS,1,1,2026-07-08
Claro,4.5825,-74.1398,UMTS,1,7,2026-05-29
Claro,4.5805,-74.1076,UMTS,1,1,2026-01-26
Claro,4.58093,-74.10599,UMTS,2,19,2026-06-21
Claro,4.58169,-74.10291,UMTS,3,29,2026-06-28
Claro,4.58124,-74.10124,UMTS,2,36,2026-07-15
Claro,4.58078,-74.09766,UMTS,2,34,2026-07-15
Claro,4.5806,-74.09,UMTS,1,9,2026-07-04
Claro,4.5823,-74.0875,UMTS,1,17,2026-06-29
Claro,4.58098,-74.08508,UMTS,2,18,2026-06-10
Claro,4.581,-74.078,UMTS,1,5,2026-03-05
Claro,4.5834,-75.6368,UMTS,1,1,2026-01-30
Claro,4.5846,-74.266,LTE,1,10,2025-10-23
Claro,4.58355,-74.22917,LTE,4,10,2025-11-15
Claro,4.5842,-74.2274,LTE,1,7,2025-10-23
Claro,4.58395,-74.22072,LTE,2,13,2026-06-17
Claro,4.58429,-74.21694,UMTS,2,16,2026-07-09
Claro,4.5834,-74.215,UMTS,1,13,2026-03-21
Claro,4.5834,-74.2103,UMTS,1,1,2026-06-18
Claro,4.58508,-74.20785,UMTS,4,84,2026-07-11
Claro,4.5848,-74.2059,UMTS,1,3,2026-01-22
Claro,4.5852,-74.2035,UMTS,1,24,2026-06-28
Claro,4.58464,-74.19216,UMTS,2,16,2026-03-10
Claro,4.5845,-74.19,UMTS,1,4,2025-11-16
Claro,4.58482,-74.18681,UMTS,5,37,2026-06-13
Claro,4.5832,-74.1845,UMTS,1,1,2025-09-26
Claro,4.58498,-74.17575,UMTS,2,8,2026-06-14
Claro,4.5855,-74.1684,UMTS,1,2,2025-09-15
Claro,4.5839,-74.1591,UMTS,1,7,2025-09-10
Claro,4.5852,-74.1154,UMTS,1,9,2025-09-07
Claro,4.5826,-74.1114,UMTS,1,3,2026-07-12
Claro,4.58377,-74.10338,UMTS,5,77,2026-07-09
Claro,4.5839,-74.1006,UMTS,1,14,2026-06-22
Claro,4.58415,-74.09656,UMTS,3,25,2026-07-07
Claro,4.58311,-74.09363,UMTS,2,29,2026-07-07
Claro,4.58353,-74.09184,UMTS,2,28,2026-07-15
Claro,4.58352,-74.08884,UMTS,2,5,2025-10-29
Claro,4.5826,-74.0841,UMTS,1,13,2026-06-08
Claro,4.5828,-74.0791,UMTS,1,1,2026-01-14
Claro,4.58483,-74.076,UMTS,2,24,2026-06-27
Claro,4.5847,-74.0602,UMTS,1,31,2025-06-29
Claro,4.5871,-74.2684,UMTS,1,22,2026-08-25
Claro,4.5858,-74.2258,LTE,1,1,2025-10-22
Claro,4.5859,-74.2104,UMTS,1,1,2025-10-25
Claro,4.58637,-74.20838,UMTS,2,8,2026-06-28
Claro,4.58725,-74.2021,UMTS,2,30,2026-06-28
Claro,4.58697,-74.19969,UMTS,2,40,2026-06-28
Claro,4.58831,-74.19575,UMTS,3,11,2025-11-30
Claro,4.5875,-74.19333,UMTS,2,27,2026-06-13
Claro,4.58594,-74.19106,UMTS,2,21,2026-03-21
Claro,4.5872,-74.1711,UMTS,1,3,2026-06-14
Claro,4.58784,-74.1684,UMTS,2,7,2026-06-14
Claro,4.58698,-74.16694,UMTS,2,26,2026-06-14
Claro,4.58777,-74.15717,UMTS,3,3,2026-06-13
Claro,4.588,-74.1416,UMTS,1,1,2026-03-22
Claro,4.5863,-74.138,UMTS,1,8,2026-07-09
Claro,4.5856,-74.1351,UMTS,1,13,2026-07-09
Claro,4.5863,-74.1297,UMTS,1,27,2026-05-29
Claro,4.58672,-74.10187,UMTS,2,20,2026-07-04
Claro,4.5867,-74.1001,UMTS,1,17,2026-06-22
Claro,4.58714,-74.09747,UMTS,3,30,2026-07-15
Claro,4.58627,-74.09432,UMTS,2,19,2026-07-07
Claro,4.5866,-74.0839,UMTS,1,8,2026-05-24
Claro,4.5856,-74.0815,UMTS,1,3,2026-01-20
Claro,4.588,-74.0736,UMTS,1,8,2026-07-07
Claro,4.58978,-75.63966,UMTS,2,9,2026-03-03
Claro,4.5891,-74.2717,LTE,1,6,2025-10-23
Claro,4.5894,-74.2006,UMTS,1,6,2025-11-29
Claro,4.58923,-74.19933,LTE,2,3,2025-10-19
Claro,4.5905,-74.1963,UMTS,1,2,2025-08-09
Claro,4.5912,-74.1932,UMTS,1,16,2026-03-26
Claro,4.5885,-74.1703,UMTS,1,4,2025-11-30
Claro,4.589,-74.1629,UMTS,1,5,2026-04-26
Claro,4.5897,-74.1611,UMTS,1,4,2026-06-14
Claro,4.58876,-74.15392,UMTS,2,39,2026-06-14
Claro,4.5887,-74.1505,UMTS,1,1,2025-09-09
Claro,4.5911,-74.1459,UMTS,1,2,2026-03-23
Claro,4.58941,-74.13827,UMTS,2,12,2026-03-22
Claro,4.59039,-74.12338,UMTS,3,19,2026-07-09
Claro,4.59081,-74.1215,UMTS,3,72,2026-06-20
Claro,4.5893,-74.1176,UMTS,1,10,2026-04-19
Claro,4.5888,-74.1147,UMTS,1,12,2026-07-09
Claro,4.59033,-74.10956,UMTS,4,68,2026-07-12
Claro,4.58962,-74.10533,UMTS,3,9,2026-06-09
Claro,4.59097,-74.10009,UMTS,2,36,2026-07-15
Claro,4.58966,-74.09763,UMTS,3,19,2026-07-15
Claro,4.5888,-74.0947,UMTS,1,7,2026-06-08
Claro,4.5911,-74.0918,UMTS,1,1,2025-09-02
Claro,4.59079,-74.0894,UMTS,2,14,2026-06-27
Claro,4.5899,-74.0849,UMTS,2,21,2026-05-18
Claro,4.5892,-74.0791,UMTS,1,3,2026-05-18
Claro,4.59099,-74.07105,UMTS,4,18,2026-07-07
Claro,4.5927,-74.1987,UMTS,1,7,2026-06-28
Claro,4.5918,-74.1942,LTE,1,2,2025-10-19
Claro,4.59392,-74.18888,UMTS,2,50,2026-06-20
Claro,4.5941,-74.1876,UMTS,1,25,2026-07-11
Claro,4.5922,-74.1735,LTE,1,44,2025-10-19
Claro,4.5918,-74.1615,UMTS,1,7,2025-09-15
Claro,4.59284,-74.14206,UMTS,3,10,2026-03-23
Claro,4.5931,-74.13964,UMTS,3,41,2026-06-28
Claro,4.5918,-74.1363,UMTS,1,27,2026-04-22
Claro,4.59375,-74.1321,UMTS,2,11,2026-07-03
Claro,4.59246,-74.12385,UMTS,2,22,2026-04-26
Claro,4.592,-74.1204,UMTS,1,18,2026-03-04
Claro,4.5929,-74.1149,UMTS,1,15,2026-05-29
Claro,4.5933,-74.108,UMTS,1,8,2026-02-02
Claro,4.59235,-74.10488,UMTS,2,36,2026-06-21
Claro,4.5936,-74.1028,UMTS,1,8,2026-06-21
Claro,4.5924,-74.0973,UMTS,1,3,2026-03-25
Claro,4.5942,-74.0952,UMTS,1,1,2026-05-16
Claro,4.5937,-74.0908,UMTS,1,5,2026-05-17
Claro,4.59302,-74.08269,UMTS,2,15,2026-05-06
Claro,4.59311,-74.07969,UMTS,2,31,2026-06-08
Claro,4.5942,-74.0741,UMTS,1,1,2025-10-06
Claro,4.59224,-74.06995,UMTS,4,17,2026-06-27
Claro,4.59385,-74.06804,UMTS,3,19,2026-06-27
Claro,4.5929,-74.0308,UMTS,1,1,2025-04-28
Claro,4.5971,-75.9652,LTE,1,1,2025-04-27
Claro,4.5951,-74.277,LTE,1,19,2025-10-23
Claro,4.5973,-74.2251,UMTS,1,1,2026-07-02
Claro,4.5972,-74.2001,UMTS,1,1,2026-06-27
Claro,4.59469,-74.18697,UMTS,2,14,2026-07-03
Claro,4.59555,-74.18058,LTE,5,54,2026-06-28
Claro,4.59587,-74.17769,LTE,3,52,2026-07-09
Claro,4.59613,-74.17509,UMTS,3,10,2026-06-14
Claro,4.5957,-74.1705,UMTS,1,14,2026-05-29
Claro,4.59581,-74.16951,UMTS,4,28,2026-05-16
Claro,4.5953,-74.1655,LTE,3,4,2026-07-09
Claro,4.59729,-74.16198,LTE,2,12,2026-07-11
Claro,4.59589,-74.15941,LTE,3,12,2026-06-20
Claro,4.5958,-74.1577,UMTS,1,14,2026-04-19
Claro,4.59576,-74.1553,UMTS,2,11,2026-05-11
Claro,4.59565,-74.15115,LTE,2,2,2025-10-17
Claro,4.59511,-74.14844,LTE,4,17,2026-06-14
Claro,4.59571,-74.14518,LTE,3,15,2026-04-25
Claro,4.5945,-74.1349,UMTS,1,1,2026-06-16
Claro,4.59602,-74.12693,UMTS,3,18,2026-04-25
Claro,4.5958,-74.1175,UMTS,1,16,2026-05-26
Claro,4.5966,-74.114,UMTS,1,9,2025-11-29
Claro,4.5957,-74.1127,UMTS,1,2,2025-10-29
Claro,4.596,-74.1086,UMTS,1,27,2026-06-28
Claro,4.59671,-74.10416,UMTS,2,17,2025-09-24
Claro,4.5952,-74.0967,UMTS,1,28,2025-05-01
Claro,4.596,-74.09365,UMTS,3,22,2026-04-24
Claro,4.5972,-74.0882,UMTS,1,14,2025-12-12
Claro,4.5971,-74.0845,UMTS,1,11,2025-11-05
Claro,4.59512,-74.08179,UMTS,2,19,2026-05-24
Claro,4.5963,-74.07924,UMTS,4,25,2026-06-27
Claro,4.59732,-74.07355,UMTS,2,15,2026-04-07
Claro,4.5974,-74.0654,UMTS,1,1,2025-07-08
Claro,4.5982,-74.28143,LTE,2,3,2025-10-23
Claro,4.5977,-74.2752,UMTS,1,19,2026-08-25
Claro,4.5994,-74.2046,UMTS,1,1,2026-07-02
Claro,4.5994,-74.1954,UMTS,1,8,2026-06-28
Claro,4.59767,-74.18164,LTE,2,54,2025-10-19
Claro,4.6003,-74.1791,LTE,1,34,2025-10-19
Claro,4.599,-74.1735,UMTS,1,3,2026-04-27
Claro,4.5993,-74.1657,UMTS,1,2,2026-07-09
Claro,4.5984,-74.162,UMTS,1,3,2025-09-10
Claro,4.5988,-74.1542,UMTS,1,1,2025-11-29
Claro,4.5992,-74.1504,UMTS,1,6,2026-07-11
Claro,4.59828,-74.14503,LTE,3,4,2025-10-17
Claro,4.5977,-74.137,UMTS,1,9,2025-10-21
Claro,4.5994,-74.1226,UMTS,1,8,2025-09-07
Claro,4.5999,-74.1172,UMTS,1,25,2026-06-28
Claro,4.59835,-74.11455,LTE,2,2,2026-07-03
Claro,4.5997,-74.10987,UMTS,2,6,2026-03-24
Claro,4.59812,-74.10613,UMTS,2,24,2026-03-08
Claro,4.5999,-74.0996,UMTS,1,21,2026-06-27
Claro,4.599,-74.0983,UMTS,1,6,2026-03-24
Claro,4.5977,-74.0902,UMTS,1,7,2026-05-24
Claro,4.5996,-74.0869,UMTS,1,12,2026-01-23
Claro,4.59874,-74.0848,UMTS,3,26,2026-07-07
Claro,4.5982,-74.0828,UMTS,1,14,2026-06-10
Claro,4.59884,-74.07858,UMTS,2,5,2026-01-21
Claro,4.59805,-74.07502,UMTS,2,4,2026-05-05
Claro,4.6,-74.073,UMTS,1,2,2026-05-05
Claro,4.59915,-74.07065,UMTS,2,8,2026-05-18
Claro,4.5989,-74.0636,UMTS,1,3,2026-05-21
Claro,4.6026,-75.6352,UMTS,1,11,2026-06-11
Claro,4.6027,-74.1869,UMTS,1,8,2026-03-24
Claro,4.60276,-74.14363,UMTS,2,7,2026-03-23
Claro,4.6015,-74.1233,UMTS,1,9,2025-05-04
Claro,4.60246,-74.11992,UMTS,2,31,2026-04-09
Claro,4.6029,-74.1101,UMTS,1,14,2025-04-14
Claro,4.603,-74.1023,UMTS,1,15,2026-06-09
Claro,4.60216,-74.0997,UMTS,2,43,2026-06-21
Claro,4.6025,-74.0969,UMTS,1,1,2026-03-29
Claro,4.60174,-74.0942,UMTS,3,60,2026-07-15
Claro,4.6035,-74.0906,UMTS,1,5,2026-01-23
Claro,4.60179,-74.08732,UMTS,4,34,2026-07-07
Claro,4.603,-74.0861,UMTS,1,7,2025-07-10
Claro,4.60305,-74.08335,UMTS,2,2,2025-07-09
Claro,4.6028,-74.0799,UMTS,1,19,2026-05-24
Claro,4.60196,-74.07528,UMTS,3,9,2026-05-17
Claro,4.60129,-74.0739,UMTS,2,12,2026-05-05
Claro,4.6014,-74.0714,UMTS,1,17,2025-06-21
Claro,4.6035,-74.0679,UMTS,1,6,2026-05-18
Claro,4.60153,-74.06333,UMTS,2,8,2026-06-21
Claro,4.60108,-74.06182,UMTS,4,21,2026-06-27
Claro,4.60623,-75.63577,UMTS,2,4,2026-01-30
Claro,4.6045,-74.478,UMTS,2,2,2025-11-10
Claro,4.6051,-74.287,UMTS,1,2,2026-05-16
Claro,4.6051,-74.2798,LTE,1,3,2025-10-19
Claro,4.6065,-74.1833,UMTS,1,5,2025-11-16
Claro,4.604,-74.1489,UMTS,1,12,2025-10-16
Claro,4.6044,-74.1429,UMTS,1,3,2026-02-14
Claro,4.6047,-74.1325,UMTS,1,5,2025-10-31
Claro,4.6051,-74.12676,UMTS,2,14,2025-11-20
Claro,4.60477,-74.12335,UMTS,3,63,2026-07-12
Claro,4.6053,-74.1221,UMTS,1,6,2026-04-09
Claro,4.6065,-74.1142,UMTS,1,7,2025-10-02
Claro,4.6047,-74.1117,UMTS,1,4,2026-03-08
Claro,4.6058,-74.1092,UMTS,1,2,2026-06-09
Claro,4.60408,-74.10507,UMTS,2,52,2026-03-25
Claro,4.60391,-74.1026,UMTS,2,8,2026-06-08
Claro,4.6053,-74.0999,UMTS,1,23,2026-06-08
Claro,4.60523,-74.09617,UMTS,2,9,2026-01-25
Claro,4.60512,-74.09441,UMTS,2,31,2026-06-08
Claro,4.60501,-74.0915,UMTS,4,62,2026-03-31
Claro,4.60383,-74.08753,UMTS,2,3,2025-11-20
Claro,4.6038,-74.08475,UMTS,2,16,2026-01-23
Claro,4.60444,-74.08209,UMTS,5,46,2025-11-05
Claro,4.60539,-74.07513,UMTS,3,21,2026-04-27
Claro,4.6044,-74.07357,UMTS,2,7,2025-08-01
Claro,4.6049,-74.0703,UMTS,1,10,2026-05-18
Claro,4.60535,-74.0661,UMTS,2,2,2025-11-28
Claro,4.60448,-74.06426,UMTS,2,10,2026-06-27
Claro,4.6086,-75.6336,UMTS,1,2,2025-05-10
Claro,4.6079,-74.2829,UMTS,1,15,2026-04-25
Claro,4.6072,-74.2809,LTE,1,7,2025-10-23
Claro,4.6076,-74.1858,UMTS,1,1,2025-06-27
Claro,4.6087,-74.18127,UMTS,2,3,2025-11-10
Claro,4.6085,-74.1606,UMTS,1,18,2026-06-28
Claro,4.6073,-74.1563,UMTS,1,11,2025-10-17
Claro,4.609,-74.1554,UMTS,1,9,2025-10-17
Claro,4.6069,-74.1229,UMTS,1,2,2025-11-13
Claro,4.6085,-74.1175,UMTS,1,8,2025-12-23
Claro,4.6073,-74.1081,UMTS,1,1,2025-07-10
Claro,4.60851,-74.09879,UMTS,3,23,2026-06-21
Claro,4.60803,-74.09693,UMTS,4,47,2026-06-08
Claro,4.60837,-74.0936,UMTS,5,84,2026-06-27
Claro,4.60848,-74.09197,UMTS,9,76,2026-04-07
Claro,4.6082,-74.0888,UMTS,1,1,2025-11-27
Claro,4.6076,-74.084,UMTS,1,1,2025-12-02
Claro,4.60816,-74.08295,UMTS,2,44,2025-12-12
Claro,4.6076,-74.07826,UMTS,5,39,2025-12-03
Claro,4.60816,-74.0765,UMTS,7,74,2026-05-05
Claro,4.60765,-74.07319,UMTS,5,75,2026-01-22
Claro,4.60796,-74.06967,UMTS,3,23,2026-05-18
Claro,4.608,-74.06747,UMTS,4,44,2026-06-27
Claro,4.60692,-74.06318,UMTS,2,12,2026-06-08
Claro,4.6111,-75.6321,UMTS,1,2,2025-05-10
Claro,4.6105,-75.6304,UMTS,1,8,2026-06-13
Claro,4.6124,-74.1629,UMTS,1,4,2025-10-17
Claro,4.6112,-74.158,UMTS,1,9,2025-10-28
Claro,4.6117,-74.1548,UMTS,1,5,2025-10-31
Claro,4.6119,-74.1505,UMTS,1,15,2025-05-30
Claro,4.61094,-74.14571,UMTS,2,28,2026-01-23
Claro,4.6096,-74.1409,UMTS,1,5,2026-07-11
Claro,4.6102,-74.1375,UMTS,1,5,2025-10-31
Claro,4.6109,-74.1319,UMTS,1,6,2026-06-28
Claro,4.61222,-74.12932,UMTS,2,13,2026-06-28
Claro,4.61091,-74.12545,UMTS,2,31,2025-12-23
Claro,4.6122,-74.1127,UMTS,1,9,2026-06-09
Claro,4.6099,-74.1083,UMTS,1,12,2025-12-23
Claro,4.6116,-74.102,UMTS,1,21,2026-03-31
Claro,4.60973,-74.09964,UMTS,2,36,2026-07-15
Claro,4.6113,-74.09708,UMTS,3,14,2025-10-24
Claro,4.61121,-74.09413,UMTS,2,41,2026-05-12
Claro,4.61236,-74.09011,UMTS,2,22,2025-12-20
Claro,4.61069,-74.08864,UMTS,6,96,2026-03-29
Claro,4.6112,-74.0851,UMTS,1,13,2025-11-29
Claro,4.60966,-74.0798,UMTS,2,5,2025-10-28
Claro,4.61048,-74.07652,UMTS,3,27,2026-04-12
Claro,4.61105,-74.07256,UMTS,5,42,2026-04-02
Claro,4.6098,-74.07033,UMTS,2,28,2026-01-28
Claro,4.61004,-74.06708,UMTS,2,14,2026-03-05
Claro,4.61139,-74.06339,UMTS,2,7,2026-04-25
Claro,4.6149,-74.283,LTE,1,19,2025-10-23
Claro,4.6126,-74.1729,UMTS,1,8,2025-10-19
Claro,4.6149,-74.1694,UMTS,1,7,2025-09-30
Claro,4.6155,-74.1657,UMTS,1,18,2025-12-24
Claro,4.6129,-74.1587,UMTS,1,22,2025-10-31
Claro,4.614,-74.1535,UMTS,1,14,2025-10-21
Claro,4.614,-74.1507,UMTS,1,2,2025-09-15
Claro,4.61365,-74.14575,UMTS,2,2,2025-10-01
Claro,4.61402,-74.14168,LTE,3,16,2026-07-11
Claro,4.615,-74.1378,UMTS,1,6,2025-05-04
Claro,4.61394,-74.13574,UMTS,4,21,2026-01-21
Claro,4.61422,-74.13354,UMTS,2,15,2025-10-31
Claro,4.61303,-74.12817,UMTS,2,13,2025-11-11
Claro,4.6154,-74.1255,UMTS,1,3,2025-11-13
Claro,4.6153,-74.117,UMTS,1,11,2025-10-29
Claro,4.6134,-74.1156,UMTS,1,20,2025-12-23
Claro,4.6138,-74.1128,UMTS,1,12,2025-11-22
Claro,4.6139,-74.1075,UMTS,1,14,2026-05-17
Claro,4.61472,-74.10314,UMTS,3,36,2026-06-21
Claro,4.61362,-74.09429,LTE,9,88,2026-06-08
Claro,4.61501,-74.09094,LTE,4,36,2026-05-23
Claro,4.61282,-74.08884,UMTS,3,50,2026-03-29
Claro,4.61343,-74.08581,UMTS,3,36,2026-03-29
Claro,4.61276,-74.08269,UMTS,2,30,2026-02-04
Claro,4.6138,-74.07964,UMTS,2,41,2026-01-22
Claro,4.6153,-74.0764,UMTS,1,8,2025-10-29
Claro,4.61405,-74.07233,UMTS,4,16,2026-04-27
Claro,4.6125,-74.0712,UMTS,1,13,2026-01-22
Claro,4.6145,-74.0636,UMTS,1,1,2025-10-21
Claro,4.6171,-74.2859,UMTS,1,2,2025-11-05
Claro,4.6158,-74.1855,LTE,1,1,2026-08-28
Claro,4.61794,-74.17215,UMTS,10,60,2026-06-28
Claro,4.61754,-74.16978,UMTS,3,10,2026-01-27
Claro,4.61819,-74.16518,UMTS,6,31,2026-02-04
Claro,4.6184,-74.1629,UMTS,1,3,2025-08-09
Claro,4.6165,-74.1615,UMTS,1,6,2026-03-03
Claro,4.6164,-74.1541,UMTS,1,22,2025-09-10
Claro,4.61749,-74.15006,UMTS,2,20,2026-03-03
Claro,4.61733,-74.1453,UMTS,2,23,2026-03-03
Claro,4.61821,-74.13972,LTE,3,25,2026-06-28
Claro,4.61627,-74.13553,UMTS,3,3,2025-10-01
Claro,4.617,-74.1186,UMTS,1,2,2025-12-23
Claro,4.6161,-74.1143,UMTS,1,1,2025-10-31
Claro,4.6158,-74.1031,UMTS,1,13,2025-10-05
Claro,4.6159,-74.1006,UMTS,1,5,2026-06-21
Claro,4.6183,-74.0962,LTE,1,5,2025-09-05
Claro,4.61701,-74.09391,LTE,4,16,2026-06-21
Claro,4.6158,-74.09114,LTE,2,5,2025-12-01
Claro,4.61804,-74.08817,LTE,3,47,2026-07-07
Claro,4.61827,-74.08573,UMTS,2,3,2026-03-28
Claro,4.61615,-74.08227,UMTS,2,11,2025-09-17
Claro,4.618,-74.0746,UMTS,1,8,2026-05-05
Claro,4.61675,-74.07244,UMTS,3,30,2026-01-28
Claro,4.61572,-74.07109,UMTS,2,13,2026-01-28
Claro,4.6172,-74.0668,UMTS,1,11,2026-07-07
Claro,4.6176,-74.0601,UMTS,1,2,2026-06-27
Claro,4.6207,-75.6294,UMTS,1,6,2026-04-07
Claro,4.6207,-75.6255,UMTS,1,12,2026-01-29
Claro,4.6192,-74.2837,UMTS,1,6,2025-10-23
Claro,4.62077,-74.1811,UMTS,3,6,2025-10-21
Claro,4.62047,-74.1751,UMTS,5,42,2026-01-24
Claro,4.61948,-74.17216,UMTS,2,24,2026-02-03
Claro,4.61852,-74.16892,UMTS,3,29,2026-01-25
Claro,4.6185,-74.1673,UMTS,1,27,2026-02-03
Claro,4.61966,-74.16274,UMTS,4,54,2026-01-24
Claro,4.62047,-74.15957,UMTS,3,4,2025-11-21
Claro,4.6193,-74.15678,UMTS,3,12,2026-03-03
Claro,4.6203,-74.1524,UMTS,1,2,2025-09-15
Claro,4.6195,-74.14745,UMTS,2,8,2026-03-03
Claro,4.621,-74.1399,UMTS,1,22,2026-03-23
Claro,4.62016,-74.13609,UMTS,2,7,2025-10-31
Claro,4.6206,-74.12981,UMTS,2,13,2026-07-12
Claro,4.6208,-74.1261,UMTS,1,10,2025-10-11
Claro,4.62057,-74.12403,UMTS,3,46,2026-03-05
Claro,4.6214,-74.1194,UMTS,1,24,2026-06-19
Claro,4.6211,-74.1129,UMTS,1,11,2026-06-19
Claro,4.6211,-74.1079,UMTS,1,32,2026-06-19
Claro,4.61982,-74.10561,UMTS,2,22,2026-06-19
Claro,4.62,-74.1021,UMTS,1,1,2025-10-01
Claro,4.62033,-74.09862,LTE,2,27,2026-01-24
Claro,4.61868,-74.09689,LTE,2,18,2026-05-23
Claro,4.6192,-74.09191,UMTS,2,26,2026-06-10
Claro,4.61931,-74.08806,LTE,5,30,2026-06-04
Claro,4.62003,-74.08428,LTE,2,52,2025-09-10
Claro,4.62097,-74.07608,UMTS,3,28,2026-06-08
Claro,4.6185,-74.0734,UMTS,1,6,2026-06-08
Claro,4.6203,-74.0639,UMTS,1,2,2026-05-21
Claro,4.6229,-75.624,UMTS,1,21,2026-01-31
Claro,4.6236,-75.5997,UMTS,1,2,2026-03-07
Claro,4.6232,-74.4735,UMTS,1,1,2025-11-10
Claro,4.6219,-74.1826,UMTS,1,2,2025-10-29
Claro,4.62327,-74.17761,UMTS,4,53,2026-02-03
Claro,4.62167,-74.17537,UMTS,3,24,2026-01-22
Claro,4.6222,-74.1713,UMTS,1,1,2025-07-31
Claro,4.622,-74.1652,UMTS,1,9,2025-08-12
Claro,4.6226,-74.1631,UMTS,1,4,2026-04-27
Claro,4.62227,-74.15918,UMTS,2,29,2026-06-28
Claro,4.62294,-74.15823,UMTS,3,27,2026-02-03
Claro,4.62305,-74.15367,UMTS,2,10,2025-10-21
Claro,4.6225,-74.14838,LTE,3,8,2025-12-02
Claro,4.62329,-74.138,LTE,2,10,2025-10-19
Claro,4.6227,-74.1326,UMTS,2,2,2026-08-27
Claro,4.62215,-74.12375,UMTS,2,44,2026-05-17
Claro,4.6227,-74.115,UMTS,1,12,2026-06-19
Claro,4.622,-74.1106,UMTS,1,12,2025-08-29
Claro,4.6226,-74.1054,UMTS,1,30,2026-06-19
Claro,4.62382,-74.10265,LTE,3,34,2026-06-19
Claro,4.62238,-74.10049,UMTS,3,55,2026-06-19
Claro,4.62255,-74.09425,UMTS,2,27,2026-06-21
Claro,4.622,-74.0916,UMTS,1,21,2025-09-12
Claro,4.62311,-74.08829,UMTS,2,35,2026-07-12
Claro,4.62347,-74.0843,LTE,2,3,2025-09-05
Claro,4.622,-74.0823,UMTS,1,4,2025-08-30
Claro,4.6236,-74.0787,UMTS,1,12,2025-10-06
Claro,4.6231,-74.0764,UMTS,1,2,2026-06-27
Claro,4.62326,-74.06768,UMTS,2,15,2025-11-13
Claro,4.6262,-74.2897,UMTS,1,20,2026-04-25
Claro,4.6247,-74.2875,LTE,1,5,2025-10-23
Claro,4.6266,-74.1839,UMTS,1,27,2026-01-21
Claro,4.62615,-74.18039,UMTS,3,10,2026-01-27
Claro,4.62576,-74.17784,UMTS,2,7,2026-01-29
Claro,4.62561,-74.15621,UMTS,2,33,2026-06-28
Claro,4.62646,-74.15411,UMTS,5,78,2026-01-31
Claro,4.62533,-74.14747,LTE,2,3,2025-10-24
Claro,4.6267,-74.1454,LTE,1,5,2026-07-25
Claro,4.6267,-74.1432,LTE,1,2,2026-07-25
Claro,4.62533,-74.13889,UMTS,3,37,2026-03-23
Claro,4.627,-74.1369,LTE,1,8,2025-10-19
Claro,4.6271,-74.1321,UMTS,1,1,2026-08-27
Claro,4.62645,-74.12965,UMTS,2,22,2026-08-07
Claro,4.62565,-74.12384,UMTS,3,62,2026-07-12
Claro,4.6256,-74.1216,UMTS,1,27,2025-10-24
Claro,4.6249,-74.1176,UMTS,1,16,2026-06-19
Claro,4.6254,-74.1119,UMTS,1,27,2026-07-15
Claro,4.6262,-74.10963,UMTS,2,41,2026-07-15
Claro,4.627,-74.10534,UMTS,3,27,2026-06-23
Claro,4.62697,-74.10338,LTE,4,34,2026-06-19
Claro,4.62651,-74.09887,UMTS,2,34,2026-07-12
Claro,4.62485,-74.09704,UMTS,4,71,2026-06-21
Claro,4.62486,-74.09269,UMTS,2,16,2025-10-28
Claro,4.6265,-74.0914,UMTS,1,9,2025-12-09
Claro,4.62523,-74.08745,UMTS,3,31,2025-07-16
Claro,4.6251,-74.08546,UMTS,2,15,2026-06-08
Claro,4.62611,-74.08199,LTE,8,59,2026-06-21
Claro,4.62736,-74.0791,UMTS,2,18,2026-05-04
Claro,4.62665,-74.07623,UMTS,4,19,2026-07-12
Claro,4.62615,-74.07325,UMTS,2,2,2026-07-10
Claro,4.6273,-74.0678,UMTS,2,10,2026-04-02
Claro,4.6302,-75.617,UMTS,1,22,2026-01-27
Claro,4.6282,-74.1927,UMTS,1,50,2025-08-17
Claro,4.62938,-74.1833,UMTS,4,31,2026-02-04
Claro,4.62832,-74.18219,UMTS,2,9,2026-02-04
Claro,4.6305,-74.1768,UMTS,1,2,2025-09-15
Claro,4.6284,-74.1698,UMTS,1,3,2025-09-15
Claro,4.6297,-74.1525,UMTS,1,1,2025-08-08
Claro,4.62846,-74.15126,LTE,6,14,2025-11-24
Claro,4.62931,-74.14877,LTE,4,69,2026-06-28
Claro,4.62995,-74.14595,UMTS,2,52,2026-06-28
Claro,4.6301,-74.13843,UMTS,3,42,2026-02-04
Claro,4.62917,-74.1351,UMTS,2,42,2026-01-29
Claro,4.62956,-74.13239,UMTS,3,8,2026-08-27
Claro,4.62992,-74.13007,UMTS,3,23,2026-08-27
Claro,4.6292,-74.12656,UMTS,5,17,2025-12-01
Claro,4.62962,-74.12456,UMTS,5,55,2026-08-27
Claro,4.62955,-74.1221,UMTS,2,2,2026-08-27
Claro,4.62882,-74.11798,LTE,7,81,2026-06-09
Claro,4.62884,-74.11571,LTE,2,14,2025-09-05
Claro,4.62837,-74.11275,LTE,2,6,2025-10-28
Claro,4.62845,-74.1087,UMTS,2,2,2025-10-30
Claro,4.6277,-74.1017,UMTS,1,26,2026-06-19
Claro,4.6296,-74.0971,UMTS,1,8,2025-11-22
Claro,4.62951,-74.09355,LTE,3,8,2026-08-05
Claro,4.6276,-74.0915,UMTS,1,3,2026-07-07
Claro,4.6305,-74.0893,UMTS,1,7,2025-07-08
Claro,4.6278,-74.0847,LTE,1,14,2025-09-10
Claro,4.6276,-74.083,UMTS,1,2,2025-10-11
Claro,4.6291,-74.0801,LTE,1,1,2025-09-01
Claro,4.62958,-74.07484,UMTS,2,5,2026-03-31
Claro,4.6302,-74.0734,UMTS,1,8,2026-07-12
Claro,4.62974,-74.06663,UMTS,2,7,2026-01-19
Claro,4.63,-74.0646,UMTS,1,9,2025-10-29
Claro,4.6281,-74.0609,UMTS,1,6,2026-04-21
Claro,4.6317,-75.6163,UMTS,1,14,2026-06-13
Claro,4.63167,-74.46487,UMTS,3,3,2025-11-15
Claro,4.6316,-74.4568,UMTS,1,1,2025-11-10
Claro,4.6329,-74.2938,UMTS,1,8,2025-11-16
Claro,4.63105,-74.18899,UMTS,2,13,2026-01-29
Claro,4.6314,-74.1879,UMTS,1,2,2025-09-12
Claro,4.63168,-74.18523,UMTS,4,24,2026-02-01
Claro,4.6332,-74.1793,UMTS,1,1,2026-01-21
Claro,4.6312,-74.1514,UMTS,2,2,2025-12-01
Claro,4.6311,-74.1472,UMTS,1,1,2025-11-04
Claro,4.63182,-74.14472,UMTS,2,6,2026-02-01
Claro,4.63185,-74.14087,UMTS,4,51,2026-01-23
Claro,4.63197,-74.13961,UMTS,3,82,2026-01-31
Claro,4.6313,-74.13695,UMTS,3,42,2026-03-03
Claro,4.6318,-74.1339,UMTS,1,26,2026-05-11
Claro,4.6318,-74.1225,UMTS,1,27,2026-05-17
Claro,4.63219,-74.12095,UMTS,5,47,2026-03-31
Claro,4.63261,-74.11751,UMTS,2,46,2026-03-05
Claro,4.63321,-74.11488,LTE,2,27,2026-05-05
Claro,4.63176,-74.1122,UMTS,3,47,2026-07-15
Claro,4.63216,-74.10973,UMTS,4,69,2026-06-23
Claro,4.63184,-74.10624,UMTS,2,29,2026-07-12
Claro,4.6333,-74.1024,UMTS,1,27,2026-01-25
Claro,4.63252,-74.09327,UMTS,3,9,2026-06-21
Claro,4.6328,-74.0907,UMTS,1,12,2025-07-08
Claro,4.6326,-74.08604,UMTS,2,25,2026-04-22
Claro,4.63346,-74.08124,UMTS,2,42,2026-06-27
Claro,4.6328,-74.0799,LTE,1,6,2025-09-05
Claro,4.6331,-74.0759,UMTS,1,6,2026-03-31
Claro,4.6312,-74.0742,UMTS,1,2,2026-07-12
Claro,4.63284,-74.06759,LTE,3,13,2025-12-02
Claro,4.6326,-74.0642,UMTS,1,3,2026-04-27
Claro,4.63277,-74.06083,UMTS,2,7,2026-04-25
Claro,4.6334,-74.0591,UMTS,1,3,2026-04-09
Claro,4.6362,-74.4614,UMTS,1,1,2025-11-14
Claro,4.6349,-74.19173,UMTS,3,3,2026-01-21
Claro,4.63505,-74.19034,UMTS,17,123,2026-02-04
Claro,4.63434,-74.18701,UMTS,3,7,2026-01-22
Claro,4.6343,-74.1806,UMTS,1,1,2026-01-20
Claro,4.6363,-74.1501,UMTS,1,20,2025-05-04
Claro,4.6358,-74.1365,UMTS,1,21,2026-02-14
Claro,4.6352,-74.1334,UMTS,1,27,2026-05-11
Claro,4.6356,-74.1306,UMTS,1,13,2026-01-25
Claro,4.63616,-74.12707,UMTS,4,52,2026-01-23
Claro,4.63437,-74.12024,UMTS,3,20,2026-08-27
Claro,4.63428,-74.11771,UMTS,2,51,2026-01-27
Claro,4.63464,-74.11518,LTE,5,96,2026-01-24
Claro,4.6337,-74.1124,UMTS,1,8,2025-10-24
Claro,4.6337,-74.1036,UMTS,1,14,2026-01-22
Claro,4.6362,-74.0992,UMTS,1,5,2026-01-31
Claro,4.6363,-74.0978,UMTS,1,4,2026-07-07
Claro,4.6355,-74.0931,UMTS,1,18,2026-05-24
Claro,4.6342,-74.0874,UMTS,1,3,2026-06-08
Claro,4.6337,-74.0806,UMTS,1,17,2025-12-09
Claro,4.6362,-74.0793,LTE,1,4,2025-10-12
Claro,4.6351,-74.0746,UMTS,1,5,2026-03-24
Claro,4.6337,-74.0729,UMTS,1,6,2025-09-20
Claro,4.63383,-74.07034,UMTS,3,23,2025-11-12
Claro,4.6356,-74.06795,LTE,6,33,2026-01-19
Claro,4.6346,-74.06378,UMTS,2,4,2025-07-22
Claro,4.63438,-74.0598,UMTS,3,5,2026-04-07
Claro,4.6388,-74.51918,UMTS,3,5,2025-11-17
Claro,4.6394,-74.4762,UMTS,1,1,2025-11-15
Claro,4.6386,-74.4459,UMTS,1,2,2025-11-11
Claro,4.63744,-74.17169,UMTS,3,11,2026-01-21
Claro,4.63903,-74.16937,UMTS,2,3,2026-01-21
Claro,4.6393,-74.14681,UMTS,2,37,2026-03-23
Claro,4.6386,-74.142,UMTS,1,16,2026-03-23
Claro,4.6394,-74.1359,LTE,1,1,2025-10-17
Claro,4.63683,-74.12524,UMTS,2,38,2026-02-03
Claro,4.6388,-74.1199,UMTS,1,22,2026-01-23
Claro,4.63842,-74.11838,UMTS,3,27,2026-08-27
Claro,4.6388,-74.1152,UMTS,1,20,2025-10-25
Claro,4.63858,-74.11188,UMTS,2,34,2026-06-28
Claro,4.6388,-74.1,UMTS,1,15,2026-01-25
Claro,4.63818,-74.09647,UMTS,2,22,2025-12-24
Claro,4.6392,-74.0944,UMTS,1,12,2025-10-15
Claro,4.63884,-74.09166,UMTS,2,21,2026-06-08
Claro,4.6388,-74.0843,UMTS,1,27,2025-12-11
Claro,4.6373,-74.08084,UMTS,2,27,2026-06-27
Claro,4.6379,-74.07961,UMTS,2,24,2026-05-17
Claro,4.6395,-74.0731,UMTS,1,3,2025-06-12
Claro,4.6368,-74.0694,UMTS,1,25,2025-06-12
Claro,4.63805,-74.06612,UMTS,2,16,2025-11-13
Claro,4.63695,-74.06453,UMTS,2,4,2025-10-29
Claro,4.63807,-74.06043,UMTS,2,9,2026-06-08
Claro,4.6385,-74.0594,UMTS,1,2,2026-04-21
Claro,4.6417,-75.6112,UMTS,1,10,2025-11-25
Claro,4.6413,-74.52005,UMTS,3,4,2025-11-17
Claro,4.64,-74.4681,UMTS,1,1,2025-11-15
Claro,4.6405,-74.4664,UMTS,1,1,2025-11-15
Claro,4.6417,-74.4479,UMTS,1,1,2025-11-14
Claro,4.642,-74.3101,UMTS,1,1,2025-11-14
Claro,4.6396,-74.2938,UMTS,1,1,2025-12-11
Claro,4.6415,-74.1337,LTE,1,4,2025-10-19
Claro,4.6405,-74.1258,UMTS,1,19,2026-01-28
Claro,4.6397,-74.1238,UMTS,1,21,2026-05-11
Claro,4.64164,-74.12147,UMTS,5,54,2026-06-23
Claro,4.6405,-74.1167,UMTS,1,1,2025-10-27
Claro,4.6414,-74.1141,UMTS,1,1,2026-08-27
Claro,4.6405,-74.1133,UMTS,1,27,2026-02-03
Claro,4.6409,-74.0995,UMTS,1,21,2025-07-18
Claro,4.64033,-74.09369,UMTS,2,11,2026-04-12
Claro,4.64144,-74.07957,LTE,4,21,2026-06-08
Claro,4.64101,-74.07546,LTE,4,21,2026-05-04
Claro,4.6412,-74.0742,LTE,1,2,2025-05-08
Claro,4.6417,-74.06691,LTE,4,66,2026-01-19
Claro,4.64048,-74.06293,UMTS,2,6,2025-10-29
Claro,4.6419,-74.062,UMTS,1,10,2025-07-22
Claro,4.6411,-74.0591,UMTS,1,1,2026-06-26
Claro,4.6422,-74.0553,UMTS,1,1,2025-12-22
Claro,4.6442,-74.5199,UMTS,1,1,2025-11-15
Claro,4.6427,-74.4885,UMTS,1,1,2025-11-15
Claro,4.6451,-74.436,UMTS,1,3,2026-09-03
Claro,4.64535,-74.14065,LTE,2,2,2026-07-05
Claro,4.64271,-74.13227,UMTS,2,30,2026-02-14
Claro,4.645,-74.1295,UMTS,1,15,2025-06-07
Claro,4.64522,-74.12304,LTE,4,60,2026-06-23
Claro,4.64393,-74.12033,UMTS,3,60,2026-06-23
Claro,4.64317,-74.1181,UMTS,2,50,2026-06-23
Claro,4.64392,-74.11321,UMTS,3,10,2026-08-27
Claro,4.6442,-74.09732,UMTS,3,59,2026-07-07
Claro,4.64443,-74.0916,UMTS,2,31,2026-03-05
Claro,4.6455,-74.084,LTE,1,1,2025-05-08
Claro,4.644,-74.0824,LTE,1,1,2025-05-08
Claro,4.64417,-74.07846,LTE,8,40,2025-12-24
Claro,4.6454,-74.0763,LTE,2,6,2025-10-12
Claro,4.6452,-74.0738,UMTS,1,10,2026-06-27
Claro,4.64319,-74.06402,UMTS,3,29,2026-04-12
Claro,4.6449,-74.0558,UMTS,1,7,2026-02-01
Claro,4.6483,-75.6049,UMTS,1,5,2026-01-31
Claro,4.6475,-75.5981,UMTS,1,8,2026-06-13
Claro,4.6475,-74.1743,LTE,1,1,2026-09-28
Claro,4.6469,-74.157,UMTS,1,8,2026-01-21
Claro,4.647,-74.1521,UMTS,1,5,2026-03-23
Claro,4.64605,-74.1399,LTE,2,2,2026-07-05
Claro,4.6465,-74.1366,UMTS,1,1,2025-09-09
Claro,4.646,-74.1335,UMTS,1,20,2025-09-10
Claro,4.6463,-74.1305,LTE,1,1,2025-10-17
Claro,4.64786,-74.12663,LTE,4,37,2026-02-14
Claro,4.64696,-74.12403,LTE,8,73,2026-08-25
Claro,4.647,-74.1213,UMTS,1,13,2026-01-25
Claro,4.64626,-74.10906,LTE,5,5,2026-08-27
Claro,4.646,-74.1048,UMTS,1,24,2025-05-26
Claro,4.6459,-74.1036,UMTS,1,1,2025-07-07
Claro,4.6469,-74.1009,UMTS,1,10,2025-07-27
Claro,4.6461,-74.0923,UMTS,1,2,2025-07-18
Claro,4.64702,-74.08588,LTE,4,53,2026-01-31
Claro,4.64755,-74.07839,LTE,2,42,2026-03-06
Claro,4.64631,-74.07495,LTE,6,47,2026-06-27
Claro,4.6469,-74.0685,UMTS,1,12,2025-07-03
Claro,4.64691,-74.06444,UMTS,2,20,2026-04-27
Claro,4.64661,-74.06057,UMTS,3,10,2025-10-29
Claro,4.6492,-74.4308,UMTS,1,1,2025-11-14
Claro,4.6507,-74.4138,UMTS,1,3,2025-11-16
Claro,4.6491,-74.1566,UMTS,1,1,2025-12-19
Claro,4.65113,-74.154,UMTS,2,3,2026-01-22
Claro,4.6512,-74.1496,UMTS,1,11,2025-12-21
Claro,4.6507,-74.1453,LTE,1,1,2026-07-02
Claro,4.6511,-74.13985,LTE,2,2,2026-07-02
Claro,4.651,-74.129,UMTS,1,4,2025-10-09
Claro,4.64974,-74.12663,LTE,8,35,2026-01-23
Claro,4.6493,-74.12456,UMTS,4,92,2026-08-25
Claro,4.6507,-74.1223,UMTS,1,3,2025-11-26
Claro,4.64993,-74.11489,UMTS,3,52,2026-05-01
Claro,4.6509,-74.1127,UMTS,1,9,2025-09-18
Claro,4.64919,-74.10626,UMTS,5,9,2026-08-27
Claro,4.6506,-74.0941,LTE,1,2,2025-09-15
Claro,4.6504,-74.0907,LTE,2,2,2025-05-08
Claro,4.65019,-74.07905,LTE,4,53,2026-04-29
Claro,4.65097,-74.07661,UMTS,2,22,2026-06-08
Claro,4.6489,-74.0725,UMTS,1,5,2026-06-08
Claro,4.6507,-74.0703,UMTS,1,2,2025-11-12
Claro,4.6507,-74.06731,UMTS,3,14,2026-08-08
Claro,4.65033,-74.0652,UMTS,2,14,2025-10-08
Claro,4.65039,-74.06086,UMTS,2,14,2026-08-08
Claro,4.6509,-74.0581,UMTS,1,1,2026-08-06
Claro,4.6526,-75.6027,UMTS,1,2,2025-05-10
Claro,4.653,-74.1518,UMTS,1,2,2026-01-21
Claro,4.6538,-74.1421,LTE,2,2,2026-07-01
Claro,4.6535,-74.1304,LTE,1,1,2025-09-12
Claro,4.652,-74.12657,LTE,4,8,2025-12-25
Claro,4.6527,-74.1233,UMTS,1,2,2025-05-21
Claro,4.653,-74.1157,UMTS,1,13,2025-08-06
Claro,4.6531,-74.1134,UMTS,1,17,2025-09-12
Claro,4.65319,-74.1099,UMTS,3,20,2025-06-12
Claro,4.6531,-74.1048,UMTS,1,7,2026-06-21
Claro,4.65221,-74.1029,UMTS,3,7,2026-08-27
Claro,4.65392,-74.10013,UMTS,2,33,2026-08-27
Claro,4.6537,-74.0958,LTE,1,2,2025-09-15
Claro,4.65255,-74.09395,LTE,2,2,2025-09-11
Claro,4.65266,-74.07873,UMTS,3,53,2026-06-27
Claro,4.65309,-74.07557,UMTS,3,25,2026-05-23
Claro,4.65217,-74.07284,UMTS,2,16,2026-06-27
Claro,4.6534,-74.0691,UMTS,1,3,2025-07-03
Claro,4.653,-74.063,UMTS,1,1,2025-11-12
Claro,4.65273,-74.06142,UMTS,2,8,2026-02-04
Claro,4.6537,-74.0585,UMTS,1,1,2025-08-06
Claro,4.6539,-74.0545,UMTS,1,1,2025-08-06
Claro,4.65385,-74.0508,UMTS,2,2,2026-04-08
Claro,4.6567,-75.6084,UMTS,1,2,2025-11-29
Claro,4.6559,-74.3888,UMTS,1,1,2026-08-19
Claro,4.6566,-74.2798,UMTS,1,4,2026-02-03
Claro,4.6546,-74.1434,UMTS,1,1,2025-09-09
Claro,4.6561,-74.13334,LTE,4,25,2026-03-29
Claro,4.6553,-74.1219,UMTS,1,27,2026-06-23
Claro,4.6575,-74.1169,UMTS,1,27,2026-05-05
Claro,4.6575,-74.1136,UMTS,1,15,2025-10-10
Claro,4.65669,-74.11177,UMTS,3,13,2025-09-12
Claro,4.6548,-74.1077,UMTS,1,7,2025-11-29
Claro,4.6559,-74.10622,LTE,3,13,2026-08-27
Claro,4.6562,-74.1017,UMTS,1,9,2025-07-05
Claro,4.657,-74.1005,LTE,1,1,2025-09-29
Claro,4.655,-74.09725,LTE,3,6,2025-10-12
Claro,4.6547,-74.0948,UMTS,1,12,2025-05-24
Claro,4.6561,-74.0899,LTE,1,1,2025-05-08
Claro,4.65623,-74.08144,UMTS,3,32,2026-08-08
Claro,4.6572,-74.0779,LTE,1,1,2025-05-08
Claro,4.6557,-74.0749,UMTS,1,14,2026-06-23
Claro,4.65564,-74.07214,UMTS,2,63,2026-01-31
Claro,4.6554,-74.0685,UMTS,1,9,2026-01-31
Claro,4.6558,-74.068,UMTS,1,9,2026-01-19
Claro,4.6546,-74.0647,UMTS,1,3,2025-11-13
Claro,4.6549,-74.0612,UMTS,1,13,2026-04-12
Claro,4.65717,-74.05853,UMTS,2,3,2026-06-06
Claro,4.6558,-74.0556,UMTS,1,3,2026-04-25
Claro,4.6555,-74.0495,UMTS,3,4,2026-06-08
Claro,4.6585,-75.5961,UMTS,1,1,2025-09-01
Claro,4.65929,-74.13645,LTE,5,22,2026-03-21
Claro,4.6604,-74.1329,UMTS,1,3,2026-02-14
Claro,4.65807,-74.11865,UMTS,3,48,2026-03-05
Claro,4.65859,-74.11079,UMTS,3,28,2026-05-01
Claro,4.65964,-74.10842,UMTS,2,5,2025-11-27
Claro,4.65877,-74.10693,UMTS,2,3,2026-07-07
Claro,4.65935,-74.0998,LTE,3,24,2025-10-19
Claro,4.65995,-74.08845,LTE,2,2,2025-05-08
Claro,4.6579,-74.0841,UMTS,1,12,2025-12-20
Claro,4.65949,-74.07621,UMTS,2,32,2026-06-08
Claro,4.65813,-74.0709,UMTS,2,30,2025-10-23
Claro,4.65833,-74.06657,UMTS,2,7,2025-11-11
Claro,4.6582,-74.0654,UMTS,1,5,2026-01-19
Claro,4.65807,-74.06097,UMTS,2,7,2026-02-04
Claro,4.658,-74.0592,UMTS,1,2,2026-01-31
Claro,4.6586,-74.0533,UMTS,1,1,2026-01-31
Claro,4.6585,-74.04877,UMTS,2,14,2026-06-27
Claro,4.6606,-75.6019,UMTS,1,9,2026-06-11
Claro,4.6616,-74.2848,UMTS,1,1,2025-05-30
Claro,4.6607,-74.1459,UMTS,1,50,2025-09-10
Claro,4.6609,-74.13782,LTE,2,5,2026-03-29
Claro,4.66298,-74.13149,UMTS,2,10,2026-02-14
Claro,4.6616,-74.1172,UMTS,1,24,2026-08-25
Claro,4.66255,-74.1144,UMTS,3,33,2026-05-05
Claro,4.66113,-74.1094,UMTS,7,34,2026-08-27
Claro,4.6614,-74.1041,UMTS,1,19,2026-06-10
Claro,4.66122,-74.09041,LTE,3,19,2025-10-03
Claro,4.66185,-74.07579,LTE,7,54,2026-06-08
Claro,4.661,-74.0725,UMTS,1,6,2025-10-23
Claro,4.6614,-74.068,UMTS,1,4,2026-06-08
Claro,4.66093,-74.06356,UMTS,3,10,2026-06-08
Claro,4.66264,-74.06117,UMTS,5,31,2026-02-04
Claro,4.6608,-74.0554,UMTS,1,4,2025-10-29
Claro,4.6635,-74.047,UMTS,1,2,2026-01-27
Claro,4.66616,-74.14683,LTE,4,9,2025-09-15
Claro,4.6655,-74.14508,LTE,3,5,2025-09-12
Claro,4.66459,-74.14169,LTE,5,34,2026-03-05
Claro,4.6643,-74.13972,LTE,2,4,2025-11-20
Claro,4.666,-74.1308,UMTS,1,1,2025-08-01
Claro,4.6638,-74.1204,UMTS,1,8,2025-09-18
Claro,4.664,-74.1184,UMTS,1,4,2025-05-22
Claro,4.6652,-74.1146,UMTS,1,18,2026-02-03
Claro,4.6636,-74.1133,UMTS,1,25,2026-07-07
Claro,4.6648,-74.1103,UMTS,1,1,2026-08-27
Claro,4.6653,-74.09567,UMTS,2,12,2026-06-23
Claro,4.66436,-74.09422,LTE,4,37,2026-01-19
Claro,4.6649,-74.0922,LTE,1,1,2025-05-08
Claro,4.6656,-74.0848,UMTS,1,18,2025-08-01
Claro,4.6664,-74.0798,UMTS,1,11,2025-10-03
Claro,4.66413,-74.07488,LTE,2,20,2026-05-23
Claro,4.66571,-74.07383,UMTS,4,69,2026-06-08
Claro,4.6645,-74.0688,UMTS,1,8,2026-06-27
Claro,4.666,-74.0617,UMTS,1,14,2026-04-25
Claro,4.66489,-74.05821,UMTS,2,25,2026-02-01
Claro,4.6652,-74.0507,UMTS,1,2,2025-10-22
Claro,4.66443,-74.04969,UMTS,2,7,2026-04-07
Claro,4.6646,-74.0467,UMTS,1,2,2026-04-09
Claro,4.66868,-75.59918,UMTS,2,12,2026-04-11
Claro,4.6675,-74.4057,UMTS,1,1,2025-11-14
Claro,4.6674,-74.3551,UMTS,1,2,2025-11-16
Claro,4.6665,-74.2725,LTE,1,1,2025-10-22
Claro,4.66836,-74.15084,LTE,5,5,2025-09-13
Claro,4.66728,-74.14925,LTE,2,6,2025-09-15
Claro,4.6666,-74.1434,UMTS,1,3,2025-11-29
Claro,4.6666,-74.1373,UMTS,1,3,2026-03-29
Claro,4.6687,-74.1245,UMTS,1,1,2025-07-18
Claro,4.6669,-74.1188,UMTS,1,6,2025-09-17
Claro,4.6686,-74.1127,UMTS,1,1,2026-08-27
Claro,4.66867,-74.10937,UMTS,6,52,2026-05-01
Claro,4.66803,-74.10595,UMTS,4,40,2026-06-21
Claro,4.66874,-74.09838,UMTS,2,8,2026-06-23
Claro,4.6682,-74.09195,LTE,2,2,2025-05-08
Claro,4.6669,-74.0787,UMTS,1,3,2025-10-20
Claro,4.66836,-74.07316,UMTS,3,14,2025-11-09
Claro,4.6673,-74.0698,UMTS,1,8,2026-06-08
Claro,4.66811,-74.06642,UMTS,2,17,2026-08-08
Claro,4.66769,-74.06461,UMTS,2,26,2026-04-09
Claro,4.66797,-74.06078,UMTS,2,9,2026-04-12
Claro,4.66803,-74.05792,UMTS,4,12,2026-04-07
Claro,4.6682,-74.0553,UMTS,2,3,2026-01-31
Claro,4.6682,-74.0516,UMTS,1,9,2025-12-03
Claro,4.6678,-74.0497,UMTS,1,3,2025-05-24
Claro,4.66791,-74.04571,UMTS,2,14,2026-04-21
Claro,4.667,-74.0444,UMTS,1,1,2026-06-26
Claro,4.6681,-74.0001,UMTS,1,1,2026-06-26
Claro,4.6714,-74.4002,UMTS,1,2,2025-11-16
Claro,4.6724,-74.3827,UMTS,1,2,2025-11-16
Claro,4.6722,-74.2672,UMTS,1,27,2026-05-14
Claro,4.6711,-74.1468,UMTS,1,2,2025-11-29
Claro,4.6709,-74.1437,UMTS,1,5,2025-11-20
Claro,4.67031,-74.13307,UMTS,2,16,2025-11-05
Claro,4.6699,-74.1307,UMTS,1,11,2025-11-20
Claro,4.67059,-74.12425,UMTS,2,8,2025-09-17
Claro,4.66973,-74.12075,UMTS,2,11,2025-06-12
Claro,4.6699,-74.1141,UMTS,1,1,2025-05-27
Claro,4.67093,-74.1115,UMTS,3,55,2026-06-08
Claro,4.67055,-74.10663,UMTS,2,24,2026-06-23
Claro,4.6702,-74.10231,UMTS,2,44,2026-06-21
Claro,4.66984,-74.09938,UMTS,3,9,2026-02-04
Claro,4.6715,-74.0793,UMTS,1,10,2026-06-08
Claro,4.6699,-74.0767,LTE,1,1,2025-05-08
Claro,4.67181,-74.06946,UMTS,2,43,2026-06-08
Claro,4.6724,-74.0678,UMTS,1,14,2025-12-13
Claro,4.67,-74.0597,UMTS,1,1,2025-10-21
Claro,4.67,-74.0147,UMTS,1,1,2026-06-26
Claro,4.67472,-74.1533,LTE,3,13,2026-07-15
Claro,4.67399,-74.1514,UMTS,2,9,2026-03-05
Claro,4.67452,-74.14566,UMTS,2,10,2026-01-21
Claro,4.675,-74.123,UMTS,1,7,2026-02-14
Claro,4.6745,-74.1171,UMTS,1,7,2026-04-12
Claro,4.6729,-74.1154,UMTS,2,2,2026-08-27
Claro,4.67328,-74.10586,UMTS,2,37,2026-06-23
Claro,4.6745,-74.1041,UMTS,1,19,2026-08-25
Claro,4.67315,-74.08894,LTE,4,8,2025-10-24
Claro,4.6736,-74.0838,LTE,1,42,2025-10-12
Claro,4.6733,-74.0823,UMTS,1,26,2026-01-15
Claro,4.6733,-74.0783,UMTS,1,21,2025-07-05
Claro,4.67393,-74.07633,LTE,2,6,2025-11-03
Claro,4.6742,-74.06564,UMTS,2,25,2026-06-27
Claro,4.67409,-74.06087,UMTS,3,19,2025-10-22
Claro,4.6743,-74.0595,UMTS,1,9,2026-05-23
Claro,4.6729,-74.0539,UMTS,1,1,2025-07-08
Claro,4.6734,-74.0509,UMTS,1,2,2025-05-24
Claro,4.6744,-74.0329,UMTS,1,7,2026-06-27
Claro,4.67776,-75.60293,UMTS,2,15,2026-06-13
Claro,4.6756,-74.336,UMTS,1,2,2025-11-16
Claro,4.6778,-74.2586,UMTS,1,7,2025-05-08
Claro,4.6764,-74.1541,UMTS,1,2,2025-08-17
Claro,4.677,-74.1475,UMTS,1,6,2026-01-21
Claro,4.6768,-74.1457,UMTS,1,7,2026-01-21
Claro,4.6778,-74.1422,UMTS,1,1,2025-11-04
Claro,4.67807,-74.13526,UMTS,2,7,2026-01-21
Claro,4.6778,-74.1304,UMTS,1,1,2025-10-10
Claro,4.6784,-74.126,UMTS,1,5,2025-09-17
Claro,4.67628,-74.12325,UMTS,3,16,2026-07-07
Claro,4.67694,-74.12036,UMTS,5,72,2026-09-18
Claro,4.67724,-74.11901,UMTS,3,7,2026-09-19
Claro,4.67743,-74.10723,UMTS,2,26,2026-06-12
Claro,4.67606,-74.0869,UMTS,2,33,2026-06-08
Claro,4.67814,-74.084,LTE,3,11,2025-07-03
Claro,4.6759,-74.0821,UMTS,1,8,2026-08-08
Claro,4.6776,-74.074,UMTS,1,12,2026-08-07
Claro,4.67567,-74.06419,UMTS,2,39,2026-01-27
Claro,4.6783,-74.0604,UMTS,1,20,2026-05-05
Claro,4.6773,-74.05795,UMTS,2,16,2026-04-02
Claro,4.6783,-74.0544,UMTS,1,3,2025-09-11
Claro,4.67779,-74.05234,UMTS,2,8,2025-11-11
Claro,4.6768,-74.05,LTE,1,1,2025-12-13
Claro,4.6765,-74.0471,UMTS,1,4,2025-12-03
Claro,4.6764,-74.0433,UMTS,1,13,2025-09-04
Claro,4.67771,-74.04073,UMTS,3,41,2026-05-21
Claro,4.68026,-74.25591,UMTS,2,10,2026-08-25
Claro,4.6794,-74.2526,UMTS,1,10,2025-11-15
Claro,4.6788,-74.1718,LTE,1,1,2026-08-26
Claro,4.6813,-74.1558,LTE,2,2,2025-10-14
Claro,4.67971,-74.15494,LTE,3,19,2026-07-15
Claro,4.6807,-74.1438,UMTS,1,2,2025-09-15
Claro,4.681,-74.1347,UMTS,1,5,2025-12-03
Claro,4.68038,-74.13392,UMTS,2,5,2025-09-07
Claro,4.67973,-74.12072,UMTS,6,18,2026-09-18
Claro,4.6801,-74.118,UMTS,4,6,2026-09-19
Claro,4.6792,-74.1159,UMTS,1,25,2025-05-30
Claro,4.6805,-74.09987,UMTS,3,27,2026-04-07
Claro,4.67927,-74.08465,LTE,2,50,2026-02-02
Claro,4.6809,-74.0827,LTE,1,1,2025-05-08
Claro,4.6807,-74.0778,LTE,1,1,2025-05-08
Claro,4.6789,-74.0725,UMTS,1,10,2025-10-20
Claro,4.6815,-74.0631,UMTS,1,7,2026-04-12
Claro,4.67957,-74.05773,UMTS,2,7,2025-12-23
Claro,4.68053,-74.0476,UMTS,2,17,2025-12-23
Claro,4.6788,-74.0468,UMTS,1,6,2025-08-28
Claro,4.6839,-75.6051,UMTS,1,1,2025-05-09
Claro,4.68301,-74.15672,LTE,5,16,2025-09-09
Claro,4.6818,-74.1363,UMTS,2,12,2026-07-07
Claro,4.6842,-74.1261,UMTS,1,3,2025-06-19
Claro,4.68368,-74.12494,UMTS,2,5,2025-10-11
Claro,4.682,-74.11695,UMTS,2,2,2026-09-18
Claro,4.6837,-74.11456,UMTS,3,8,2026-09-18
Claro,4.6825,-74.0987,UMTS,1,10,2026-02-14
Claro,4.6839,-74.0977,UMTS,1,8,2026-03-25
Claro,4.6841,-74.0915,UMTS,1,3,2025-10-20
Claro,4.68171,-74.08315,LTE,2,32,2025-10-12
Claro,4.68313,-74.0796,LTE,3,14,2026-03-22
Claro,4.6827,-74.063,UMTS,1,5,2025-12-02
Claro,4.68321,-74.06078,UMTS,2,17,2026-04-12
Claro,4.6831,-74.05822,UMTS,4,56,2026-06-27
Claro,4.68316,-74.05424,UMTS,3,11,2025-12-20
Claro,4.68318,-74.04602,UMTS,2,20,2025-12-20
Claro,4.68256,-74.044,UMTS,3,51,2026-01-27
Claro,4.6843,-74.03626,UMTS,2,8,2026-04-20
Claro,4.6855,-75.6033,UMTS,1,10,2026-06-11
Claro,4.6859,-74.2549,UMTS,1,2,2025-12-12
Claro,4.6864,-74.15956,LTE,3,10,2026-07-15
Claro,4.68485,-74.15825,LTE,2,12,2026-03-05
Claro,4.6862,-74.14825,LTE,4,4,2025-09-13
Claro,4.6873,-74.1414,UMTS,1,3,2025-10-18
Claro,4.6857,-74.134,UMTS,1,7,2026-07-07
Claro,4.6869,-74.1303,UMTS,1,4,2025-10-11
Claro,4.68673,-74.12735,UMTS,3,16,2026-04-12
Claro,4.6855,-74.1167,UMTS,1,7,2026-06-08
Claro,4.68536,-74.11517,UMTS,3,22,2026-04-21
Claro,4.68466,-74.11167,UMTS,3,8,2026-09-18
Claro,4.68486,-74.09737,UMTS,2,23,2026-05-05
Claro,4.68662,-74.08192,LTE,6,32,2026-08-07
Claro,4.6861,-74.076,UMTS,1,22,2026-01-15
Claro,4.687,-74.0675,UMTS,1,4,2026-03-25
Claro,4.6865,-74.062,UMTS,1,9,2025-08-29
Claro,4.6854,-74.0577,UMTS,1,1,2025-08-14
Claro,4.6858,-74.055,UMTS,1,6,2026-05-21
Claro,4.68812,-74.25032,UMTS,2,20,2026-05-14
Claro,4.68948,-74.16295,LTE,6,18,2026-07-07
Claro,4.68854,-74.15947,LTE,2,11,2025-10-18
Claro,4.6903,-74.1577,UMTS,1,6,2025-05-10
Claro,4.68923,-74.1474,LTE,3,3,2025-09-13
Claro,4.6902,-74.1452,UMTS,1,1,2026-07-06
Claro,4.68902,-74.13258,UMTS,6,32,2026-07-07
Claro,4.68818,-74.12902,UMTS,2,10,2025-10-31
Claro,4.6886,-74.1213,UMTS,1,4,2026-06-08
Claro,4.68871,-74.1186,UMTS,2,27,2026-06-08
Claro,4.6877,-74.111,UMTS,1,2,2026-09-19
Claro,4.68904,-74.10953,UMTS,4,12,2026-09-19
Claro,4.6888,-74.1047,UMTS,1,5,2026-04-21
Claro,4.68869,-74.09467,UMTS,2,20,2026-08-24
Claro,4.69003,-74.08393,LTE,2,3,2026-08-06
Claro,4.68809,-74.0826,UMTS,2,8,2026-05-06
Claro,4.68908,-74.07244,UMTS,2,10,2025-07-03
Claro,4.6893,-74.0668,UMTS,1,3,2025-08-07
Claro,4.6882,-74.0581,UMTS,1,16,2026-04-12
Claro,4.6902,-74.0557,UMTS,1,12,2025-07-04
Claro,4.6884,-74.0351,UMTS,1,8,2026-04-09
Claro,4.6932,-74.848,UMTS,1,2,2026-05-09
Claro,4.6912,-74.2466,UMTS,1,6,2025-12-12
Claro,4.6918,-74.2435,UMTS,1,23,2026-05-14
Claro,4.69322,-74.16805,UMTS,3,10,2026-07-14
Claro,4.69203,-74.16591,LTE,3,10,2026-07-25
Claro,4.6914,-74.1487,LTE,3,3,2025-09-13
Claro,4.6924,-74.1451,UMTS,1,17,2025-07-17
Claro,4.6925,-74.1406,UMTS,1,14,2025-07-15
Claro,4.69237,-74.13483,UMTS,2,3,2026-04-12
Claro,4.6929,-74.1157,UMTS,1,7,2025-07-22
Claro,4.69233,-74.1078,UMTS,3,4,2026-09-19
Claro,4.693,-74.1075,UMTS,1,1,2026-09-04
Claro,4.69245,-74.0923,UMTS,2,29,2025-10-20
Claro,4.6922,-74.0854,LTE,1,1,2025-05-08
Claro,4.6933,-74.0676,UMTS,1,7,2026-03-25
Claro,4.6919,-74.0577,UMTS,1,5,2026-04-25
Claro,4.6913,-73.9877,UMTS,1,1,2026-06-26
Claro,4.6947,-74.2426,UMTS,1,10,2025-05-31
Claro,4.6948,-74.1695,LTE,1,5,2025-09-15
Claro,4.695,-74.1587,LTE,1,1,2025-09-13
Claro,4.6953,-74.1581,UMTS,1,1,2026-07-06
Claro,4.69447,-74.15347,LTE,2,3,2025-09-15
Claro,4.69519,-74.14069,UMTS,3,7,2025-06-19
Claro,4.6944,-74.14,UMTS,1,1,2025-06-18
Claro,4.694,-74.1321,UMTS,1,7,2026-06-08
Claro,4.6957,-74.1255,UMTS,1,1,2025-08-16
Claro,4.69528,-74.10614,UMTS,4,5,2026-09-19
Claro,4.6959,-74.1022,UMTS,1,9,2025-06-08
Claro,4.69512,-74.0903,LTE,3,12,2026-04-09
Claro,4.6943,-74.08891,LTE,3,9,2026-06-23
Claro,4.69601,-74.06898,UMTS,2,18,2025-08-07
Claro,4.69369,-74.06772,UMTS,2,48,2025-08-29
Claro,4.6952,-74.0568,UMTS,1,23,2025-12-13
Claro,4.6961,-74.0561,UMTS,1,10,2025-10-25
Claro,4.6937,-74.0333,UMTS,1,1,2025-10-21
Claro,4.6955,-74.032,UMTS,1,1,2026-04-20
Claro,4.69864,-75.60642,UMTS,2,16,2026-06-11
Claro,4.69917,-74.22121,LTE,2,9,2026-07-25
Claro,4.69723,-74.2173,LTE,4,35,2025-10-12
Claro,4.69716,-74.21286,LTE,2,8,2025-10-03
Claro,4.69727,-74.20984,LTE,2,15,2025-10-12
Claro,4.6977,-74.2064,LTE,1,14,2025-10-12
Claro,4.69806,-74.20006,LTE,3,29,2025-10-12
Claro,4.69833,-74.19542,LTE,6,46,2025-11-29
Claro,4.69848,-74.19263,LTE,4,44,2026-07-15
Claro,4.6981,-74.191,UMTS,1,11,2026-07-07
Claro,4.69866,-74.18439,UMTS,2,7,2026-07-07
Claro,4.69851,-74.18164,LTE,2,10,2026-07-07
Claro,4.69711,-74.17766,LTE,2,16,2026-07-07
Claro,4.69714,-74.17531,LTE,4,19,2025-10-12
Claro,4.69763,-74.14138,UMTS,3,4,2025-12-20
Claro,4.69777,-74.12761,UMTS,3,11,2026-06-13
Claro,4.6983,-74.1181,UMTS,1,2,2025-10-08
Claro,4.698,-74.1129,UMTS,1,2,2025-07-22
Claro,4.69685,-74.1054,UMTS,2,2,2026-08-27
Claro,4.699,-74.104,UMTS,1,2,2026-09-19
Claro,4.6995,-74.0961,LTE,1,1,2025-05-08
Claro,4.69875,-74.0949,LTE,3,6,2026-03-17
Claro,4.69786,-74.09116,LTE,4,32,2026-08-08
Claro,4.69687,-74.08726,UMTS,2,13,2026-06-08
Claro,4.69727,-74.08253,UMTS,2,30,2026-08-25
Claro,4.6994,-74.0801,UMTS,1,9,2026-05-05
Claro,4.6975,-74.0732,UMTS,1,9,2025-07-19
Claro,4.6973,-74.06,UMTS,1,25,2025-08-29
Claro,4.6975,-74.0566,UMTS,1,27,2026-05-12
Claro,4.69705,-74.05559,UMTS,4,83,2026-05-23
Claro,4.6989,-74.0501,UMTS,1,18,2025-07-20
Claro,4.6992,-74.0298,UMTS,1,11,2026-04-09
Claro,4.7021,-75.608,UMTS,1,5,2025-05-10
Claro,4.70183,-74.2344,LTE,3,27,2025-12-11
Claro,4.70184,-74.22964,LTE,2,10,2025-10-12
Claro,4.70108,-74.22577,LTE,4,8,2026-07-25
Claro,4.7004,-74.2235,LTE,1,1,2025-10-24
Claro,4.7008,-74.2139,UMTS,1,5,2026-07-07
Claro,4.7023,-74.1309,UMTS,1,1,2026-06-06
Claro,4.7006,-74.1238,UMTS,1,4,2026-06-13
Claro,4.7015,-74.1137,UMTS,1,1,2025-10-07
Claro,4.7003,-74.1121,UMTS,1,1,2026-06-09
Claro,4.70017,-74.10297,UMTS,3,12,2026-09-18
Claro,4.7022,-74.0996,LTE,1,1,2025-05-08
Claro,4.69967,-74.09692,LTE,4,8,2026-05-05
Claro,4.7001,-74.0921,UMTS,1,2,2026-01-19
Claro,4.7025,-74.0832,UMTS,1,27,2026-05-01
Claro,4.7002,-74.0744,UMTS,1,9,2025-11-19
Claro,4.7001,-74.0692,UMTS,1,9,2025-08-29
Claro,4.7005,-74.0603,UMTS,1,17,2025-09-17
Claro,4.70058,-74.05503,UMTS,2,19,2026-05-23
Claro,4.7001,-74.0459,UMTS,1,19,2025-07-19
Claro,4.7009,-74.0297,UMTS,1,50,2026-04-09
Claro,4.7024,-74.02903,UMTS,3,3,2026-07-05
Claro,4.7039,-74.2348,LTE,1,4,2026-07-25
Claro,4.7055,-74.2289,UMTS,1,10,2025-10-15
Claro,4.7046,-74.2254,UMTS,1,14,2026-07-15
Claro,4.7042,-74.2209,UMTS,1,8,2025-05-31
Claro,4.7038,-74.2165,UMTS,1,1,2025-05-12
Claro,4.7035,-74.1776,LTE,1,22,2025-08-19
Claro,4.7054,-74.1337,UMTS,1,9,2026-06-08
Claro,4.7028,-74.1092,UMTS,1,2,2026-03-22
Claro,4.7052,-74.1055,UMTS,1,5,2026-03-22
Claro,4.7045,-74.10024,LTE,4,9,2026-09-18
Claro,4.7052,-74.0983,UMTS,1,5,2026-02-02
Claro,4.7048,-74.0948,UMTS,1,18,2025-11-10
Claro,4.7041,-74.0816,UMTS,1,25,2026-05-01
Claro,4.7053,-74.0748,UMTS,1,15,2026-04-12
Claro,4.7046,-74.0705,UMTS,1,30,2025-05-23
Claro,4.7044,-74.0684,UMTS,1,24,2026-05-05
Claro,4.70382,-74.05556,UMTS,2,45,2026-06-27
Claro,4.7043,-74.04315,UMTS,2,2,2026-07-05
Claro,4.7041,-74.0406,UMTS,1,1,2026-07-05
Claro,4.70463,-74.03723,UMTS,3,4,2026-07-05
Claro,4.7036,-74.0332,UMTS,1,1,2026-07-05
Claro,4.7084,-75.6109,UMTS,1,9,2026-04-07
Claro,4.7084,-74.2306,UMTS,1,2,2025-07-03
Claro,4.708,-74.2276,LTE,1,43,2025-08-26
Claro,4.70637,-74.22008,UMTS,2,8,2026-08-25
Claro,4.7057,-74.2116,UMTS,1,6,2025-05-31
Claro,4.7068,-74.2084,UMTS,2,2,2025-10-10
Claro,4.7065,-74.1221,UMTS,1,2,2026-06-13
Claro,4.7064,-74.1085,UMTS,1,1,2025-04-24
Claro,4.706,-74.0986,UMTS,1,3,2025-10-20
Claro,4.70669,-74.09651,UMTS,3,18,2026-03-22
Claro,4.7056,-74.0938,UMTS,1,5,2025-11-05
Claro,4.7068,-74.0773,UMTS,1,26,2026-05-01
Claro,4.7084,-74.062,UMTS,1,2,2026-04-07
Claro,4.70727,-74.05445,UMTS,5,74,2026-06-27
Claro,4.70748,-74.04888,UMTS,5,13,2026-07-05
Claro,4.7083,-74.0464,UMTS,1,6,2025-09-19
Claro,4.71,-74.2376,LTE,4,20,2026-07-25
Claro,4.7109,-74.2342,UMTS,1,7,2025-10-23
Claro,4.7107,-74.215,UMTS,1,11,2025-12-02
Claro,4.7096,-74.129,UMTS,1,1,2026-02-13
Claro,4.71057,-74.11217,UMTS,3,6,2026-05-06
Claro,4.7103,-74.1081,UMTS,1,3,2025-11-05
Claro,4.7089,-74.0957,LTE,1,2,2025-05-08
Claro,4.71077,-74.09387,UMTS,2,3,2026-09-19
Claro,4.7109,-74.0872,UMTS,1,2,2025-08-02
Claro,4.71,-74.0733,UMTS,1,45,2025-08-07
Claro,4.7089,-74.0687,UMTS,1,10,2026-03-25
Claro,4.7096,-74.0635,UMTS,1,22,2026-03-25
Claro,4.7085,-74.059,UMTS,1,18,2025-08-07
Claro,4.7085,-74.0485,UMTS,1,1,2026-07-05
Claro,4.7109,-74.03,UMTS,1,1,2026-04-08
Claro,4.71,-74.0288,UMTS,1,1,2026-07-05
Claro,4.71393,-75.6138,UMTS,2,10,2026-06-13
Claro,4.7128,-74.8691,UMTS,1,2,2026-05-09
Claro,4.7143,-74.7863,UMTS,1,1,2026-05-08
Claro,4.71315,-74.23856,LTE,4,27,2026-07-25
Claro,4.71309,-74.22245,UMTS,4,11,2026-05-14
Claro,4.7119,-74.2168,UMTS,1,2,2025-05-31
Claro,4.714,-74.2134,UMTS,1,4,2025-06-28
Claro,4.7127,-74.2115,UMTS,1,13,2026-08-25
Claro,4.7117,-74.1134,UMTS,1,7,2026-05-01
Claro,4.71207,-74.09417,UMTS,4,24,2026-09-18
Claro,4.7118,-74.0788,UMTS,1,11,2026-06-23
Claro,4.7136,-74.0725,UMTS,1,11,2026-02-14
Claro,4.7118,-74.0671,UMTS,1,6,2025-07-04
Claro,4.7132,-74.05293,UMTS,2,59,2026-05-23
Claro,4.7125,-74.0294,UMTS,1,1,2026-07-05
Claro,4.713,-73.9718,UMTS,1,39,2026-06-27
Claro,4.7156,-75.6163,UMTS,1,2,2025-10-11
Claro,4.7147,-74.2434,UMTS,1,3,2025-12-16
Claro,4.71623,-74.23858,LTE,4,18,2026-07-25
Claro,4.7168,-74.2235,UMTS,1,4,2025-05-13
Claro,4.71527,-74.21184,UMTS,3,7,2025-07-03
Claro,4.7151,-74.2072,UMTS,1,3,2025-10-11
Claro,4.71733,-74.20393,UMTS,2,12,2026-05-14
Claro,4.71528,-74.11684,UMTS,2,5,2026-06-13
Claro,4.7145,-74.1162,UMTS,1,3,2025-11-09
Claro,4.71708,-74.09334,LTE,3,23,2025-11-05
Claro,4.7145,-74.0709,UMTS,1,23,2026-05-01
Claro,4.7171,-74.0591,UMTS,1,8,2026-06-19
Claro,4.7162,-74.05257,UMTS,3,41,2026-06-08
Claro,4.71593,-74.02877,UMTS,3,3,2026-07-05
Claro,4.7166,-73.9681,UMTS,1,1,2026-06-26
Claro,4.7201,-75.6219,UMTS,1,5,2026-04-11
Claro,4.7199,-74.2425,UMTS,1,4,2026-02-03
Claro,4.71839,-74.23873,LTE,3,13,2026-07-25
Claro,4.7202,-74.2225,UMTS,1,1,2025-05-12
Claro,4.7176,-74.2177,UMTS,1,4,2025-07-03
Claro,4.7191,-74.2137,UMTS,1,3,2025-05-13
Claro,4.7177,-74.2055,UMTS,1,2,2025-06-28
Claro,4.7179,-74.1227,UMTS,1,6,2026-06-10
Claro,4.72029,-74.12034,UMTS,3,7,2026-06-13
Claro,4.71943,-74.09581,UMTS,2,28,2026-09-05
Claro,4.7184,-74.09335,UMTS,2,2,2026-09-18
Claro,4.71934,-74.09086,LTE,2,7,2026-01-25
Claro,4.718,-74.0765,UMTS,1,10,2026-06-19
Claro,4.7184,-74.0544,UMTS,1,1,2025-08-14
Claro,4.71878,-74.05205,UMTS,3,25,2026-05-23
Claro,4.7182,-74.0338,UMTS,2,2,2026-06-18
Claro,4.7187,-74.0279,UMTS,1,1,2026-07-05
Claro,4.7191,-73.96795,UMTS,2,8,2026-06-27
Claro,4.7223,-74.2397,LTE,1,9,2026-07-25
Claro,4.7231,-74.1954,UMTS,1,4,2026-08-25
Claro,4.7235,-74.1227,UMTS,1,6,2026-06-10
Claro,4.7211,-74.1209,UMTS,1,2,2025-07-03
Claro,4.7219,-74.0968,UMTS,2,4,2026-09-19
Claro,4.7218,-74.0897,UMTS,1,1,2026-01-24
Claro,4.72175,-74.08798,LTE,4,26,2025-05-30
Claro,4.7221,-74.0859,LTE,1,16,2025-05-29
Claro,4.7213,-74.0833,LTE,1,7,2025-05-29
Claro,4.7207,-74.0741,UMTS,1,27,2026-04-09
Claro,4.7222,-74.0712,UMTS,1,10,2026-06-19
Claro,4.7233,-74.064,UMTS,1,1,2026-06-18
Claro,4.7206,-74.0594,UMTS,1,1,2026-06-18
Claro,4.72173,-74.05126,UMTS,2,10,2026-05-23
Claro,4.7223,-74.0325,UMTS,1,1,2026-06-18
Claro,4.7211,-74.0265,UMTS,1,1,2026-07-05
Claro,4.7256,-75.632,UMTS,1,11,2026-03-04
Claro,4.72569,-74.25304,LTE,3,40,2026-07-15
Claro,4.7255,-74.2504,LTE,1,2,2025-12-12
Claro,4.725,-74.2473,LTE,1,11,2025-12-12
Claro,4.72506,-74.24158,UMTS,2,10,2026-03-21
Claro,4.7252,-74.1931,UMTS,1,5,2025-05-31
Claro,4.72512,-74.12417,UMTS,5,23,2026-08-26
Claro,4.726,-74.0996,UMTS,1,4,2026-09-19
Claro,4.7237,-74.0963,UMTS,1,19,2025-11-05
Claro,4.72437,-74.09394,UMTS,2,29,2025-05-10
Claro,4.72414,-74.09115,LTE,3,22,2025-05-30
Claro,4.72493,-74.08797,LTE,3,3,2025-05-09
Claro,4.72467,-74.08536,LTE,6,9,2025-05-07
Claro,4.7262,-74.0746,UMTS,1,1,2026-06-22
Claro,4.7248,-74.072,UMTS,1,15,2025-09-11
Claro,4.724,-74.0714,UMTS,1,33,2026-06-19
Claro,4.7242,-74.0664,UMTS,1,1,2026-04-08
Claro,4.724,-74.05096,UMTS,2,13,2026-05-23
Claro,4.7238,-74.0414,UMTS,1,1,2026-04-10
Claro,4.7261,-74.0324,UMTS,2,2,2026-06-18
Claro,4.7252,-74.0251,UMTS,1,1,2026-07-05
Claro,4.72824,-75.63503,UMTS,2,11,2026-06-11
Claro,4.72864,-74.27002,LTE,7,23,2025-12-15
Claro,4.7291,-74.2693,LTE,1,12,2025-12-15
Claro,4.7289,-74.2586,UMTS,1,2,2025-12-12
Claro,4.7268,-74.2572,UMTS,1,8,2026-07-15
Claro,4.72795,-74.2498,LTE,3,15,2025-12-12
Claro,4.7266,-74.2475,LTE,1,10,2025-12-12
Claro,4.7293,-74.2442,LTE,1,4,2025-12-12
Claro,4.7287,-74.2418,LTE,1,14,2026-07-25
Claro,4.72797,-74.10032,UMTS,4,4,2026-09-18
Claro,4.72849,-74.0899,LTE,3,17,2025-05-30
Claro,4.72818,-74.08789,LTE,4,22,2026-01-25
Claro,4.72713,-74.0719,UMTS,2,7,2026-06-19
Claro,4.7277,-74.0503,UMTS,1,8,2026-05-23
Claro,4.727,-74.0347,UMTS,1,1,2026-04-10
Claro,4.7285,-74.0323,UMTS,1,1,2026-06-18
Claro,4.72835,-74.02455,UMTS,2,2,2026-07-05
Claro,4.7324,-75.6403,UMTS,1,2,2026-03-07
Claro,4.72972,-74.26914,LTE,3,9,2025-12-15
Claro,4.7317,-74.2611,UMTS,1,3,2025-05-31
Claro,4.7305,-74.25831,UMTS,2,7,2026-03-05
Claro,4.73061,-74.24885,LTE,3,20,2026-07-15
Claro,4.7301,-74.2484,LTE,1,2,2025-12-12
Claro,4.73103,-74.24268,LTE,2,8,2026-07-25
Claro,4.73026,-74.09958,UMTS,2,14,2026-08-27
Claro,4.73018,-74.08887,LTE,4,10,2025-08-02
Claro,4.7309,-74.0692,UMTS,1,4,2026-03-25
Claro,4.7306,-74.0499,UMTS,1,2,2026-05-23
Claro,4.7299,-74.0305,UMTS,1,2,2026-07-06
Claro,4.7339,-74.2654,UMTS,1,2,2025-05-06
Claro,4.7333,-74.2633,UMTS,1,2,2025-05-31
Claro,4.7333,-74.2588,UMTS,1,3,2025-05-28
Claro,4.7353,-74.25695,UMTS,2,16,2026-07-15
Claro,4.73371,-74.24998,LTE,8,40,2026-07-15
Claro,4.7349,-74.2484,LTE,1,3,2025-12-12
Claro,4.73266,-74.24466,LTE,2,14,2026-03-10
Claro,4.7329,-74.1887,LTE,1,1,2025-08-04
Claro,4.7347,-74.1827,UMTS,1,1,2025-05-12
Claro,4.7349,-74.1595,LTE,1,1,2026-09-03
Claro,4.73445,-74.13206,UMTS,2,20,2026-08-26
Claro,4.7339,-74.10061,UMTS,4,67,2026-09-18
Claro,4.7329,-74.0907,LTE,1,1,2025-05-08
Claro,4.7335,-74.08835,LTE,2,2,2025-05-08
Claro,4.7339,-74.08547,LTE,2,3,2025-05-29
Claro,4.73484,-74.0493,UMTS,2,20,2026-06-27
Claro,4.7349,-74.0398,UMTS,1,1,2026-04-10
Claro,4.7374,-75.9095,LTE,1,1,2025-04-27
Claro,4.7383,-74.2739,UMTS,1,9,2025-05-28
Claro,4.73773,-74.2559,LTE,2,12,2025-12-12
Claro,4.73753,-74.25347,LTE,4,15,2025-12-12
Claro,4.7361,-74.24682,LTE,3,25,2026-07-25
Claro,4.7379,-74.17942,UMTS,3,10,2026-08-25
Claro,4.736,-74.1553,LTE,1,1,2025-09-06
Claro,4.7374,-74.1362,UMTS,1,23,2026-03-21
Claro,4.7364,-74.134,UMTS,1,11,2026-06-10
Claro,4.7364,-74.1264,UMTS,1,1,2026-08-25
Claro,4.7384,-74.0994,UMTS,1,1,2026-09-18
Claro,4.7375,-74.0923,UMTS,1,2,2025-08-02
Claro,4.7376,-74.0846,UMTS,1,3,2026-01-25
Claro,4.7384,-74.0677,UMTS,1,3,2026-08-25
Claro,4.737,-74.0488,UMTS,2,8,2026-05-23
Claro,4.7405,-75.6596,UMTS,1,1,2026-06-09
Claro,4.7407,-74.2595,LTE,2,2,2026-07-06
Claro,4.7403,-74.1421,LTE,2,2,2026-08-31
Claro,4.74099,-74.09994,UMTS,5,27,2026-09-19
Claro,4.7412,-74.0961,UMTS,1,14,2026-09-05
Claro,4.7405,-74.0611,UMTS,1,1,2025-10-28
Claro,4.73958,-74.04848,UMTS,2,10,2026-06-27
Claro,4.74,-74.0468,UMTS,1,17,2026-06-08
Claro,4.7392,-73.9512,UMTS,1,9,2026-06-27
Claro,4.7427,-75.6606,UMTS,1,3,2026-01-28
Claro,4.7416,-74.2576,LTE,1,6,2025-12-12
Claro,4.74207,-74.25715,LTE,2,8,2025-12-12
Claro,4.7425,-74.2535,UMTS,1,6,2025-12-12
Claro,4.74274,-74.1758,UMTS,2,5,2025-12-02
Claro,4.74195,-74.12495,UMTS,2,2,2026-08-25
Claro,4.7423,-74.1162,UMTS,1,14,2026-08-26
Claro,4.7422,-74.0944,UMTS,1,5,2025-08-02
Claro,4.7418,-74.09,UMTS,1,4,2025-05-30
Claro,4.7426,-74.0653,UMTS,1,2,2025-07-17
Claro,4.7431,-74.0489,UMTS,1,5,2026-04-11
Claro,4.7444,-74.0329,UMTS,1,12,2025-07-18
Claro,4.7461,-75.6607,UMTS,1,3,2026-04-11
Claro,4.7467,-74.2811,UMTS,1,12,2026-07-15
Claro,4.7451,-74.2466,UMTS,1,7,2026-03-21
Claro,4.7464,-74.1441,UMTS,1,20,2026-05-12
Claro,4.7446,-74.143,UMTS,1,15,2026-06-13
Claro,4.747,-74.1104,UMTS,1,23,2026-06-20
Claro,4.7469,-74.1048,UMTS,2,3,2026-08-29
Claro,4.74602,-74.09703,UMTS,4,19,2026-09-18
Claro,4.7459,-74.0944,UMTS,5,42,2026-09-18
Claro,4.7455,-74.0671,UMTS,1,2,2026-04-21
Claro,4.7474,-74.0229,UMTS,1,1,2026-04-08
Claro,4.7499,-75.6685,UMTS,1,2,2026-06-13
Claro,4.7505,-74.2726,UMTS,1,15,2026-07-07
Claro,4.7485,-74.17743,LTE,2,3,2026-08-27
Claro,4.7492,-74.1434,UMTS,1,5,2026-05-01
Claro,4.7478,-74.1067,UMTS,1,7,2026-08-29
Claro,4.74857,-74.10358,UMTS,4,8,2026-08-27
Claro,4.7485,-74.09915,UMTS,2,2,2026-09-18
Claro,4.74975,-74.09698,UMTS,3,18,2026-09-18
Claro,4.7479,-74.07,UMTS,1,2,2025-05-23
Claro,4.7505,-74.0613,UMTS,1,1,2025-07-16
Claro,4.74967,-74.04687,UMTS,3,15,2026-06-08
Claro,4.7492,-74.0415,UMTS,1,8,2025-07-18
Claro,4.75133,-75.67079,UMTS,2,13,2026-03-04
Claro,4.7529,-74.2935,UMTS,1,9,2026-07-07
Claro,4.7525,-74.1816,LTE,1,1,2026-08-26
Claro,4.75177,-74.16183,UMTS,2,11,2026-08-25
Claro,4.7526,-74.16112,UMTS,2,5,2026-08-25
Claro,4.7527,-74.1487,UMTS,1,2,2026-03-21
Claro,4.7528,-74.0613,UMTS,1,11,2026-05-01
Claro,4.75233,-74.04626,UMTS,4,45,2026-08-25
Claro,4.7533,-74.0421,UMTS,1,8,2025-09-09
Claro,4.7519,-74.0279,UMTS,1,10,2025-05-31
Claro,4.754,-74.1519,UMTS,1,23,2026-06-10
Claro,4.75534,-74.1023,UMTS,2,5,2025-05-30
Claro,4.75607,-74.07963,LTE,2,3,2026-09-20
Claro,4.7559,-74.0609,UMTS,1,11,2026-08-25
Claro,4.7538,-74.057,UMTS,1,10,2026-05-01
Claro,4.7563,-74.0463,UMTS,1,1,2026-04-06
Claro,4.7579,-74.2936,UMTS,1,11,2025-11-15
Claro,4.7568,-74.08,UMTS,1,6,2026-06-23
Claro,4.7593,-74.0763,UMTS,1,2,2026-03-25
Claro,4.7592,-74.0464,UMTS,1,27,2026-05-12
Claro,4.7589,-74.0269,UMTS,1,17,2025-10-22
Claro,4.75842,-74.02602,UMTS,2,10,2025-10-22
Claro,4.7611,-75.6836,UMTS,1,6,2026-04-11
Claro,4.7603,-74.3055,UMTS,1,18,2026-03-10
Claro,4.7603,-74.1547,UMTS,1,8,2026-03-21
Claro,4.7624,-74.1491,UMTS,1,23,2026-05-12
Claro,4.7618,-74.0667,UMTS,1,27,2026-06-08
Claro,4.7598,-74.0634,UMTS,1,5,2026-09-20
Claro,4.76157,-74.04483,UMTS,2,15,2026-06-27
Claro,4.7606,-74.0438,UMTS,1,16,2026-05-01
Claro,4.762,-74.027,UMTS,1,1,2026-04-08
Claro,4.7599,-74.0241,UMTS,1,1,2025-05-29
Claro,4.7647,-75.6857,UMTS,1,8,2026-06-11
Claro,4.7634,-74.16471,UMTS,2,28,2026-02-14
Claro,4.7651,-74.0525,UMTS,1,2,2026-04-21
Claro,4.7651,-74.0325,UMTS,1,6,2025-11-21
Claro,4.7644,-74.031,UMTS,1,11,2026-04-09
Claro,4.7683,-75.6889,UMTS,1,7,2026-06-13
Claro,4.7658,-74.1566,UMTS,1,27,2026-08-25
Claro,4.7665,-74.1305,UMTS,1,1,2026-04-30
Claro,4.7659,-74.0468,UMTS,1,4,2025-05-23
Claro,4.7702,-74.043,UMTS,1,27,2026-06-27
Claro,4.7692,-74.0274,UMTS,1,2,2026-04-09
Claro,4.7723,-75.6918,UMTS,1,2,2026-04-11
Claro,4.7723,-75.6913,UMTS,1,4,2026-06-13
Claro,4.772,-74.3142,UMTS,1,11,2026-04-25
Claro,4.7734,-74.1757,UMTS,1,6,2026-06-13
Claro,4.7728,-74.172,UMTS,1,18,2025-07-27
Claro,4.7731,-74.0904,UMTS,1,2,2026-09-19
Claro,4.7719,-74.0832,UMTS,1,5,2026-03-25
Claro,4.77332,-74.04323,UMTS,2,32,2026-06-08
Claro,4.7733,-74.0272,UMTS,1,6,2026-04-21
Claro,4.7767,-75.6938,UMTS,1,12,2026-04-08
Claro,4.7757,-74.17,UMTS,1,24,2025-07-22
Claro,4.7761,-74.1394,UMTS,1,9,2026-08-25
Claro,4.7772,-74.0808,UMTS,1,6,2026-09-19
Claro,4.775,-74.0425,UMTS,1,8,2026-06-27
Claro,4.7773,-74.0273,UMTS,1,5,2026-04-09
Claro,4.778,-75.6945,UMTS,1,3,2026-06-13
Claro,4.7794,-74.7531,UMTS,2,2,2026-05-08
Claro,4.7793,-74.3252,UMTS,1,22,2026-07-15
Claro,4.7795,-74.1577,UMTS,1,18,2026-05-14
Claro,4.7792,-74.0418,UMTS,1,27,2026-08-25
Claro,4.7806,-74.3253,UMTS,1,9,2026-07-15
Claro,4.7831,-74.1869,UMTS,1,11,2025-07-03
Claro,4.7823,-74.0909,UMTS,1,5,2026-06-23
Claro,4.7823,-74.0876,UMTS,1,3,2026-05-01
Claro,4.7807,-74.0271,UMTS,1,3,2025-11-21
Claro,4.7831,-73.9557,UMTS,1,9,2026-06-27
Claro,4.7848,-75.69687,UMTS,2,7,2026-06-13
Claro,4.7846,-74.3356,UMTS,1,4,2026-07-07
Claro,4.7855,-74.3311,UMTS,1,9,2026-07-07
Claro,4.7862,-74.0282,UMTS,1,5,2025-10-29
Claro,4.7875,-75.6945,UMTS,1,14,2026-04-11
Claro,4.7874,-74.3427,UMTS,1,9,2026-02-03
Claro,4.7875,-74.3295,UMTS,1,23,2026-07-15
Claro,4.788,-74.1945,UMTS,1,7,2026-03-21
Claro,4.7891,-74.0403,UMTS,1,20,2026-06-08
Claro,4.7891,-74.0372,UMTS,1,15,2026-05-05
Claro,4.7917,-75.7292,UMTS,1,6,2026-03-07
Claro,4.792,-75.6958,UMTS,1,5,2025-10-09
Claro,4.7897,-74.3345,UMTS,1,8,2025-09-16
Claro,4.7925,-75.73,UMTS,1,1,2026-03-05
Claro,4.79398,-75.69559,UMTS,2,11,2026-04-08
Claro,4.794,-74.0958,UMTS,1,1,2026-04-30
Claro,4.7933,-74.03961,UMTS,2,21,2026-06-27
Claro,4.7972,-75.8505,LTE,1,1,2025-04-27
Claro,4.79739,-75.69481,UMTS,2,19,2026-06-13
Claro,4.7962,-74.1123,UMTS,1,6,2026-08-25
Claro,4.7968,-74.1082,UMTS,1,2,2026-05-13
Claro,4.7976,-74.0726,UMTS,1,10,2026-09-19
Claro,4.7968,-74.0399,UMTS,1,22,2026-05-23
Claro,4.8007,-75.7459,UMTS,1,5,2026-03-07
Claro,4.7994,-75.7388,UMTS,1,1,2026-03-05
Claro,4.7992,-75.7361,UMTS,1,10,2026-03-07
Claro,4.8006,-75.7332,UMTS,1,4,2026-03-07
Claro,4.79986,-75.69481,UMTS,3,26,2026-04-11
Claro,4.8012,-75.6944,UMTS,1,3,2025-09-03
Claro,4.7996,-74.219,UMTS,1,11,2025-07-27
Claro,4.8002,-74.211,UMTS,1,27,2026-06-13
Claro,4.7986,-74.0293,UMTS,1,2,2025-11-21
Claro,4.8023,-75.7401,UMTS,1,29,2026-03-07
Claro,4.8037,-75.7028,UMTS,1,13,2026-03-07
Claro,4.80297,-75.69383,UMTS,2,12,2026-06-11
Claro,4.8033,-75.6651,UMTS,1,5,2025-11-28
Claro,4.80385,-74.34405,LTE,2,2,2025-09-27
Claro,4.8032,-74.3394,UMTS,1,9,2026-07-07
Claro,4.8039,-74.0946,UMTS,1,5,2025-12-12
Claro,4.8036,-74.0852,UMTS,1,2,2026-09-19
Claro,4.8028,-74.0463,UMTS,1,8,2026-08-25
Claro,4.8038,-74.0378,UMTS,1,27,2026-05-05
Claro,4.8039,-74.0314,UMTS,1,4,2026-08-25
Claro,4.8055,-75.75,UMTS,1,4,2026-03-07
Claro,4.8071,-75.7477,UMTS,1,4,2026-03-07
Claro,4.8072,-75.7206,UMTS,1,3,2026-03-07
Claro,4.8057,-75.6987,UMTS,1,17,2025-09-06
Claro,4.80697,-75.69343,UMTS,3,8,2026-04-08
Claro,4.8067,-75.6908,UMTS,1,3,2026-03-07
Claro,4.8067,-75.6696,UMTS,1,4,2025-11-29
Claro,4.80476,-75.6672,UMTS,2,7,2025-11-29
Claro,4.80662,-74.35128,UMTS,4,23,2026-07-15
Claro,4.80481,-74.34895,UMTS,2,24,2026-03-10
Claro,4.8056,-74.3425,UMTS,1,13,2025-12-16
Claro,4.80607,-74.03713,UMTS,2,12,2026-04-09
Claro,4.8076,-75.8417,UMTS,1,2,2026-03-05
Claro,4.8094,-75.7706,UMTS,1,6,2026-03-05
Claro,4.8085,-75.7223,UMTS,1,2,2026-03-07
Claro,4.8079,-75.709,UMTS,1,13,2025-07-25
Claro,4.8095,-75.7005,UMTS,1,12,2026-04-10
Claro,4.80969,-75.69643,UMTS,3,14,2026-03-07
Claro,4.80901,-75.6937,UMTS,4,37,2026-04-11
Claro,4.80873,-75.69012,UMTS,3,8,2026-04-06
Claro,4.8082,-75.6883,UMTS,1,2,2025-09-05
Claro,4.8098,-75.6826,UMTS,1,11,2025-11-28
Claro,4.80993,-75.6803,UMTS,2,9,2025-11-29
Claro,4.8081,-75.6727,UMTS,1,6,2025-11-29
Claro,4.80821,-74.35409,UMTS,2,17,2026-07-15
Claro,4.80969,-74.35251,UMTS,2,56,2025-12-12
Claro,4.80921,-74.34791,UMTS,2,17,2025-12-12
Claro,4.8096,-74.3401,UMTS,1,6,2026-04-25
Claro,4.8102,-74.3329,UMTS,1,3,2025-05-28
Claro,4.8133,-75.7972,UMTS,1,1,2026-03-04
Claro,4.8131,-75.7821,UMTS,2,2,2026-03-04
Claro,4.8119,-75.7746,UMTS,1,4,2026-03-05
Claro,4.8119,-75.7383,UMTS,1,4,2025-04-11
Claro,4.8122,-75.7293,UMTS,1,3,2026-03-07
Claro,4.81297,-75.70988,UMTS,2,13,2026-03-06
Claro,4.81282,-75.70781,UMTS,2,17,2026-04-10
Claro,4.81177,-75.70559,UMTS,2,11,2026-04-10
Claro,4.81138,-75.70172,UMTS,3,21,2026-06-12
Claro,4.81114,-75.69825,UMTS,6,47,2026-06-12
Claro,4.81166,-75.69653,UMTS,7,67,2026-06-12
Claro,4.81156,-75.69301,UMTS,5,44,2026-06-13
Claro,4.81263,-75.69052,UMTS,2,13,2026-06-12
Claro,4.81144,-75.68737,UMTS,7,20,2026-04-08
Claro,4.8118,-75.6793,UMTS,1,3,2025-04-11
Claro,4.81126,-74.35744,UMTS,4,18,2026-07-07
Claro,4.8125,-74.3545,UMTS,1,21,2026-04-25
Claro,4.8111,-74.3478,UMTS,1,6,2026-07-15
Claro,4.8115,-74.347,UMTS,1,1,2025-07-18
Claro,4.8133,-74.2248,UMTS,1,27,2026-06-13
Claro,4.812,-74.0864,UMTS,1,5,2026-06-23
Claro,4.812,-74.0748,UMTS,1,1,2026-09-18
Claro,4.8132,-74.0571,LTE,1,3,2026-08-26
Claro,4.81247,-74.05497,LTE,2,3,2026-08-26
Claro,4.8124,-74.0345,UMTS,1,24,2026-06-27
Claro,4.8139,-75.7846,UMTS,1,1,2026-03-04
Claro,4.8137,-75.7729,UMTS,1,2,2026-03-05
Claro,4.816,-75.7349,UMTS,1,3,2026-01-30
Claro,4.8145,-75.7274,UMTS,1,7,2025-04-12
Claro,4.816,-75.7195,UMTS,1,8,2026-03-05
Claro,4.8157,-75.7163,UMTS,1,21,2026-03-05
Claro,4.81523,-75.71389,UMTS,3,38,2026-06-12
Claro,4.81401,-75.71115,UMTS,2,27,2026-06-12
Claro,4.81418,-75.70696,UMTS,2,33,2026-03-05
Claro,4.81467,-75.7051,UMTS,2,12,2026-01-30
Claro,4.8148,-75.7035,UMTS,1,3,2026-06-12
Claro,4.81479,-75.69863,UMTS,5,47,2026-06-12
Claro,4.81511,-75.69532,UMTS,5,40,2026-06-11
Claro,4.81552,-75.69279,UMTS,7,46,2026-06-12
Claro,4.81552,-75.69086,UMTS,2,15,2026-06-12
Claro,4.81511,-75.68704,UMTS,3,14,2026-04-09
Claro,4.8154,-74.7343,UMTS,1,50,2025-05-11
Claro,4.81477,-74.36078,UMTS,3,18,2026-04-14
Claro,4.8141,-74.3573,UMTS,1,5,2026-07-07
Claro,4.81492,-74.35284,UMTS,2,10,2025-11-29
Claro,4.8154,-74.2252,UMTS,1,20,2025-10-08
Claro,4.8149,-74.0977,UMTS,1,1,2026-08-24
Claro,4.8144,-74.072,UMTS,1,2,2026-03-25
Claro,4.8146,-74.0617,UMTS,2,3,2026-08-18
Claro,4.8137,-74.0588,LTE,1,14,2026-08-18
Claro,4.815,-74.05207,LTE,2,9,2026-09-15
Claro,4.8139,-74.0338,UMTS,1,27,2026-06-08
Claro,4.8178,-75.7152,UMTS,1,3,2026-03-05
Claro,4.819,-75.711,UMTS,1,5,2026-03-05
Claro,4.8195,-75.7004,UMTS,1,4,2026-03-05
Claro,4.8166,-75.6967,UMTS,1,5,2026-04-10
Claro,4.81682,-75.69391,UMTS,2,10,2026-04-10
Claro,4.8166,-75.6888,UMTS,1,14,2026-06-11
Claro,4.819,-74.3655,UMTS,1,1,2026-03-09
Claro,4.8171,-74.3556,UMTS,1,1,2026-07-06
Claro,4.8179,-74.3495,UMTS,1,12,2026-07-07
Claro,4.8172,-74.0877,UMTS,1,2,2026-09-19
Claro,4.8177,-74.0524,LTE,1,5,2026-08-18
Claro,4.8191,-74.035,UMTS,1,14,2026-06-27
Claro,4.818,-73.9388,UMTS,1,4,2026-06-27
Claro,4.8216,-75.8407,LTE,1,1,2025-04-27
Claro,4.8196,-75.6953,UMTS,1,8,2026-03-07
Claro,4.8198,-75.6861,UMTS,1,6,2026-04-08
Claro,4.8218,-75.6846,UMTS,1,20,2026-04-09
Claro,4.8202,-74.3546,UMTS,1,2,2026-07-07
Claro,4.8196,-74.05175,LTE,2,12,2026-09-16
Claro,4.8204,-74.0362,UMTS,1,21,2026-09-20
Claro,4.8211,-74.035,UMTS,1,27,2026-05-23
Claro,4.8235,-75.8416,UMTS,1,1,2026-03-04
Claro,4.823,-75.6888,UMTS,1,9,2026-06-11
Claro,4.8249,-75.6837,UMTS,1,10,2025-05-08
Claro,4.8235,-74.3594,UMTS,1,2,2025-12-16
Claro,4.8235,-74.2355,UMTS,1,12,2026-02-14
Claro,4.823,-74.2198,UMTS,1,2,2025-10-08
Claro,4.8237,-74.0724,UMTS,1,2,2026-09-19
Claro,4.8226,-74.0516,LTE,1,3,2026-08-31
Claro,4.8242,-74.037,UMTS,1,2,2026-05-01
Claro,4.8235,-74.0354,LTE,1,8,2026-08-20
Claro,4.8258,-75.68337,UMTS,2,16,2026-03-05
Claro,4.8276,-75.6805,UMTS,1,22,2025-06-12
Claro,4.8275,-74.2178,UMTS,1,1,2025-05-27
Claro,4.8267,-74.0908,UMTS,1,3,2026-05-13
Claro,4.8274,-74.0368,UMTS,1,15,2026-07-23
Claro,4.8259,-74.0343,UMTS,1,13,2026-06-08
Claro,4.8263,-73.9328,UMTS,1,1,2026-06-26
Claro,4.8299,-75.6791,UMTS,1,6,2025-06-12
Claro,4.8286,-74.3772,UMTS,1,3,2025-12-16
Claro,4.8299,-74.2438,UMTS,1,3,2026-06-13
Claro,4.8308,-74.0908,UMTS,1,7,2026-08-25
Claro,4.8322,-75.8498,UMTS,1,1,2026-03-04
Claro,4.8331,-75.6792,UMTS,1,5,2026-03-05
Claro,4.8332,-75.673,UMTS,1,6,2026-03-04
Claro,4.8341,-74.2924,UMTS,1,16,2026-05-06
Claro,4.8341,-74.2147,UMTS,1,1,2025-10-07
Claro,4.8325,-74.0854,UMTS,1,6,2026-05-13
Claro,4.8321,-74.0707,UMTS,1,1,2026-03-24
Claro,4.8322,-74.0414,UMTS,1,20,2025-08-12
Claro,4.8337,-74.03,UMTS,1,8,2026-03-07
Claro,4.8344,-74.0004,UMTS,1,16,2026-08-25
Claro,4.83655,-75.67697,UMTS,2,6,2026-06-11
Claro,4.83694,-75.67557,UMTS,2,28,2026-06-11
Claro,4.8347,-75.6715,UMTS,1,9,2026-03-04
Claro,4.8348,-74.2766,UMTS,1,2,2026-03-18
Claro,4.8359,-74.07045,LTE,2,2,2026-08-28
Claro,4.8361,-74.0647,UMTS,1,2,2026-06-23
Claro,4.8374,-74.0325,UMTS,1,27,2026-09-20
Claro,4.8388,-75.6802,UMTS,1,5,2026-01-30
Claro,4.839,-75.6771,UMTS,1,4,2025-04-10
Claro,4.8377,-75.6761,UMTS,1,1,2026-06-09
Claro,4.83982,-75.66615,UMTS,3,19,2026-03-04
Claro,4.8387,-74.3912,UMTS,1,20,2026-07-15
Claro,4.8383,-74.2559,UMTS,1,7,2026-06-13
Claro,4.8404,-74.0325,UMTS,1,25,2026-08-25
Claro,4.843,-75.6645,UMTS,1,11,2025-06-12
Claro,4.8414,-74.2602,UMTS,1,1,2025-04-24
Claro,4.8435,-74.0467,UMTS,1,14,2026-08-20
Claro,4.8431,-73.9812,UMTS,1,23,2026-09-29
Claro,4.8464,-74.2682,UMTS,1,4,2026-03-18
Claro,4.8438,-74.2493,UMTS,1,26,2025-08-17
Claro,4.8452,-74.0778,UMTS,1,3,2026-05-12
Claro,4.8439,-74.0692,LTE,1,1,2026-08-30
Claro,4.84839,-75.66631,UMTS,2,11,2026-06-11
Claro,4.8482,-75.6625,UMTS,1,15,2026-06-11
Claro,4.8475,-75.66065,UMTS,2,14,2025-06-12
Claro,4.8488,-74.0749,UMTS,1,7,2026-05-13
Claro,4.8487,-74.0695,UMTS,1,19,2025-12-12
Claro,4.84764,-74.04742,UMTS,2,32,2026-08-31
Claro,4.8495,-74.0388,UMTS,1,8,2026-06-25
Claro,4.8494,-73.9998,LTE,1,18,2026-08-28
Claro,4.84821,-73.99822,LTE,2,26,2026-09-29
Claro,4.8518,-75.665,UMTS,1,5,2025-11-27
Claro,4.84995,-75.66372,UMTS,2,13,2026-01-29
Claro,4.8518,-75.66067,UMTS,3,24,2026-01-30
Claro,4.8523,-74.2667,UMTS,1,1,2025-08-16
Claro,4.8501,-74.034,UMTS,1,18,2026-06-27
Claro,4.85236,-74.0027,LTE,3,35,2026-09-29
Claro,4.85071,-74.00101,LTE,5,66,2026-09-29
Claro,4.8545,-75.6522,UMTS,1,5,2026-03-04
Claro,4.85466,-75.64724,UMTS,2,5,2026-04-06
Claro,4.8542,-75.6425,UMTS,1,1,2026-03-02
Claro,4.8552,-74.2808,UMTS,1,1,2025-11-14
Claro,4.8553,-74.2731,UMTS,1,25,2026-02-14
Claro,4.8546,-74.2008,UMTS,1,3,2025-10-08
Claro,4.85514,-74.06596,UMTS,2,5,2026-05-12
Claro,4.8539,-74.0627,UMTS,1,7,2026-06-25
Claro,4.85395,-74.06105,UMTS,2,17,2026-06-25
Claro,4.8552,-74.0551,UMTS,1,3,2026-03-06
Claro,4.8552,-74.049,UMTS,1,15,2026-04-10
Claro,4.85519,-74.0307,UMTS,2,21,2026-06-08
Claro,4.85349,-74.00367,LTE,7,83,2026-09-29
Claro,4.855,-73.8538,UMTS,1,4,2026-06-27
Claro,4.8578,-74.4318,UMTS,1,1,2025-11-04
Claro,4.8581,-74.2936,UMTS,1,18,2025-11-09
Claro,4.8582,-74.061,UMTS,1,1,2025-04-29
Claro,4.85726,-74.05271,UMTS,2,8,2026-06-26
Claro,4.8563,-74.0333,UMTS,1,1,2025-10-02
Claro,4.8557,-74.006,UMTS,1,10,2026-09-29
Claro,4.8556,-73.9078,UMTS,1,1,2026-06-26
Claro,4.8606,-75.6443,UMTS,1,1,2026-01-29
Claro,4.8586,-75.6418,UMTS,1,5,2026-06-11
Claro,4.8611,-74.2528,UMTS,1,1,2025-08-16
Claro,4.8605,-74.0631,UMTS,1,15,2026-05-13
Claro,4.8588,-74.0607,UMTS,1,6,2026-06-25
Claro,4.8609,-74.0594,UMTS,1,8,2026-06-25
Claro,4.8619,-75.6335,UMTS,1,1,2026-01-29
Claro,4.8623,-74.06057,UMTS,2,6,2026-08-25
Claro,4.8631,-74.0571,UMTS,1,23,2026-06-25
Claro,4.86247,-74.05447,UMTS,2,27,2026-06-27
Claro,4.864,-74.0525,UMTS,1,6,2026-08-25
Claro,4.8623,-74.0314,UMTS,1,12,2025-08-28
Claro,4.8662,-75.8688,UMTS,1,1,2026-03-04
Claro,4.8657,-74.6909,UMTS,1,3,2026-07-16
Claro,4.8651,-74.2868,UMTS,1,6,2026-06-10
Claro,4.86521,-74.04805,UMTS,2,30,2026-06-26
Claro,4.8656,-74.045,UMTS,1,1,2025-09-17
Claro,4.8674,-74.0247,UMTS,1,8,2026-06-27
Claro,4.8652,-73.8825,UMTS,1,27,2026-06-27
Claro,4.8686,-74.6179,UMTS,1,1,2026-07-14
Claro,4.8682,-74.0596,UMTS,1,10,2025-08-15
Claro,4.8696,-74.0495,UMTS,1,10,2026-06-08
Claro,4.86858,-74.04035,UMTS,2,51,2026-08-25
Claro,4.86873,-74.03755,UMTS,3,55,2026-08-25
Claro,4.8687,-74.0329,UMTS,1,2,2025-04-24
Claro,4.8684,-73.8839,UMTS,1,1,2026-06-26
Claro,4.871,-75.633,UMTS,1,1,2025-10-08
Claro,4.872,-75.1486,UMTS,1,1,2026-05-08
Claro,4.8732,-74.5335,UMTS,1,1,2026-07-14
Claro,4.8714,-74.5297,UMTS,1,1,2025-05-09
Claro,4.8719,-74.0584,UMTS,1,3,2026-09-19
Claro,4.8728,-74.0536,UMTS,1,2,2025-12-02
Claro,4.8724,-74.0427,UMTS,2,2,2026-05-12
Claro,4.8716,-74.0373,UMTS,1,50,2026-01-27
Claro,4.8741,-75.1707,UMTS,1,1,2026-05-08
Claro,4.8755,-74.6085,UMTS,1,2,2025-12-16
Claro,4.8743,-74.564,UMTS,1,1,2025-12-15
Claro,4.8752,-74.56195,UMTS,2,2,2026-07-14
Claro,4.8754,-74.5554,UMTS,1,10,2025-12-16
Claro,4.8753,-74.469,UMTS,1,1,2025-05-09
Claro,4.874,-74.0418,UMTS,1,9,2026-06-25
Claro,4.87553,-74.03734,UMTS,3,47,2026-08-25
Claro,4.8747,-73.9947,LTE,1,19,2026-09-28
Claro,4.8765,-75.1654,UMTS,1,1,2026-05-08
Claro,4.8774,-74.6927,UMTS,1,1,2025-05-09
Claro,4.8791,-74.5917,UMTS,1,1,2025-12-15
Claro,4.8782,-74.465,UMTS,1,1,2026-07-14
Claro,4.8778,-74.4369,UMTS,1,20,2026-07-15
Claro,4.879,-74.0498,UMTS,1,2,2025-12-02
Claro,4.8776,-74.0363,UMTS,1,16,2026-06-24
Claro,4.8819,-75.6305,UMTS,1,2,2026-04-09
Claro,4.881,-74.4682,UMTS,1,10,2025-12-16
Claro,4.8796,-74.037,UMTS,1,19,2026-08-25
Claro,4.88076,-74.03536,UMTS,2,22,2026-07-22
Claro,4.8834,-74.7316,UMTS,1,50,2025-05-10
Claro,4.8854,-74.6071,UMTS,1,1,2025-12-15
Claro,4.8846,-74.5045,UMTS,1,1,2026-07-14
Claro,4.8828,-74.4377,UMTS,1,1,2025-05-09
Claro,4.885,-74.0235,UMTS,1,11,2026-05-21
Claro,4.8849,-74.0151,UMTS,1,9,2026-04-25
Claro,4.8884,-75.6289,UMTS,1,4,2025-11-26
Claro,4.8878,-74.7428,UMTS,1,11,2025-12-16
Claro,4.8866,-74.036,UMTS,1,1,2026-04-08
Claro,4.88654,-74.03436,UMTS,2,29,2026-06-08
Claro,4.8884,-74.0125,UMTS,1,1,2025-07-16
Claro,4.8901,-75.6288,UMTS,1,5,2026-06-11
Claro,4.8908,-75.6277,UMTS,1,3,2026-03-05
Claro,4.8907,-74.3036,UMTS,1,4,2026-06-10
Claro,4.891,-74.3018,UMTS,1,21,2026-06-13
Claro,4.8914,-74.1791,UMTS,1,2,2025-10-08
Claro,4.8888,-74.0286,UMTS,1,26,2026-06-26
Claro,4.8915,-74.0105,UMTS,1,2,2025-08-27
Claro,4.8908,-73.9896,UMTS,1,8,2026-08-25
Claro,4.8926,-74.0111,UMTS,1,18,2026-04-25
Claro,4.8939,-73.9933,UMTS,1,24,2026-09-30
Claro,4.89266,-73.98908,LTE,5,96,2026-09-30
Claro,4.89556,-75.8817,LTE,7,7,2025-04-27
Claro,4.8965,-75.6285,UMTS,1,12,2026-06-11
Claro,4.8968,-74.7807,UMTS,1,1,2026-07-14
Claro,4.8965,-74.3095,LTE,1,1,2026-08-21
Claro,4.8947,-74.0088,UMTS,1,18,2026-07-20
Claro,4.8975,-73.997,UMTS,1,14,2026-08-26
Claro,4.89583,-73.99105,LTE,4,17,2026-09-15
Claro,4.89586,-73.98927,LTE,6,59,2026-09-16
Claro,4.8979,-75.6272,UMTS,1,2,2026-03-04
Claro,4.8992,-74.7723,UMTS,2,2,2026-05-08
Claro,4.8995,-73.8661,UMTS,1,4,2026-06-27
Claro,4.9018,-75.869,UMTS,1,1,2026-03-04
Claro,4.9008,-74.859,UMTS,1,1,2026-05-08
Claro,4.90335,-74.70865,UMTS,2,2,2026-07-14
Claro,4.9005,-74.6787,UMTS,1,1,2025-12-15
Claro,4.901,-74.4501,UMTS,1,1,2026-07-14
Claro,4.9029,-74.2789,UMTS,1,2,2025-09-07
Claro,4.9013,-74.0276,UMTS,1,26,2026-06-25
Claro,4.90493,-75.62717,UMTS,2,3,2026-01-30
Claro,4.9055,-74.739,UMTS,1,2,2026-03-19
Claro,4.9059,-74.7375,UMTS,1,1,2025-05-09
Claro,4.9061,-74.7331,UMTS,1,1,2026-07-14
Claro,4.9048,-74.7289,UMTS,1,1,2026-05-08
Claro,4.906,-74.0246,UMTS,1,3,2026-06-24
Claro,4.9065,-74.7277,UMTS,1,11,2025-05-10
Claro,4.9088,-74.3028,UMTS,1,27,2026-06-13
Claro,4.9078,-74.0234,UMTS,1,7,2026-05-13
Claro,4.9105,-74.022,UMTS,1,25,2026-07-19
Claro,4.91445,-75.62515,UMTS,2,6,2026-01-29
Claro,4.9146,-74.0273,UMTS,1,19,2025-10-31
Claro,4.9139,-74.02388,UMTS,2,24,2025-10-29
Claro,4.9139,-74.0139,UMTS,1,7,2026-06-24
Claro,4.9158,-75.6256,UMTS,1,12,2026-04-09
Claro,4.9163,-74.7304,UMTS,1,30,2025-05-10
Claro,4.9165,-74.4257,UMTS,1,15,2026-03-10
Claro,4.9174,-74.0188,UMTS,1,23,2025-10-22
Claro,4.91906,-75.62442,UMTS,2,5,2026-01-30
Claro,4.9206,-75.0657,UMTS,1,7,2026-07-16
Claro,4.9212,-75.0615,UMTS,1,4,2026-07-16
Claro,4.9191,-75.0499,UMTS,1,6,2026-07-16
Claro,4.9215,-74.4282,UMTS,1,1,2025-06-03
Claro,4.9192,-74.0933,UMTS,1,1,2025-05-27
Claro,4.92336,-75.06606,UMTS,4,16,2026-07-16
Claro,4.9236,-75.0616,UMTS,1,2,2026-05-09
Claro,4.9217,-75.0584,UMTS,1,6,2026-05-09
Claro,4.9217,-74.4279,UMTS,1,1,2026-03-09
Claro,4.9244,-74.1762,UMTS,1,2,2025-10-08
Claro,4.9228,-74.0385,UMTS,1,1,2025-05-27
Claro,4.9264,-75.6253,UMTS,1,1,2025-09-02
Claro,4.9246,-75.0671,UMTS,1,2,2026-03-19
Claro,4.9263,-75.0229,UMTS,1,3,2026-07-16
Claro,4.9261,-74.3024,UMTS,1,5,2026-06-13
Claro,4.926,-74.0762,UMTS,1,1,2025-05-27
Claro,4.9261,-74.0174,UMTS,1,9,2026-05-21
Claro,4.9268,-74.0012,UMTS,1,27,2026-06-27
Claro,4.9267,-73.9774,UMTS,1,4,2025-10-22
Claro,4.9286,-74.1737,UMTS,1,1,2025-10-07
Claro,4.9289,-74.0531,UMTS,1,1,2025-05-27
Claro,4.9296,-74.0173,UMTS,1,12,2026-05-05
Claro,4.9292,-74.0132,UMTS,1,7,2026-06-08
Claro,4.9284,-73.8408,UMTS,1,4,2026-06-27
Claro,4.9326,-74.1043,UMTS,1,1,2025-05-27
Claro,4.9314,-74.0167,UMTS,1,8,2026-09-19
Claro,4.9346,-73.9795,UMTS,1,14,2026-04-25
Claro,4.9342,-73.975,UMTS,1,13,2026-04-25
Claro,4.9393,-75.6213,UMTS,1,3,2026-03-05
Claro,4.9372,-74.8915,UMTS,1,2,2026-03-19
Claro,4.9377,-73.9908,UMTS,1,10,2026-07-20
Claro,4.9369,-73.9824,UMTS,1,1,2025-06-25
Claro,4.9377,-73.9789,UMTS,1,6,2025-08-07
Claro,4.9385,-73.9725,UMTS,1,2,2025-08-27
Claro,4.93913,-73.96197,UMTS,2,3,2025-08-18
Claro,4.94,-73.97771,LTE,2,7,2026-08-14
Claro,4.9398,-73.9605,UMTS,1,1,2025-07-16
Claro,4.9416,-73.9583,UMTS,1,1,2025-08-26
Claro,4.9442,-75.62,UMTS,1,15,2026-06-11
Claro,4.9432,-75.6184,UMTS,1,2,2026-03-06
Claro,4.9425,-74.3112,UMTS,1,16,2026-05-06
Claro,4.944,-74.2963,UMTS,1,8,2026-03-21
Claro,4.9439,-74.0168,UMTS,1,9,2026-09-19
Claro,4.9452,-73.9563,UMTS,1,7,2026-07-20
Claro,4.9482,-74.2935,LTE,1,1,2026-08-20
Claro,4.9465,-73.9439,UMTS,1,6,2025-08-07
Claro,4.9503,-74.9619,UMTS,1,1,2025-07-24
Claro,4.9485,-74.4318,UMTS,1,16,2026-04-14
Claro,4.9494,-74.4269,UMTS,1,6,2026-03-10
Claro,4.9505,-74.3048,UMTS,1,4,2026-06-13
Claro,4.9501,-74.3015,UMTS,1,22,2026-05-06
Claro,4.9501,-73.945,UMTS,1,1,2025-08-26
Claro,4.9497,-73.8231,UMTS,1,3,2026-06-27
Claro,4.9518,-74.9538,UMTS,1,1,2025-05-09
Claro,4.9538,-74.0104,UMTS,1,17,2026-06-08
Claro,4.9518,-73.9416,UMTS,1,1,2025-07-16
Claro,4.9528,-73.9333,UMTS,1,11,2026-07-20
Claro,4.9547,-75.6223,UMTS,1,3,2026-04-09
Claro,4.955,-74.934,UMTS,1,2,2025-10-10
Claro,4.9571,-74.9078,UMTS,1,1,2025-05-09
Claro,4.9546,-74.3007,UMTS,1,11,2026-06-10
Claro,4.9572,-73.9319,UMTS,1,1,2025-06-25
Claro,4.9569,-73.9251,UMTS,1,5,2026-07-20
Claro,4.9587,-75.6187,UMTS,1,4,2026-04-09
Claro,4.9594,-74.0089,UMTS,1,7,2026-06-08
Claro,4.9596,-73.928,UMTS,1,14,2026-07-20
Claro,4.9584,-73.9138,UMTS,1,1,2025-08-17
Claro,4.9622,-75.6177,UMTS,1,1,2026-04-06
Claro,4.9615,-74.9481,UMTS,1,2,2025-10-10
Claro,4.9615,-74.9011,UMTS,1,2,2026-07-16
Claro,4.9623,-74.7113,UMTS,1,24,2026-07-15
Claro,4.9628,-74.7068,UMTS,1,15,2026-03-19
Claro,4.96332,-74.43678,UMTS,2,29,2026-03-10
Claro,4.9606,-73.9194,UMTS,1,13,2026-04-25
Claro,4.9621,-73.9151,UMTS,1,4,2026-01-27
Claro,4.9653,-75.6184,UMTS,1,13,2026-06-11
Claro,4.9641,-74.9131,UMTS,1,2,2026-07-16
Claro,4.9642,-74.3102,UMTS,1,1,2025-11-04
Claro,4.9659,-74.3057,UMTS,1,3,2025-07-27
Claro,4.9672,-74.9347,UMTS,1,8,2026-07-16
Claro,4.9668,-74.3075,UMTS,1,4,2026-06-10
Claro,4.9668,-74.0088,UMTS,1,21,2026-06-25
Claro,4.9689,-73.966,UMTS,1,1,2026-07-19
Claro,4.9676,-73.9118,UMTS,1,1,2025-05-22
Claro,4.9674,-73.9089,UMTS,1,5,2025-10-22
Claro,4.9667,-73.9047,UMTS,2,2,2025-08-17
Claro,4.9709,-74.9048,UMTS,1,1,2025-07-24
Claro,4.9735,-75.6185,UMTS,1,5,2026-04-09
Claro,4.9749,-74.4439,UMTS,1,13,2026-02-03
Claro,4.9751,-74.3192,UMTS,1,10,2026-04-25
Claro,4.9755,-74.0034,UMTS,1,1,2025-05-21
Claro,4.9744,-73.8998,UMTS,1,20,2026-07-20
Claro,4.9758,-74.5093,UMTS,1,22,2026-04-14
Claro,4.9779,-74.3572,UMTS,1,9,2026-05-06
Claro,4.9771,-74.3273,UMTS,1,14,2026-06-13
Claro,4.9759,-73.8919,UMTS,1,9,2026-07-20
Claro,4.9815,-75.6159,UMTS,1,13,2026-06-11
Claro,4.9788,-74.3232,UMTS,1,3,2025-12-19
Claro,4.9828,-74.4547,UMTS,1,8,2026-03-10
Claro,4.9855,-74.3236,UMTS,1,7,2026-06-10
Claro,4.9865,-73.998,UMTS,1,9,2026-06-24
Claro,4.99,-74.4694,UMTS,1,1,2025-05-05
Claro,4.9899,-73.9255,UMTS,1,2,2025-05-23
Claro,4.9921,-75.6107,UMTS,1,4,2026-06-11
Claro,4.9919,-75.6051,UMTS,1,3,2025-09-03
Claro,4.9935,-74.9029,UMTS,1,1,2026-07-14
Claro,4.9923,-74.3317,UMTS,1,11,2026-04-25
Claro,4.9905,-74.3232,UMTS,1,1,2025-11-04
Claro,4.99265,-73.8745,UMTS,3,22,2026-06-27
Claro,4.9928,-73.8088,UMTS,1,1,2026-06-26
Claro,4.9964,-75.6043,UMTS,1,7,2026-06-11
Claro,4.9955,-75.5993,UMTS,1,3,2026-06-11
Claro,4.9943,-73.9951,UMTS,1,21,2026-06-26
Claro,4.9938,-73.8718,UMTS,1,2,2025-08-07
Claro,4.9995,-75.8588,UMTS,1,1,2026-03-04
Claro,4.9979,-74.3393,UMTS,1,18,2026-04-25
Claro,4.9978,-74.3373,UMTS,1,6,2026-06-13
Claro,4.9993,-73.9918,UMTS,1,10,2026-05-23
Claro,5.0013,-75.859,LTE,1,1,2025-04-23
Claro,5.00192,-74.47239,UMTS,2,25,2026-04-25
Claro,5.0006,-74.3414,UMTS,1,1,2025-11-04
Claro,5.0015,-73.9971,UMTS,1,15,2026-07-20
Claro,5.00057,-73.86577,UMTS,2,15,2026-07-20
Claro,5.0026,-74.3419,UMTS,1,21,2026-06-13
Claro,5.0034,-73.8638,UMTS,1,7,2025-10-22
Claro,5.0069,-75.5991,UMTS,1,9,2026-03-06
Claro,5.0075,-74.8952,UMTS,1,3,2025-10-10
Claro,5.0066,-74.4757,UMTS,1,10,2026-03-10
Claro,5.007,-74.471,UMTS,1,2,2025-09-16
Claro,5.0056,-74.4696,UMTS,1,6,2026-03-10
Claro,5.0082,-73.9949,UMTS,1,9,2026-05-13
Claro,5.013,-75.8599,UMTS,1,1,2026-03-04
Claro,5.0132,-74.4837,UMTS,1,1,2025-11-04
Claro,5.01368,-73.85495,UMTS,2,8,2026-07-20
Claro,5.0148,-75.5934,UMTS,1,3,2025-05-07
Claro,5.0155,-74.5416,UMTS,1,1,2025-11-07
Claro,5.0162,-74.4822,UMTS,1,21,2026-06-10
Claro,5.0148,-73.9864,UMTS,1,11,2026-07-20
Claro,5.018,-75.5904,UMTS,1,3,2026-06-11
Claro,5.0197,-74.5456,UMTS,1,20,2026-06-13
Claro,5.0197,-74.5229,UMTS,1,8,2026-06-10
Claro,5.0177,-74.0,UMTS,1,17,2026-06-08
Claro,5.0185,-73.9995,UMTS,1,2,2026-06-08
Claro,5.0185,-73.9703,UMTS,1,5,2025-05-23
Claro,5.0183,-73.8509,UMTS,2,2,2025-08-17
Claro,5.0233,-75.5909,UMTS,1,1,2025-10-08
Claro,5.0223,-74.5191,UMTS,1,26,2026-06-13
Claro,5.0224,-74.4965,UMTS,1,16,2026-06-13
Claro,5.0215,-74.4698,UMTS,1,6,2026-03-21
Claro,5.0231,-74.3593,UMTS,1,16,2026-06-13
Claro,5.02225,-74.00455,UMTS,2,11,2026-04-09
Claro,5.0244,-74.8907,UMTS,1,1,2025-07-25
Claro,5.0237,-74.4993,UMTS,1,22,2026-02-03
Claro,5.0263,-74.0012,UMTS,1,1,2026-04-08
Claro,5.0239,-73.98565,LTE,2,2,2026-08-21
Claro,5.0245,-73.9574,UMTS,1,4,2026-07-20
Claro,5.0237,-73.8101,UMTS,1,1,2026-06-26
Claro,5.02707,-75.5875,UMTS,3,4,2026-03-04
Claro,5.0289,-75.5853,UMTS,1,1,2025-09-01
Claro,5.0287,-74.89,UMTS,1,1,2025-12-16
Claro,5.0285,-74.5488,UMTS,1,27,2026-06-13
Claro,5.0265,-74.4947,UMTS,1,12,2026-03-18
Claro,5.0294,-74.003,UMTS,1,12,2026-04-09
Claro,5.032,-75.5849,UMTS,1,3,2026-04-08
Claro,5.0319,-74.464,UMTS,1,1,2025-11-04
Claro,5.0324,-73.9935,UMTS,1,5,2026-04-09
Claro,5.0296,-73.9796,UMTS,1,3,2026-06-24
Claro,5.0298,-73.976,UMTS,1,13,2026-06-26
Claro,5.0313,-73.9728,UMTS,1,10,2026-05-12
Claro,5.0306,-73.8392,UMTS,1,22,2026-07-20
Claro,5.0346,-74.8863,UMTS,1,1,2026-07-14
Claro,5.0351,-73.9994,UMTS,1,1,2026-04-08
Claro,5.0326,-73.9796,UMTS,1,16,2026-06-24
Claro,5.0328,-73.976,UMTS,1,11,2026-06-24
Claro,5.0375,-74.8871,UMTS,1,3,2026-07-16
Claro,5.0362,-74.4617,UMTS,1,7,2026-05-06
Claro,5.0377,-74.3744,UMTS,1,22,2026-06-13
Claro,5.0362,-74.3701,UMTS,1,1,2025-11-04
Claro,5.0362,-73.9687,UMTS,1,20,2026-06-24
Claro,5.03938,-75.57954,UMTS,3,13,2026-06-11
Claro,5.0407,-74.884,UMTS,1,1,2025-10-09
Claro,5.0406,-74.4594,UMTS,1,19,2026-06-13
Claro,5.0437,-74.8848,UMTS,1,2,2026-07-16
Claro,5.0433,-73.8258,UMTS,1,1,2025-06-07
Claro,5.0453,-75.5754,UMTS,1,5,2025-07-24
Claro,5.0448,-74.6039,UMTS,1,3,2026-06-10
Claro,5.0471,-73.8133,UMTS,1,11,2026-07-20
Claro,5.0479,-75.5714,UMTS,1,10,2026-03-04
Claro,5.049,-74.4491,UMTS,1,7,2026-06-13
Claro,5.0493,-74.3791,UMTS,1,1,2025-11-04
Claro,5.0488,-73.8279,UMTS,1,12,2026-06-27
Claro,5.0479,-73.8184,UMTS,1,1,2025-08-17
Claro,5.0535,-75.5667,UMTS,1,2,2026-04-08
Claro,5.05167,-75.54255,UMTS,2,4,2026-06-11
Claro,5.0513,-75.5336,UMTS,1,1,2026-06-09
Claro,5.0526,-75.5306,UMTS,1,1,2026-04-07
Claro,5.0514,-73.9857,UMTS,1,4,2026-05-01
Claro,5.0523,-73.8057,UMTS,1,14,2026-07-20
Claro,5.0522,-73.7893,UMTS,1,18,2026-07-20
Claro,5.054,-75.8526,LTE,1,1,2025-04-26
Claro,5.0551,-75.606,UMTS,1,2,2026-04-09
Claro,5.0542,-75.5443,UMTS,1,7,2026-06-11
Claro,5.0538,-75.5362,UMTS,1,14,2026-03-04
Claro,5.0551,-74.4582,UMTS,1,11,2026-03-18
Claro,5.0554,-74.3978,UMTS,1,21,2026-06-10
Claro,5.0537,-74.3813,UMTS,1,22,2026-02-14
Claro,5.0568,-75.5599,UMTS,1,3,2026-06-11
Claro,5.0567,-75.5584,UMTS,1,12,2026-03-04
Claro,5.0591,-75.5558,UMTS,1,4,2026-01-30
Claro,5.05923,-75.5279,UMTS,2,14,2026-06-11
Claro,5.0583,-74.579,UMTS,1,2,2026-06-13
Claro,5.059,-74.5773,UMTS,1,1,2025-09-26
Claro,5.059,-74.5755,UMTS,1,1,2025-11-14
Claro,5.059,-74.5601,UMTS,1,1,2025-09-15
Claro,5.05911,-73.9799,UMTS,3,22,2026-06-24
Claro,5.0582,-73.9481,UMTS,1,20,2026-09-20
Claro,5.0606,-75.5271,UMTS,1,2,2025-10-09
Claro,5.06164,-74.5851,UMTS,3,44,2026-06-10
Claro,5.0617,-74.449,UMTS,1,2,2026-06-10
Claro,5.062,-74.4119,UMTS,1,23,2026-05-06
Claro,5.0654,-75.8508,UMTS,1,1,2026-03-04
Claro,5.06385,-75.52528,UMTS,3,6,2026-06-11
Claro,5.0649,-74.8799,UMTS,1,1,2025-07-25
Claro,5.0652,-74.5954,UMTS,1,2,2025-11-15
Claro,5.0648,-74.59237,UMTS,3,18,2026-06-12
Claro,5.0643,-74.5888,UMTS,1,13,2026-06-10
Claro,5.0633,-74.5793,UMTS,1,5,2025-12-19
Claro,5.063,-74.4395,UMTS,1,17,2026-06-10
Claro,5.0666,-75.5244,UMTS,1,7,2025-11-26
Claro,5.0682,-75.5225,UMTS,1,2,2025-07-24
Claro,5.06758,-74.59838,UMTS,2,5,2025-12-19
Claro,5.0662,-74.5955,UMTS,1,2,2026-06-13
Claro,5.0676,-74.5875,UMTS,1,15,2026-06-10
Claro,5.0656,-74.414,UMTS,1,1,2025-11-04
Claro,5.07,-75.6398,UMTS,1,1,2026-03-04
Claro,5.0688,-75.5225,UMTS,1,2,2025-07-24
Claro,5.0686,-74.5869,UMTS,1,2,2026-06-13
Claro,5.0708,-74.57,UMTS,1,1,2026-02-13
Claro,5.0716,-74.8801,UMTS,1,3,2026-07-16
Claro,5.0723,-74.6006,UMTS,1,20,2026-05-06
Claro,5.0721,-74.4446,UMTS,1,1,2025-11-04
Claro,5.072,-73.9416,UMTS,1,1,2025-09-29
Claro,5.0726,-73.7625,UMTS,1,17,2026-07-20
Claro,5.0719,-73.7571,UMTS,1,1,2025-08-17
Claro,5.0775,-74.6085,UMTS,1,1,2026-04-24
Claro,5.0746,-74.601,UMTS,1,7,2025-12-19
Claro,5.0797,-73.7653,UMTS,1,6,2025-10-22
Claro,5.0805,-74.8816,UMTS,1,2,2025-10-10
Claro,5.0853,-74.8797,UMTS,1,1,2025-07-24
Claro,5.0843,-73.7387,UMTS,1,1,2026-06-26
Claro,5.0873,-74.6031,UMTS,1,22,2026-05-06
Claro,5.0873,-73.8032,UMTS,1,10,2026-06-27
Claro,5.0905,-75.6502,UMTS,1,1,2026-04-08
Claro,5.0904,-73.7239,UMTS,1,10,2026-07-20
Claro,5.0954,-73.9181,UMTS,1,5,2025-11-21
Claro,5.0971,-74.7073,UMTS,2,2,2025-05-09
Claro,5.0994,-74.5922,UMTS,1,22,2026-06-10
Claro,5.1028,-74.8875,UMTS,1,1,2025-10-09
Claro,5.1035,-74.5926,UMTS,2,5,2026-04-25
Claro,5.1062,-75.7598,LTE,1,1,2025-04-23
Claro,5.1063,-73.9118,UMTS,1,1,2025-10-24
Claro,5.1056,-73.7068,UMTS,1,8,2026-07-20
Claro,5.1084,-73.9123,UMTS,1,12,2026-06-26
Claro,5.1121,-75.8366,UMTS,1,1,2026-03-04
Claro,5.1137,-75.7454,LTE,1,1,2025-04-26
Claro,5.1144,-74.895,UMTS,1,2,2026-07-16
Claro,5.1203,-73.9087,UMTS,1,17,2026-05-23
Claro,5.1246,-75.7116,LTE,1,1,2025-04-23
Claro,5.1227,-75.6659,UMTS,1,2,2026-04-09
Claro,5.1295,-74.5912,UMTS,1,3,2026-06-13
Claro,5.13018,-73.9054,UMTS,2,13,2026-06-26
Claro,5.1296,-73.6894,UMTS,1,5,2026-07-20
Claro,5.1349,-74.5911,UMTS,1,7,2025-12-19
Claro,5.1363,-73.6921,UMTS,1,1,2026-06-26
Claro,5.1401,-73.6858,UMTS,1,4,2026-04-25
Claro,5.141,-74.8946,UMTS,1,6,2026-07-16
Claro,5.1405,-74.5929,UMTS,1,3,2026-06-13
Claro,5.1428,-73.6903,UMTS,1,3,2026-01-27
Claro,5.1461,-74.5908,UMTS,1,22,2026-06-10
Claro,5.1461,-73.9043,UMTS,1,1,2025-05-19
Claro,5.1472,-75.6663,UMTS,1,2,2026-04-09
Claro,5.1483,-74.59,UMTS,1,6,2026-02-14
Claro,5.1494,-73.9012,UMTS,1,16,2026-06-26
Claro,5.152,-73.8988,UMTS,1,11,2026-06-26
Claro,5.15,-73.6794,UMTS,1,1,2025-08-26
Claro,5.1533,-75.0355,UMTS,1,1,2025-10-09
Claro,5.155,-73.9002,UMTS,1,1,2025-04-21
Claro,5.1562,-75.0295,UMTS,1,1,2025-10-09
Claro,5.1623,-74.6861,UMTS,1,21,2026-03-20
Claro,5.1624,-73.6579,UMTS,1,8,2026-07-20
Claro,5.1675,-75.0188,UMTS,1,1,2025-10-09
Claro,5.1658,-74.6864,UMTS,1,1,2025-05-09
Claro,5.1674,-74.6554,UMTS,1,4,2025-10-08
Claro,5.1673,-73.6513,UMTS,1,11,2026-07-20
Claro,5.1731,-73.6454,UMTS,1,15,2026-07-20
Claro,5.1746,-75.816,UMTS,1,1,2026-03-04
Claro,5.1784,-74.6661,UMTS,1,11,2025-10-08
Claro,5.1833,-75.6567,UMTS,1,1,2026-04-08
Claro,5.1849,-75.6534,LTE,1,1,2025-04-26
Claro,5.1875,-74.8926,UMTS,1,1,2026-07-15
Claro,5.1887,-74.7087,UMTS,1,1,2026-03-18
Claro,5.1909,-73.8777,UMTS,1,14,2026-06-25
Claro,5.1932,-74.8949,UMTS,1,6,2026-07-16
Claro,5.1924,-74.8545,UMTS,1,1,2025-12-17
Claro,5.194,-74.8478,UMTS,1,1,2025-07-24
Claro,5.1926,-73.8792,UMTS,1,2,2026-06-26
Claro,5.1964,-74.8967,UMTS,1,3,2026-07-16
Claro,5.1949,-74.7178,UMTS,1,1,2025-07-25
Claro,5.1962,-73.88,UMTS,1,2,2025-07-05
Claro,5.1976,-74.8937,UMTS,1,2,2026-05-09
Claro,5.19897,-74.8927,UMTS,2,3,2026-05-09
Claro,5.19898,-74.8895,UMTS,3,21,2026-07-17
Claro,5.1996,-73.8798,UMTS,1,3,2025-11-21
Claro,5.1977,-73.8782,UMTS,1,1,2025-08-13
Claro,5.202,-75.6394,UMTS,1,1,2026-03-04
Claro,5.2017,-74.8897,UMTS,1,5,2026-07-17
Claro,5.2007,-74.8875,UMTS,1,5,2026-07-17
Claro,5.2032,-74.7523,UMTS,1,4,2026-05-08
Claro,5.2027,-74.585,UMTS,1,27,2026-06-10
Claro,5.2044,-75.7904,UMTS,1,1,2026-03-04
Claro,5.2058,-74.8185,UMTS,1,4,2026-07-17
Claro,5.2052,-74.7599,UMTS,1,2,2025-10-10
Claro,5.2037,-73.6054,UMTS,1,9,2026-06-27
Claro,5.2076,-74.7539,UMTS,1,2,2026-07-17
Claro,5.2068,-74.7336,UMTS,1,2,2025-10-08
Claro,5.2082,-74.5796,UMTS,1,10,2026-02-14
Claro,5.207,-73.8724,UMTS,1,2,2026-06-26
Claro,5.2119,-74.793,UMTS,1,4,2026-05-08
Claro,5.21004,-73.86963,UMTS,2,18,2026-06-25
Claro,5.2152,-74.8006,UMTS,1,1,2025-07-24
Claro,5.2149,-74.7758,UMTS,1,3,2026-07-17
Claro,5.2148,-73.866,UMTS,1,3,2025-11-21
Claro,5.2177,-75.6418,UMTS,1,1,2026-04-08
Claro,5.2169,-74.6326,UMTS,1,50,2025-07-26
Claro,5.216,-74.5774,UMTS,1,2,2026-06-13
Claro,5.2167,-73.5989,UMTS,1,3,2026-06-27
Claro,5.2165,-73.5967,UMTS,1,12,2026-07-20
Claro,5.2202,-74.7853,UMTS,1,2,2025-10-10
Claro,5.2201,-73.8607,UMTS,1,7,2025-07-05
Claro,5.2211,-73.5972,UMTS,1,3,2026-07-20
Claro,5.2235,-74.7362,UMTS,1,4,2026-05-08
Claro,5.2242,-74.5757,UMTS,1,3,2026-06-13
Claro,5.2252,-73.8608,UMTS,1,9,2025-11-19
Claro,5.2262,-73.8579,UMTS,1,1,2025-08-13
Claro,5.232,-75.7862,UMTS,2,6,2026-03-05
Claro,5.2325,-75.7838,UMTS,1,2,2026-03-05
Claro,5.2335,-74.7309,UMTS,1,6,2026-05-08
Claro,5.2321,-74.7255,UMTS,1,1,2025-05-09
Claro,5.2351,-75.7862,UMTS,2,2,2026-03-04
Claro,5.2344,-73.8562,UMTS,1,4,2026-06-26
Claro,5.2373,-75.7846,UMTS,1,2,2026-03-05
Claro,5.2391,-75.6503,LTE,1,1,2025-04-23
Claro,5.2402,-75.6508,UMTS,1,1,2026-03-04
Claro,5.24,-74.5728,UMTS,1,10,2026-02-14
Claro,5.2423,-73.8555,UMTS,1,2,2025-11-21
Claro,5.2452,-75.651,UMTS,1,1,2026-04-08
Claro,5.2483,-73.8524,UMTS,1,17,2026-06-25
Claro,5.251,-74.5715,UMTS,1,25,2026-06-10
Claro,5.2532,-73.8504,UMTS,1,2,2025-06-19
Claro,5.2573,-73.8488,UMTS,1,2,2025-06-17
Claro,5.2575,-73.5933,UMTS,1,2,2026-07-20
Claro,5.2589,-75.6578,UMTS,1,2,2026-04-09
Claro,5.2627,-73.6152,UMTS,1,1,2025-08-17
Claro,5.2605,-73.5872,UMTS,1,1,2026-07-19
Claro,5.2657,-75.7867,UMTS,1,1,2026-03-04
Claro,5.2645,-73.8428,UMTS,1,2,2026-05-21
Claro,5.2666,-73.8437,UMTS,1,1,2025-06-26
Claro,5.2679,-73.8392,UMTS,1,18,2026-06-25
Claro,5.2706,-73.8374,UMTS,1,3,2025-11-21
Claro,5.2776,-73.8289,UMTS,1,4,2026-05-21
Claro,5.2793,-73.8282,UMTS,1,3,2025-11-19
Claro,5.2886,-75.6634,LTE,1,1,2025-04-26
Claro,5.29,-74.5686,UMTS,1,3,2026-06-13
Claro,5.2896,-73.818,UMTS,1,1,2025-05-19
Claro,5.292,-75.7886,UMTS,1,1,2026-03-04
Claro,5.2948,-73.8177,UMTS,1,16,2026-06-25
Claro,5.2982,-73.8154,UMTS,2,2,2026-03-05
Claro,5.301,-74.5667,UMTS,1,15,2026-06-10
Claro,5.3013,-73.8152,UMTS,1,3,2026-05-21
Claro,5.3049,-73.8139,UMTS,1,1,2025-05-19
Claro,5.305,-73.8135,UMTS,1,7,2026-02-03
Claro,5.3068,-75.6445,UMTS,1,2,2026-04-09
Claro,5.3065,-73.8135,UMTS,1,7,2026-06-25
Claro,5.31063,-74.56673,UMTS,2,30,2026-06-10
Claro,5.3098,-73.81419,UMTS,3,17,2026-06-26
Claro,5.30997,-73.81265,UMTS,5,59,2026-06-26
Claro,5.31036,-73.80936,UMTS,2,7,2025-11-21
Claro,5.31197,-73.81113,UMTS,2,3,2026-05-22
Claro,5.3123,-73.80951,UMTS,3,9,2026-04-11
Claro,5.3188,-75.637,UMTS,1,2,2026-04-09
Claro,5.3193,-74.5678,UMTS,1,18,2026-03-10
Claro,5.3188,-73.5717,UMTS,1,10,2025-08-18
Claro,5.32145,-73.8052,UMTS,2,2,2026-02-04
Claro,5.3258,-73.8025,UMTS,1,1,2026-05-21
Claro,5.3267,-75.6374,LTE,1,1,2025-04-23
Claro,5.3314,-74.7392,UMTS,1,5,2026-03-20
Claro,5.3316,-74.5669,UMTS,1,15,2026-02-14
Claro,5.3332,-73.799,UMTS,1,3,2025-12-13
Claro,5.3368,-74.5671,UMTS,1,12,2026-02-14
Claro,5.3368,-74.5569,UMTS,1,4,2026-06-13
Claro,5.3362,-73.7976,UMTS,1,4,2026-06-26
Claro,5.3434,-74.7364,UMTS,1,1,2026-05-07
Claro,5.34425,-73.79336,UMTS,2,8,2026-06-26
Claro,5.347,-74.5599,UMTS,1,1,2026-03-20
Claro,5.3463,-73.7927,UMTS,1,4,2026-06-26
Claro,5.3591,-74.7203,UMTS,1,2,2025-05-10
Claro,5.3595,-74.5659,UMTS,1,1,2025-05-30
Claro,5.361,-75.6163,UMTS,1,1,2026-03-04
Claro,5.3626,-75.6157,UMTS,1,2,2026-04-09
Claro,5.3627,-74.7227,UMTS,1,7,2026-07-17
Claro,5.3654,-74.5779,UMTS,1,7,2025-11-08
Claro,5.3638,-74.5747,UMTS,1,8,2026-06-10
Claro,5.3665,-73.7813,UMTS,1,4,2026-02-05
Claro,5.3693,-73.7804,UMTS,1,3,2026-06-26
Claro,5.3761,-75.7366,UMTS,1,1,2026-03-04
Claro,5.3774,-74.7136,UMTS,1,4,2026-03-20
Claro,5.3802,-74.7127,UMTS,1,1,2025-12-17
Claro,5.3794,-74.6027,UMTS,1,1,2026-04-24
Claro,5.38,-73.7761,UMTS,1,1,2026-05-21
Claro,5.3806,-75.6155,UMTS,1,2,2026-04-09
Claro,5.3841,-74.5865,UMTS,1,3,2026-06-13
Claro,5.3885,-74.7054,UMTS,1,4,2026-07-17
Claro,5.3874,-74.5959,UMTS,1,18,2026-06-10
Claro,5.3872,-73.7722,UMTS,1,1,2026-05-21
Claro,5.3901,-74.5838,UMTS,1,7,2026-03-10
Claro,5.3941,-75.6302,UMTS,1,1,2026-03-04
Claro,5.3972,-74.6017,UMTS,1,18,2026-03-10
Claro,5.4008,-75.7179,UMTS,1,1,2026-03-04
Claro,5.4,-73.7687,UMTS,1,2,2026-06-26
Claro,5.4017,-74.605,UMTS,1,4,2026-02-03
Claro,5.402,-73.7667,UMTS,1,6,2026-06-26
Claro,5.4067,-73.7658,UMTS,1,1,2026-05-21
Claro,5.4105,-74.661,UMTS,1,1,2025-11-07
Claro,5.414,-74.6886,UMTS,1,1,2025-12-17
Claro,5.4145,-73.7641,UMTS,1,7,2026-05-22
Claro,5.4215,-73.7578,UMTS,1,2,2026-05-22
Claro,5.4251,-75.7053,UMTS,2,2,2026-03-04
Claro,5.4239,-75.6491,UMTS,1,1,2026-03-04
Claro,5.4244,-73.7561,UMTS,1,1,2025-08-13
Claro,5.4276,-74.682,UMTS,1,1,2026-03-17
Claro,5.4309,-73.7652,UMTS,1,1,2025-11-20
Claro,5.4338,-75.7037,UMTS,1,1,2026-03-04
Claro,5.4316,-73.7618,UMTS,1,6,2026-06-26
Claro,5.4362,-74.6037,UMTS,1,5,2026-06-13
Claro,5.4359,-73.7633,UMTS,1,5,2026-05-22
Claro,5.4386,-73.7617,UMTS,1,2,2025-12-13
Claro,5.4439,-74.6739,UMTS,1,8,2026-03-18
Claro,5.4442,-74.6544,UMTS,1,4,2026-06-13
Claro,5.4452,-73.7717,UMTS,1,2,2025-11-21
Claro,5.4451,-73.7694,UMTS,1,1,2026-06-25
Claro,5.4466,-74.6717,UMTS,1,1,2026-05-07
Claro,5.4474,-74.6709,UMTS,1,4,2025-11-08
Claro,5.4479,-74.6674,UMTS,1,17,2026-07-17
Claro,5.4481,-74.602,UMTS,1,12,2026-06-10
Claro,5.4508,-75.6758,UMTS,1,1,2026-03-04
Claro,5.4505,-75.6649,UMTS,1,1,2026-03-04
Claro,5.4522,-75.6517,UMTS,1,2,2026-04-09
Claro,5.4499,-74.6657,UMTS,1,5,2026-07-17
Claro,5.452,-74.6654,UMTS,1,5,2026-07-17
Claro,5.45411,-74.66488,UMTS,3,28,2026-07-17
Claro,5.4543,-74.6386,UMTS,1,3,2025-05-10
Claro,5.45657,-75.65168,UMTS,3,4,2026-04-09
Claro,5.4577,-74.6636,UMTS,1,8,2026-07-17
Claro,5.4597,-73.8086,UMTS,1,4,2026-05-22
Claro,5.4602,-73.779,UMTS,1,3,2026-05-22
Claro,5.461,-73.7743,UMTS,1,4,2026-06-26
Claro,5.4627,-75.5803,LTE,1,1,2025-04-23
Claro,5.4643,-74.6627,UMTS,1,4,2026-07-17
Claro,5.4659,-74.6675,UMTS,1,1,2025-05-09
Claro,5.4665,-74.6582,UMTS,1,7,2026-06-12
Claro,5.4648,-73.8004,UMTS,1,1,2025-08-13
Claro,5.4686,-74.6606,UMTS,1,13,2026-06-13
Claro,5.4676,-73.8177,UMTS,1,9,2026-06-26
Claro,5.4734,-74.6502,UMTS,1,8,2026-05-08
Claro,5.4734,-73.7745,UMTS,1,1,2025-05-21
Claro,5.4759,-74.644,UMTS,1,3,2026-07-17
Claro,5.4752,-74.6119,UMTS,1,20,2026-06-12
Claro,5.4762,-73.8153,UMTS,1,10,2026-06-26
Claro,5.4815,-74.6725,UMTS,1,1,2025-05-09
Claro,5.4919,-73.8261,UMTS,1,7,2026-06-26
Claro,5.4984,-74.6222,UMTS,1,21,2026-06-10
Claro,5.5063,-74.6285,UMTS,1,1,2025-10-10
Claro,5.507,-73.8481,UMTS,1,2,2026-05-22
Claro,5.5108,-74.611,UMTS,1,2,2026-03-20
Claro,5.5118,-73.8432,UMTS,1,1,2026-05-21
Claro,5.5096,-73.8309,UMTS,1,5,2025-12-13
Claro,5.5284,-73.8278,UMTS,1,4,2026-05-22
Claro,5.5398,-75.5701,LTE,1,1,2025-04-26
Claro,5.5433,-74.6277,UMTS,1,1,2025-11-04
Claro,5.5527,-73.8234,UMTS,1,1,2025-06-26
Claro,5.5574,-74.7382,UMTS,1,1,2025-05-09
Claro,5.5709,-73.8282,UMTS,1,2,2025-06-27
Claro,5.5902,-73.8307,UMTS,1,2,2025-06-27
Claro,5.5913,-74.6223,UMTS,1,1,2026-07-16
Claro,5.6115,-75.5838,LTE,1,1,2025-04-23
Claro,5.6152,-73.8209,UMTS,1,4,2025-06-27
Claro,5.6158,-73.818,UMTS,1,5,2025-06-27
Claro,5.6154,-73.8059,UMTS,1,3,2025-06-27
Claro,5.6388,-75.59,LTE,1,1,2025-04-26
Claro,5.675,-74.613,UMTS,1,1,2025-09-05
Claro,5.7019,-74.6182,UMTS,1,27,2026-07-17
Claro,5.7182,-75.6004,LTE,1,1,2025-04-23
Claro,5.72,-74.622,UMTS,1,1,2025-09-02
Claro,5.72645,-74.62295,UMTS,2,4,2026-06-10
Claro,5.7336,-75.6008,LTE,1,1,2025-04-23
Claro,5.7356,-74.6234,UMTS,1,23,2026-07-17
Claro,5.7505,-74.6253,UMTS,1,21,2026-07-17
Claro,5.7601,-75.6444,UMTS,1,1,2026-05-14
Claro,5.7689,-74.6164,UMTS,1,26,2026-06-12
Claro,5.7909,-75.6563,UMTS,2,2,2026-05-14
Claro,5.8007,-74.6015,UMTS,1,9,2026-07-17
Claro,5.8073,-75.6733,LTE,1,1,2025-04-23
Claro,5.8092,-74.5932,UMTS,1,25,2026-07-17
Claro,5.8212,-74.5874,UMTS,1,14,2026-04-25
Claro,5.82377,-73.02682,LTE,4,11,2026-03-29
Claro,5.8226,-73.0235,LTE,1,14,2026-03-29
Claro,5.8391,-75.73497,UMTS,2,3,2026-05-15
Claro,5.8489,-74.5816,UMTS,1,1,2025-06-27
Claro,5.8489,-74.5809,UMTS,1,4,2025-12-28
Claro,5.8521,-74.5812,UMTS,1,24,2026-07-17
Claro,5.8563,-74.5977,UMTS,1,1,2025-05-08
Claro,5.8556,-74.5701,UMTS,1,18,2026-06-12
Claro,5.8655,-75.7287,UMTS,1,2,2026-05-15
Claro,5.8714,-74.6106,UMTS,1,1,2026-02-13
Claro,5.8718,-74.5674,UMTS,1,1,2026-06-09
Claro,5.8752,-74.5674,UMTS,1,1,2026-07-16
Claro,5.8867,-74.5796,UMTS,1,18,2026-06-12
Claro,5.8907,-74.633,UMTS,1,8,2026-04-25
Claro,5.8925,-74.5694,UMTS,1,2,2026-05-06
Claro,5.8938,-74.5689,UMTS,1,1,2025-06-06
Claro,5.8976,-74.7769,UMTS,1,8,2026-03-21
Claro,5.8988,-74.7448,LTE,1,1,2025-04-25
Claro,5.8989,-74.7347,UMTS,1,15,2026-04-25
Claro,5.9014,-74.8562,UMTS,1,1,2026-03-19
Claro,5.9019,-74.7682,LTE,1,1,2025-10-03
Claro,5.9023,-74.7401,UMTS,1,15,2026-04-25
Claro,5.89978,-74.72443,LTE,2,9,2026-04-25
Claro,5.9041,-74.8568,UMTS,1,1,2025-06-26
Claro,5.904,-74.7583,UMTS,1,8,2026-02-14
Claro,5.9031,-74.6752,UMTS,1,2,2026-03-21
Claro,5.9029,-74.6625,UMTS,1,4,2026-04-25
Claro,5.9059,-74.7249,UMTS,1,21,2026-02-14
Claro,5.9113,-74.7272,LTE,1,1,2025-04-25
Claro,5.9147,-74.8588,UMTS,1,15,2026-02-14
Claro,5.9171,-74.8522,UMTS,1,5,2025-05-31
Claro,5.9179,-74.8418,UMTS,1,5,2026-02-14
Claro,5.9215,-74.796,UMTS,1,10,2025-11-15
Claro,5.9229,-74.7234,LTE,1,1,2025-04-25
Claro,5.928,-74.8606,UMTS,1,2,2026-03-20
Claro,5.9273,-74.8192,UMTS,1,10,2026-03-20
Claro,5.9278,-74.7231,LTE,1,1,2025-04-25
Claro,5.9326,-74.8382,LTE,1,2,2025-04-27
Claro,5.9379,-74.5705,UMTS,1,13,2026-07-17
Claro,5.9443,-75.8531,UMTS,1,2,2026-05-15
Claro,5.944,-74.8608,UMTS,1,7,2026-03-20
Claro,5.9472,-74.8583,LTE,1,1,2025-04-25
Claro,5.9456,-74.5666,UMTS,1,13,2026-06-12
Claro,5.9489,-75.8795,UMTS,1,2,2026-03-18
Claro,5.9577,-74.8715,UMTS,1,9,2026-03-20
Claro,5.9665,-74.5788,UMTS,1,5,2026-05-08
Claro,5.9668,-74.5627,UMTS,1,9,2026-05-06
Claro,5.9713,-75.8342,UMTS,1,3,2026-03-18
Claro,5.9717,-74.8914,UMTS,1,9,2026-03-20
Claro,5.97432,-74.58071,UMTS,2,21,2026-05-08
Claro,5.9742,-74.5778,UMTS,1,8,2026-05-08
Claro,5.9735,-74.569,UMTS,1,16,2026-07-17
Claro,5.9754,-75.8495,UMTS,1,3,2026-05-15
Claro,5.9746,-74.9035,UMTS,1,3,2025-06-28
Claro,5.9771,-74.5889,UMTS,1,9,2026-05-08
Claro,5.97631,-74.58664,UMTS,3,29,2026-05-08
Claro,5.9778,-74.9642,LTE,1,1,2025-04-25
Claro,5.9799,-74.9227,UMTS,1,4,2025-11-15
Claro,5.9788,-74.594,UMTS,1,3,2025-09-03
Claro,5.97805,-74.59141,UMTS,3,12,2026-03-21
Claro,5.9819,-74.9879,LTE,1,1,2025-04-25
Claro,5.9811,-74.9712,UMTS,1,10,2026-03-20
Claro,5.9829,-74.5563,UMTS,1,1,2025-11-04
Claro,5.9847,-74.967,UMTS,1,13,2026-02-14
Claro,5.9872,-74.9794,UMTS,1,6,2026-04-24
Claro,5.9876,-74.9286,UMTS,1,14,2026-04-24
Claro,5.9896,-75.8212,LTE,1,1,2025-04-26
Claro,5.9896,-75.817,UMTS,1,24,2026-05-15
Claro,5.99156,-74.93277,LTE,2,14,2026-03-20
Claro,5.9928,-75.052,LTE,1,1,2025-04-25
Claro,5.9977,-75.7775,UMTS,1,4,2026-05-15
Claro,5.9961,-75.0459,UMTS,1,2,2026-02-13
Claro,5.996,-75.0223,UMTS,1,13,2026-04-24
Claro,6.0008,-75.8214,UMTS,1,22,2026-03-18
Claro,6.0009,-75.7905,LTE,1,1,2025-04-23
Claro,6.0014,-75.0478,UMTS,1,1,2026-04-23
Claro,5.9985,-75.0294,UMTS,1,14,2026-04-24
Claro,5.9998,-74.9524,LTE,1,1,2025-04-25
Claro,6.0004,-74.946,UMTS,1,2,2026-03-20
Claro,6.0018,-74.5561,UMTS,1,25,2026-07-17
Claro,6.0045,-74.955,UMTS,1,10,2025-09-26
Claro,6.0079,-75.0858,UMTS,1,14,2026-04-24
Claro,6.015,-75.6955,UMTS,1,3,2026-05-15
Claro,6.0165,-75.1532,LTE,1,1,2025-04-25
Claro,6.0155,-75.1018,LTE,1,1,2025-04-25
Claro,6.021,-75.7033,UMTS,1,2,2026-05-15
Claro,6.0204,-75.1517,UMTS,1,14,2026-02-13
Claro,6.0226,-75.7031,UMTS,1,1,2026-03-17
Claro,6.0232,-75.1623,UMTS,1,2,2026-04-24
Claro,6.0239,-75.1525,UMTS,1,12,2026-03-20
Claro,6.0277,-75.8942,UMTS,1,3,2026-03-18
Claro,6.026,-75.7572,UMTS,1,6,2026-05-15
Claro,6.0272,-75.4333,UMTS,1,27,2026-02-13
Claro,6.0313,-75.4313,UMTS,1,17,2026-04-18
Claro,6.031,-75.4289,UMTS,1,1,2026-02-12
Claro,6.0295,-75.1758,UMTS,1,9,2026-03-20
Claro,6.0298,-75.1699,UMTS,1,4,2025-08-22
Claro,6.0336,-75.2031,LTE,1,1,2025-04-25
Claro,6.0345,-75.4277,UMTS,1,10,2026-04-18
Claro,6.0372,-75.4205,UMTS,1,3,2026-04-18
Claro,6.0381,-75.2022,UMTS,1,8,2026-03-20
Claro,6.0431,-75.6807,UMTS,1,1,2026-03-16
Claro,6.04189,-75.21861,UMTS,2,12,2026-04-24
Claro,6.042,-75.213,UMTS,1,7,2025-08-22
Claro,6.0437,-75.6623,LTE,1,1,2025-04-23
Claro,6.0463,-75.2284,LTE,1,1,2025-04-25
Claro,6.049,-75.9433,UMTS,1,1,2026-03-16
Claro,6.0474,-75.6656,UMTS,1,6,2026-05-16
Claro,6.0512,-75.919,UMTS,1,1,2026-03-16
Claro,6.0523,-75.7524,UMTS,1,35,2026-03-17
Claro,6.0516,-75.653,UMTS,1,3,2026-03-18
Claro,6.0555,-75.9465,UMTS,1,2,2026-03-18
Claro,6.0536,-75.6579,UMTS,1,2,2026-05-16
Claro,6.0563,-75.6299,LTE,1,1,2026-09-25
Claro,6.0596,-75.3849,UMTS,1,1,2026-02-12
Claro,6.0669,-74.5547,UMTS,1,24,2026-07-17
Claro,6.0726,-75.2255,UMTS,1,1,2026-04-23
Claro,6.076,-75.9895,UMTS,1,2,2026-03-18
Claro,6.0758,-75.9831,UMTS,1,2,2026-03-18
Claro,6.079,-75.2232,UMTS,1,11,2026-04-24
Claro,6.081,-75.634,UMTS,1,10,2026-03-18
Claro,6.085,-75.3371,UMTS,1,1,2025-11-13
Claro,6.0841,-75.3342,UMTS,1,9,2025-11-14
Claro,6.0862,-75.634,UMTS,1,7,2026-03-17
Claro,6.0913,-75.4821,UMTS,1,8,2026-02-13
Claro,6.0942,-75.4271,UMTS,1,1,2026-04-17
Claro,6.0919,-75.3872,UMTS,1,10,2026-04-18
Claro,6.0942,-75.3824,UMTS,1,1,2026-02-12
Claro,6.0927,-75.3403,UMTS,1,3,2025-11-14
Claro,6.094,-74.5532,UMTS,1,1,2025-11-04
Claro,6.0972,-74.5549,UMTS,1,3,2026-07-17
Claro,6.1013,-75.505,UMTS,1,1,2026-02-12
Claro,6.1043,-75.6288,UMTS,1,4,2026-03-18
Claro,6.104,-75.22837,LTE,2,10,2026-04-24
Claro,6.1069,-75.6332,LTE,1,1,2025-04-23
Claro,6.1089,-74.5546,UMTS,1,1,2025-09-05
Claro,6.1102,-75.6319,UMTS,1,6,2026-05-16
Claro,6.1122,-75.2306,UMTS,1,11,2026-03-20
Claro,6.1111,-74.5546,UMTS,1,1,2026-02-02
Claro,6.1157,-75.9876,UMTS,1,2,2026-03-18
Claro,6.1163,-75.3486,UMTS,1,4,2025-11-14
Claro,6.1198,-75.6308,UMTS,1,47,2026-03-17
Claro,6.1213,-75.3876,UMTS,1,14,2026-03-15
Claro,6.1214,-75.3829,UMTS,1,3,2026-04-24
Claro,6.1187,-75.234,LTE,1,1,2025-04-25
Claro,6.1207,-74.5563,UMTS,1,10,2026-07-17
Claro,6.1232,-75.5031,UMTS,1,2,2026-02-13
Claro,6.1236,-75.4233,UMTS,1,5,2026-04-18
Claro,6.1242,-75.4172,UMTS,1,3,2026-04-18
Claro,6.1238,-75.3498,UMTS,1,3,2025-11-14
Claro,6.1245,-75.385,UMTS,1,3,2026-04-24
Claro,6.1249,-75.3391,UMTS,1,4,2025-11-14
Claro,6.1271,-75.2495,UMTS,1,21,2026-04-24
Claro,6.1303,-75.3812,UMTS,1,2,2026-04-24
Claro,6.1297,-75.2554,LTE,1,1,2025-04-25
Claro,6.1296,-74.5599,UMTS,1,6,2026-02-03
Claro,6.1324,-74.5557,UMTS,1,2,2026-06-10
Claro,6.1348,-75.2715,UMTS,1,11,2026-04-24
Claro,6.1343,-74.5534,UMTS,1,2,2026-06-12
Claro,6.1376,-75.4308,UMTS,1,2,2026-04-18
Claro,6.1378,-75.3522,UMTS,1,4,2025-11-14
Claro,6.1407,-75.3805,UMTS,1,9,2026-04-24
Claro,6.1418,-75.3767,UMTS,1,1,2026-04-22
Claro,6.1423,-75.2984,UMTS,1,11,2026-03-20
Claro,6.1422,-74.5656,UMTS,1,3,2026-03-21
Claro,6.144,-75.5244,UMTS,1,1,2026-02-12
Claro,6.1457,-75.6326,UMTS,1,4,2026-05-16
Claro,6.1469,-75.4246,UMTS,1,2,2026-03-15
Claro,6.1481,-75.4189,UMTS,1,7,2026-03-15
Claro,6.1472,-75.3846,UMTS,1,13,2026-04-18
Claro,6.1467,-75.3759,UMTS,1,26,2026-04-18
Claro,6.1472,-75.3054,UMTS,1,12,2026-03-20
Claro,6.1485,-75.4299,UMTS,1,5,2026-02-07
Claro,6.1488,-75.4223,UMTS,1,14,2026-05-16
Claro,6.1506,-75.3918,UMTS,1,20,2026-05-16
Claro,6.1505,-75.3904,UMTS,1,8,2026-04-18
Claro,6.15078,-75.38724,UMTS,2,19,2026-04-23
Claro,6.14984,-75.37483,UMTS,2,28,2026-05-16
Claro,6.149,-75.3728,UMTS,1,8,2026-04-24
Claro,6.1504,-75.3597,UMTS,1,3,2025-11-14
Claro,6.1523,-75.408,UMTS,1,13,2026-04-23
Claro,6.1529,-75.4065,UMTS,1,1,2025-06-24
Claro,6.1519,-75.3724,UMTS,2,22,2026-03-15
Claro,6.15358,-75.36975,UMTS,2,44,2026-04-24
Claro,6.1571,-75.6348,UMTS,1,2,2026-03-17
Claro,6.1558,-75.624,LTE,1,1,2025-04-26
Claro,6.1573,-75.6168,UMTS,1,1,2026-03-17
Claro,6.1561,-75.411,UMTS,1,13,2026-04-17
Claro,6.1548,-75.3763,UMTS,1,9,2026-03-15
Claro,6.15689,-75.37282,UMTS,2,17,2026-04-24
Claro,6.1559,-75.3703,UMTS,1,26,2026-02-07
Claro,6.1599,-75.6204,LTE,1,1,2025-04-24
Claro,6.1598,-75.6182,UMTS,1,22,2026-03-17
Claro,6.1601,-75.5155,UMTS,1,1,2026-05-14
Claro,6.1581,-75.4358,UMTS,1,7,2026-04-23
Claro,6.1577,-75.371,UMTS,1,11,2026-04-24
Claro,6.16011,-75.36849,UMTS,2,21,2025-11-14
Claro,6.1582,-75.3655,UMTS,1,2,2026-02-13
Claro,6.1584,-74.5648,UMTS,1,25,2026-07-17
Claro,6.1606,-75.6174,LTE,1,1,2025-04-24
Claro,6.1605,-75.6103,UMTS,1,6,2026-05-16
Claro,6.1618,-75.4359,UMTS,1,3,2026-04-18
Claro,6.1619,-75.3681,UMTS,1,22,2026-04-24
Claro,6.1656,-75.4365,UMTS,1,10,2026-05-16
Claro,6.164,-75.3242,UMTS,1,2,2025-11-14
Claro,6.1687,-75.6131,LTE,1,1,2025-04-24
Claro,6.167,-75.6081,UMTS,1,1,2026-03-16
Claro,6.1686,-75.6057,UMTS,1,3,2026-03-17
Claro,6.167,-75.3217,UMTS,1,7,2025-06-27
Claro,6.1698,-75.6043,UMTS,1,7,2026-03-17
Claro,6.1709,-75.4901,UMTS,1,1,2026-05-14
Claro,6.1705,-75.479,UMTS,1,1,2026-05-14
Claro,6.1699,-75.436,UMTS,1,1,2025-06-24
Claro,6.1703,-75.3378,UMTS,1,3,2026-02-13
Claro,6.17229,-75.32297,UMTS,3,21,2026-04-24
Claro,6.1739,-75.5986,LTE,1,1,2025-04-26
Claro,6.1755,-75.5845,LTE,4,4,2026-03-23
Claro,6.1752,-75.5662,LTE,1,1,2026-08-15
Claro,6.17412,-75.43419,LTE,3,39,2026-04-23
Claro,6.173,-75.4314,UMTS,1,19,2026-04-21
Claro,6.1755,-75.3666,UMTS,1,27,2026-04-24
Claro,6.174,-75.3462,UMTS,1,50,2025-06-25
Claro,6.1731,-75.3402,UMTS,1,5,2026-04-24
Claro,6.1766,-75.5965,UMTS,1,2,2026-03-17
Claro,6.17682,-75.58479,LTE,6,15,2026-03-24
Claro,6.17625,-75.58325,LTE,2,8,2026-03-24
Claro,6.1775,-75.4497,UMTS,1,27,2026-04-21
Claro,6.1783,-75.4428,UMTS,1,15,2026-04-17
Claro,6.1765,-75.4412,UMTS,1,22,2026-04-17
Claro,6.1775,-75.4387,UMTS,1,14,2026-03-15
Claro,6.17685,-75.35982,LTE,2,28,2026-03-20
Claro,6.1761,-74.5664,UMTS,1,2,2026-06-12
Claro,6.1794,-75.5914,UMTS,1,4,2026-03-18
Claro,6.1798,-75.58227,LTE,5,23,2026-03-24
Claro,6.1812,-75.5577,UMTS,1,1,2025-10-13
Claro,6.1787,-75.5435,UMTS,1,1,2026-02-12
Claro,6.1813,-75.4347,UMTS,1,2,2026-03-20
Claro,6.1844,-75.6003,UMTS,1,6,2025-09-25
Claro,6.1816,-75.5898,UMTS,1,1,2026-03-17
Claro,6.18257,-75.58185,LTE,3,15,2026-03-24
Claro,6.1833,-75.5799,LTE,1,2,2026-03-24
Claro,6.1875,-75.5981,UMTS,1,6,2025-09-25
Claro,6.1873,-75.5879,LTE,1,5,2026-03-24
Claro,6.1863,-75.5847,LTE,1,12,2026-03-24
Claro,6.18565,-75.5785,LTE,2,12,2026-03-24
Claro,6.1864,-75.5646,UMTS,1,5,2026-05-16
Claro,6.1874,-75.3794,LTE,1,1,2025-04-25
Claro,6.1881,-75.60227,UMTS,2,3,2026-04-22
Claro,6.1887,-75.6005,UMTS,1,4,2026-04-23
Claro,6.18874,-75.59613,UMTS,2,8,2026-04-23
Claro,6.18942,-75.59459,UMTS,2,11,2026-04-23
Claro,6.18851,-75.58826,LTE,4,15,2026-05-16
Claro,6.1894,-75.5838,LTE,1,11,2026-03-24
Claro,6.18905,-75.5772,LTE,2,6,2026-03-24
Claro,6.19182,-75.59333,UMTS,3,6,2026-04-23
Claro,6.192,-75.591,UMTS,1,3,2025-09-25
Claro,6.1933,-75.589,UMTS,1,1,2025-09-24
Claro,6.1914,-75.583,LTE,1,1,2025-04-24
Claro,6.19287,-75.5766,LTE,2,16,2026-05-16
Claro,6.192,-74.5598,UMTS,1,16,2026-06-10
Claro,6.196,-75.5914,UMTS,2,6,2026-04-23
Claro,6.1961,-75.5842,UMTS,1,2,2025-09-25
Claro,6.1951,-75.58069,LTE,2,56,2026-04-23
Claro,6.19548,-75.57591,LTE,3,106,2026-03-24
Claro,6.1987,-75.5876,UMTS,1,14,2025-09-25
Claro,6.1991,-75.582,LTE,1,45,2026-03-24
Claro,6.19857,-75.5803,UMTS,2,52,2026-03-18
Claro,6.1966,-75.5757,LTE,1,34,2026-03-24
Claro,6.1985,-75.5736,LTE,1,3,2026-03-24
Claro,6.1976,-75.5657,UMTS,1,6,2025-09-25
Claro,6.2012,-75.5872,UMTS,1,14,2026-04-23
Claro,6.2023,-75.5855,UMTS,1,3,2025-09-25
Claro,6.2016,-75.5808,UMTS,1,2,2026-03-17
Claro,6.20147,-75.57597,LTE,2,26,2026-03-24
Claro,6.20111,-75.57341,LTE,6,27,2026-03-24
Claro,6.2051,-75.5869,UMTS,1,2,2026-03-20
Claro,6.20408,-75.57901,LTE,4,21,2026-03-24
Claro,6.2038,-75.5771,LTE,1,17,2026-03-24
Claro,6.2027,-75.5449,UMTS,1,2,2026-02-13
Claro,6.2048,-74.5576,UMTS,1,1,2025-08-11
Claro,6.20653,-75.57975,LTE,2,23,2026-03-24
Claro,6.20813,-75.56577,UMTS,2,6,2025-09-25
Claro,6.2077,-75.5642,UMTS,1,4,2025-09-25
Claro,6.2077,-75.3837,UMTS,1,27,2026-03-20
Claro,6.2098,-75.579,LTE,1,1,2025-04-26
Claro,6.21081,-75.57279,LTE,3,40,2026-03-23
Claro,6.21062,-75.57004,LTE,7,101,2026-03-23
Claro,6.2124,-75.5849,UMTS,1,13,2026-05-21
Claro,6.21246,-75.57855,LTE,4,47,2026-03-24
Claro,6.21297,-75.5756,LTE,6,47,2026-05-21
Claro,6.21252,-75.57294,LTE,3,20,2026-03-23
Claro,6.2118,-75.567,UMTS,1,24,2026-05-21
Claro,6.2144,-75.5579,UMTS,1,3,2025-05-27
Claro,6.2127,-75.4388,LTE,1,1,2025-04-25
Claro,6.2129,-74.5482,UMTS,1,3,2026-04-14
Claro,6.21377,-74.5442,UMTS,2,12,2026-07-17
Claro,6.215,-75.5851,UMTS,1,4,2026-04-23
Claro,6.2157,-75.57905,LTE,2,22,2026-05-21
Claro,6.21631,-75.5774,LTE,2,19,2026-03-23
Claro,6.21667,-75.56335,UMTS,2,10,2026-04-23
Claro,6.21526,-75.55867,UMTS,2,11,2025-09-25
Claro,6.2169,-74.5538,UMTS,1,1,2026-05-06
Claro,6.2201,-75.5857,UMTS,1,10,2025-05-23
Claro,6.2177,-75.5805,UMTS,1,5,2026-05-21
Claro,6.21932,-75.57964,LTE,3,17,2026-05-21
Claro,6.21822,-75.57703,LTE,6,49,2026-05-21
Claro,6.218,-75.574,UMTS,1,3,2025-09-24
Claro,6.2182,-75.571,UMTS,1,5,2025-06-27
Claro,6.2194,-75.56423,UMTS,2,15,2026-04-23
Claro,6.2197,-75.5617,UMTS,1,3,2025-09-25
Claro,6.2178,-75.5527,UMTS,1,14,2026-02-13
Claro,6.2197,-75.3905,UMTS,1,27,2025-09-17
Claro,6.2203,-74.5416,UMTS,1,20,2026-07-17
Claro,6.2212,-75.5867,LTE,1,1,2025-04-24
Claro,6.22245,-75.5846,UMTS,2,13,2026-04-21
Claro,6.2216,-75.58,UMTS,1,1,2026-03-19
Claro,6.2221,-75.5765,LTE,5,25,2026-05-21
Claro,6.2223,-75.5683,UMTS,1,3,2025-06-27
Claro,6.22182,-75.55832,UMTS,2,15,2026-03-17
Claro,6.2231,-75.5407,UMTS,1,1,2025-11-12
Claro,6.2215,-75.4452,LTE,1,1,2025-04-25
Claro,6.2233,-75.4344,UMTS,1,15,2026-03-20
Claro,6.2221,-74.5487,UMTS,1,1,2025-07-21
Claro,6.2246,-75.5844,UMTS,1,3,2026-05-21
Claro,6.226,-75.57865,UMTS,2,12,2026-05-21
Claro,6.22469,-75.57638,LTE,2,22,2026-03-24
Claro,6.22538,-75.56996,UMTS,3,9,2025-09-20
Claro,6.22514,-75.56464,LTE,4,28,2026-04-23
Claro,6.2241,-75.5606,UMTS,1,4,2026-02-06
Claro,6.2236,-75.5405,UMTS,1,7,2026-02-06
Claro,6.2239,-75.529,UMTS,1,2,2026-04-23
Claro,6.2253,-75.5169,UMTS,1,2,2025-09-20
Claro,6.2275,-75.5836,UMTS,1,5,2026-05-21
Claro,6.2267,-75.5834,UMTS,1,8,2026-04-21
Claro,6.22839,-75.57586,LTE,6,51,2026-03-24
Claro,6.22701,-75.57413,LTE,2,20,2026-03-07
Claro,6.2292,-75.57047,LTE,7,32,2026-03-07
Claro,6.2281,-75.5671,UMTS,1,4,2026-04-23
Claro,6.2283,-75.5608,UMTS,1,7,2026-03-13
Claro,6.2307,-75.6016,UMTS,1,50,2026-03-18
Claro,6.2306,-75.5962,UMTS,1,2,2025-09-20
Claro,6.23135,-75.58702,LTE,2,15,2026-03-29
Claro,6.23077,-75.5853,LTE,3,12,2026-03-29
Claro,6.23183,-75.5819,LTE,7,43,2026-05-21
Claro,6.23166,-75.57887,LTE,5,27,2026-04-23
Claro,6.23133,-75.57584,LTE,6,39,2026-04-22
Claro,6.23108,-75.57367,LTE,2,13,2026-03-29
Claro,6.23055,-75.57032,LTE,11,40,2026-03-29
Claro,6.2319,-75.5682,LTE,1,6,2026-03-29
Claro,6.23145,-75.56142,UMTS,3,14,2026-04-17
Claro,6.2351,-75.5959,UMTS,1,5,2025-09-20
Claro,6.2349,-75.5905,LTE,1,33,2026-03-10
Claro,6.23438,-75.58754,LTE,3,33,2026-03-29
Claro,6.23382,-75.5851,LTE,6,39,2026-03-29
Claro,6.2351,-75.5829,UMTS,1,2,2025-09-20
Claro,6.2325,-75.5799,UMTS,1,2,2026-04-23
Claro,6.23359,-75.57643,LTE,4,17,2026-04-23
Claro,6.2346,-75.5741,UMTS,1,23,2026-05-21
Claro,6.2336,-75.5702,LTE,1,7,2026-03-07
Claro,6.23414,-75.56816,LTE,3,22,2026-03-29
Claro,6.2354,-75.5611,UMTS,1,4,2025-11-13
Claro,6.2338,-75.5573,UMTS,1,2,2026-04-17
Claro,6.2326,-75.406,UMTS,1,2,2025-09-17
Claro,6.2364,-75.58753,LTE,3,20,2026-03-29
Claro,6.23685,-75.57618,LTE,2,12,2026-03-23
Claro,6.23716,-75.57279,LTE,10,87,2026-05-21
Claro,6.2369,-75.57006,LTE,6,25,2026-03-29
Claro,6.2382,-75.563,UMTS,1,6,2025-05-29
Claro,6.2377,-75.4396,UMTS,1,50,2025-06-27
Claro,6.2391,-75.5955,LTE,1,1,2025-04-24
Claro,6.2389,-75.591,UMTS,1,2,2025-09-20
Claro,6.23968,-75.58776,LTE,11,104,2026-03-24
Claro,6.23958,-75.58502,LTE,5,33,2026-03-13
Claro,6.23878,-75.58132,LTE,2,39,2026-03-29
Claro,6.24034,-75.57821,LTE,2,39,2026-03-29
Claro,6.23957,-75.57582,LTE,13,70,2026-04-22
Claro,6.23927,-75.57291,LTE,6,54,2026-05-21
Claro,6.24082,-75.57089,LTE,4,27,2026-05-20
Claro,6.2395,-75.5676,LTE,1,6,2026-03-29
Claro,6.2406,-75.563,UMTS,1,3,2026-04-17
Claro,6.239,-75.56166,UMTS,2,5,2026-03-13
Claro,6.2406,-75.4156,UMTS,1,27,2026-03-20
Claro,6.24261,-75.59012,LTE,3,35,2026-03-10
Claro,6.24339,-75.58794,LTE,4,19,2026-03-10
Claro,6.24231,-75.5837,LTE,2,7,2026-04-20
Claro,6.24401,-75.58225,LTE,3,12,2026-05-21
Claro,6.24353,-75.57522,LTE,3,22,2026-04-17
Claro,6.24296,-75.57233,LTE,4,40,2026-04-17
Claro,6.24246,-75.57039,UMTS,7,50,2026-05-21
Claro,6.24226,-75.56655,LTE,5,20,2026-03-29
Claro,6.24305,-75.5639,LTE,6,21,2026-03-29
Claro,6.24385,-75.5604,LTE,3,20,2026-03-29
Claro,6.2457,-75.6208,LTE,1,1,2025-04-26
Claro,6.24681,-75.58759,UMTS,3,35,2026-05-22
Claro,6.2464,-75.58592,LTE,4,74,2026-05-22
Claro,6.24639,-75.58099,LTE,7,39,2026-05-20
Claro,6.24696,-75.57926,LTE,6,48,2026-05-21
Claro,6.24636,-75.57522,LTE,9,77,2026-04-17
Claro,6.24539,-75.57218,LTE,4,23,2026-05-21
Claro,6.24485,-75.57061,LTE,6,61,2026-05-21
Claro,6.245,-75.564,LTE,1,2,2026-03-29
Claro,6.2446,-75.5624,LTE,1,5,2026-03-29
Claro,6.2489,-75.6205,LTE,2,2,2025-04-26
Claro,6.2501,-75.5922,UMTS,1,1,2026-05-21
Claro,6.24874,-75.58752,UMTS,6,73,2026-05-21
Claro,6.24894,-75.58498,LTE,8,96,2026-05-21
Claro,6.24847,-75.58194,LTE,3,7,2026-03-13
Claro,6.2483,-75.5787,LTE,6,41,2026-05-20
Claro,6.24944,-75.57526,LTE,2,14,2026-03-13
Claro,6.2503,-74.5046,UMTS,1,26,2026-07-17
Claro,6.251,-75.5867,UMTS,1,1,2026-03-16
Claro,6.25078,-75.58264,UMTS,2,20,2026-05-21
Claro,6.25185,-75.57854,LTE,4,58,2026-03-23
Claro,6.25188,-75.5754,LTE,5,20,2026-03-13
Claro,6.25234,-75.57229,LTE,2,11,2026-03-13
Claro,6.2529,-75.56974,LTE,3,9,2026-03-13
Claro,6.25184,-75.56645,LTE,10,47,2026-03-13
Claro,6.2527,-75.56478,LTE,9,49,2026-03-13
Claro,6.2538,-75.5917,UMTS,1,1,2026-03-16
Claro,6.2537,-75.5883,UMTS,1,11,2026-03-12
Claro,6.2543,-75.5862,UMTS,1,7,2026-04-16
Claro,6.25527,-75.57903,LTE,4,22,2026-04-22
Claro,6.25492,-75.57674,LTE,9,56,2026-03-23
Claro,6.25553,-75.57375,LTE,2,4,2026-03-13
Claro,6.2537,-75.5714,LTE,1,1,2025-04-24
Claro,6.2536,-75.5671,LTE,1,1,2026-03-13
Claro,6.25495,-75.56389,LTE,3,11,2026-03-13
Claro,6.255,-75.5622,LTE,1,32,2026-03-13
Claro,6.2588,-75.5957,UMTS,1,7,2026-03-12
Claro,6.2595,-75.5865,UMTS,1,6,2026-02-05
Claro,6.2588,-75.5848,UMTS,1,5,2025-05-29
Claro,6.25696,-75.58152,LTE,5,18,2026-03-16
Claro,6.25862,-75.57919,LTE,2,14,2026-03-23
Claro,6.2585,-75.5758,LTE,1,7,2026-03-23
Claro,6.25728,-75.57083,LTE,5,19,2026-03-13
Claro,6.2566,-75.5653,LTE,1,1,2026-03-13
Claro,6.2567,-75.4313,UMTS,1,27,2025-09-17
Claro,6.26115,-75.5916,UMTS,2,11,2026-05-21
Claro,6.2622,-75.5875,UMTS,1,5,2025-05-23
Claro,6.26157,-75.58473,LTE,4,29,2026-03-23
Claro,6.2597,-75.5833,LTE,1,9,2026-03-23
Claro,6.2608,-75.5736,UMTS,1,5,2025-05-29
Claro,6.2611,-75.5676,UMTS,1,5,2025-11-13
Claro,6.2603,-74.4878,UMTS,1,1,2025-11-04
Claro,6.2651,-75.5962,UMTS,1,1,2026-05-21
Claro,6.2626,-75.5931,UMTS,1,7,2026-02-05
Claro,6.2636,-75.5902,LTE,1,30,2026-03-23
Claro,6.26348,-75.58573,LTE,2,9,2026-03-23
Claro,6.2635,-75.5693,UMTS,1,3,2025-11-13
Claro,6.2638,-74.4834,UMTS,1,2,2026-06-10
Claro,6.2671,-75.5958,UMTS,1,1,2026-02-04
Claro,6.26739,-75.59107,LTE,2,19,2026-03-23
Claro,6.26645,-75.5882,LTE,5,15,2026-03-09
Claro,6.2667,-75.567,UMTS,1,1,2025-11-12
Claro,6.27075,-75.59373,LTE,3,23,2026-03-23
Claro,6.2692,-75.5915,LTE,1,4,2026-03-09
Claro,6.2713,-75.5743,UMTS,1,7,2025-05-23
Claro,6.2687,-75.567,UMTS,1,12,2025-11-13
Claro,6.2696,-74.4761,UMTS,1,1,2025-07-21
Claro,6.27394,-75.62158,LTE,2,36,2026-03-23
Claro,6.2738,-75.6153,LTE,1,9,2026-03-09
Claro,6.27273,-75.59649,LTE,3,32,2026-04-16
Claro,6.27319,-75.59485,LTE,3,19,2026-03-23
Claro,6.2722,-75.5745,UMTS,1,2,2025-05-29
Claro,6.2755,-75.6371,LTE,1,17,2026-03-23
Claro,6.2756,-75.6321,LTE,1,21,2026-03-23
Claro,6.27574,-75.62912,LTE,2,16,2026-03-23
Claro,6.2757,-75.6269,LTE,1,7,2026-03-23
Claro,6.275,-75.6226,LTE,1,11,2026-03-23
Claro,6.27659,-75.62046,LTE,2,7,2026-03-09
Claro,6.27544,-75.61208,LTE,3,35,2026-03-23
Claro,6.27705,-75.6087,LTE,2,14,2026-03-23
Claro,6.27666,-75.60501,LTE,2,11,2026-03-23
Claro,6.27604,-75.6028,LTE,2,17,2026-03-23
Claro,6.27542,-75.60056,LTE,3,14,2026-03-23
Claro,6.2771,-75.5981,UMTS,1,1,2026-05-21
Claro,6.28,-75.6445,LTE,1,41,2026-03-23
Claro,6.2795,-75.6332,UMTS,1,1,2025-05-22
Claro,6.2795,-75.62292,UMTS,3,4,2025-05-29
Claro,6.27929,-75.60269,UMTS,2,15,2026-05-21
Claro,6.27904,-75.60039,UMTS,2,15,2026-05-21
Claro,6.2776,-75.5982,UMTS,1,4,2026-03-12
Claro,6.2815,-75.6472,LTE,1,4,2026-03-23
Claro,6.2816,-75.6062,UMTS,1,3,2025-11-07
Claro,6.2812,-75.5638,UMTS,1,2,2025-11-13
Claro,6.2844,-75.6077,UMTS,1,2,2025-09-18
Claro,6.2892,-75.6506,LTE,1,16,2026-03-23
Claro,6.2879,-75.6121,UMTS,1,11,2026-05-22
Claro,6.289,-74.4611,UMTS,1,3,2025-06-04
Claro,6.2925,-75.651,LTE,1,27,2026-03-23
Claro,6.2963,-74.4557,UMTS,1,1,2026-06-11
Claro,6.3017,-76.1336,UMTS,1,4,2026-03-18
Claro,6.3041,-75.4576,UMTS,1,22,2025-09-17
Claro,6.3122,-75.5553,UMTS,1,1,2025-09-16
Claro,6.3163,-75.5458,UMTS,1,2,2025-09-17
Claro,6.3189,-76.1364,UMTS,1,3,2026-03-18
Claro,6.3167,-76.1354,UMTS,1,2,2026-03-18
Claro,6.3175,-75.4988,UMTS,1,3,2025-09-17
Claro,6.3201,-76.1385,UMTS,1,11,2026-03-18
Claro,6.32384,-75.68782,LTE,2,5,2026-03-23
Claro,6.3233,-75.5605,LTE,1,1,2025-04-04
Claro,6.3227,-75.4729,UMTS,1,6,2025-09-17
Claro,6.32743,-75.68934,LTE,2,14,2026-03-23
Claro,6.3275,-75.5974,UMTS,1,2,2025-11-07
Claro,6.3264,-75.5117,UMTS,1,1,2025-09-16
Claro,6.33,-75.6917,LTE,1,15,2026-03-23
Claro,6.3314,-74.4343,UMTS,1,26,2026-07-17
Claro,6.3317,-75.5995,UMTS,1,1,2025-05-21
Claro,6.34,-75.5858,UMTS,1,18,2026-04-16
Claro,6.3417,-75.5269,UMTS,1,3,2025-09-17
Claro,6.3556,-75.5008,UMTS,1,2,2025-09-17
Claro,6.3664,-75.6156,UMTS,1,15,2026-05-22
Claro,6.378,-75.4807,UMTS,1,11,2025-09-17
Claro,6.3788,-74.3907,UMTS,1,27,2026-07-17
Claro,6.3826,-74.3792,UMTS,1,1,2025-05-07
Claro,6.3881,-74.3827,UMTS,1,5,2026-07-17
Claro,6.3955,-74.3646,UMTS,1,1,2026-06-11
Claro,6.4032,-75.4288,UMTS,1,7,2025-09-17
Claro,6.4078,-74.3565,UMTS,1,1,2025-05-07
Claro,6.4117,-75.4138,UMTS,1,1,2025-09-16
Claro,6.4196,-75.3834,UMTS,1,16,2026-05-22
Claro,6.4298,-75.3715,UMTS,1,12,2026-04-15
Claro,6.4309,-75.5919,UMTS,1,1,2025-08-13
Claro,6.4318,-75.35315,UMTS,2,8,2026-05-22
Claro,6.4371,-75.3378,UMTS,1,11,2025-06-18
Claro,6.441,-75.3527,UMTS,1,8,2026-03-11
Claro,6.4478,-75.3656,UMTS,1,15,2026-05-22
Claro,6.4458,-75.3599,UMTS,1,3,2025-05-21
Claro,6.45,-75.5682,UMTS,1,18,2026-05-22
Claro,6.4491,-74.6587,UMTS,1,9,2026-04-14
Claro,6.4512,-71.7678,LTE,1,2,2026-01-05
Claro,6.4516,-74.3501,UMTS,1,4,2025-12-28
Claro,6.45891,-75.55773,UMTS,3,19,2026-03-12
Claro,6.4585,-75.3394,UMTS,1,6,2026-05-22
Claro,6.4601,-75.3226,UMTS,1,2,2026-04-15
Claro,6.4631,-74.676,UMTS,1,8,2026-04-14
Claro,6.4625,-74.2875,UMTS,1,12,2026-07-17
Claro,6.4676,-75.5594,UMTS,1,1,2026-03-11
Claro,6.4689,-75.3717,UMTS,1,8,2026-03-11
Claro,6.475,-75.5596,UMTS,1,2,2025-08-14
Claro,6.4783,-74.7016,UMTS,1,2,2026-04-14
Claro,6.4772,-74.6988,UMTS,1,7,2026-05-22
Claro,6.4793,-75.5671,UMTS,1,4,2026-03-12
Claro,6.4795,-75.2803,UMTS,1,11,2026-05-22
Claro,6.4817,-75.3848,UMTS,1,10,2026-04-15
Claro,6.4841,-74.4028,UMTS,1,7,2025-11-08
Claro,6.4826,-74.2739,UMTS,1,19,2026-07-17
Claro,6.4854,-75.3882,UMTS,1,6,2025-11-06
Claro,6.4873,-74.3861,UMTS,1,6,2026-07-17
Claro,6.4864,-74.383,UMTS,1,2,2025-07-24
Claro,6.485,-74.2746,UMTS,1,2,2026-04-14
Claro,6.4879,-75.0183,UMTS,1,7,2026-05-22
Claro,6.48871,-74.40467,UMTS,2,14,2026-07-18
Claro,6.48843,-74.40358,UMTS,3,22,2026-07-18
Claro,6.49014,-74.39933,UMTS,4,16,2026-07-18
Claro,6.489,-74.3878,UMTS,1,25,2026-07-18
Claro,6.4876,-74.3803,UMTS,1,8,2025-08-12
Claro,6.4908,-75.5648,UMTS,1,11,2026-05-22
Claro,6.4926,-75.0182,UMTS,1,9,2026-04-15
Claro,6.4925,-74.4372,UMTS,1,4,2025-12-28
Claro,6.4905,-74.4242,UMTS,1,7,2026-04-14
Claro,6.4906,-74.4033,UMTS,1,1,2025-05-06
Claro,6.4906,-74.4004,UMTS,1,6,2025-07-22
Claro,6.4931,-74.3601,UMTS,1,5,2025-09-04
Claro,6.4934,-74.3304,UMTS,2,2,2025-05-07
Claro,6.4943,-74.4012,UMTS,1,2,2025-06-06
Claro,6.4959,-74.3415,UMTS,1,2,2025-06-17
Claro,6.4983,-75.01,UMTS,1,8,2026-05-22
Claro,6.4975,-74.8299,UMTS,1,7,2026-04-14
Claro,6.4972,-74.5201,UMTS,1,1,2026-03-09
Claro,6.4967,-74.5027,UMTS,1,3,2026-03-10
Claro,6.502,-74.755,UMTS,1,4,2026-03-10
Claro,6.5003,-74.3718,UMTS,1,2,2025-12-28
Claro,6.505,-75.0145,UMTS,1,1,2026-04-14
Claro,6.5034,-74.861,UMTS,1,3,2025-11-05
Claro,6.5026,-74.7613,UMTS,1,2,2025-11-05
Claro,6.5069,-75.0138,UMTS,1,1,2025-05-20
Claro,6.5076,-75.0105,UMTS,1,2,2026-05-22
Claro,6.5108,-75.5466,UMTS,1,12,2026-05-22
Claro,6.5115,-75.2574,UMTS,1,10,2026-05-22
Claro,6.5116,-74.7978,UMTS,1,6,2026-04-14
Claro,6.516,-75.2537,UMTS,1,1,2026-03-10
Claro,6.5175,-74.9093,UMTS,1,5,2026-04-14
Claro,6.5192,-74.4161,UMTS,1,3,2026-04-14
Claro,6.5228,-75.3962,UMTS,1,2,2026-04-15
Claro,6.5269,-75.2459,UMTS,1,8,2026-05-22
Claro,6.5272,-74.3886,UMTS,1,1,2026-03-09
Claro,6.5311,-74.8078,UMTS,1,1,2025-12-27
Claro,6.535,-75.0704,UMTS,1,8,2026-05-22
Claro,6.5326,-75.0066,UMTS,1,7,2025-08-13
Claro,6.5358,-75.0878,UMTS,1,9,2026-04-15
Claro,6.536,-75.0764,UMTS,1,1,2025-05-20
Claro,6.5359,-75.0541,UMTS,1,12,2026-05-22
Claro,6.5397,-75.2237,UMTS,1,3,2026-03-11
Claro,6.5479,-75.1924,UMTS,1,5,2026-05-22
Claro,6.5495,-75.188,UMTS,1,2,2026-05-22
Claro,6.5511,-75.2044,UMTS,1,8,2026-02-04
Claro,6.5674,-75.5217,UMTS,1,22,2026-05-22
Claro,6.5694,-75.5181,UMTS,1,3,2026-02-05
Claro,6.5812,-75.5105,UMTS,1,15,2026-04-15
Claro,6.5954,-75.4734,UMTS,1,1,2025-11-05
Claro,6.5948,-75.4125,UMTS,1,11,2026-04-15
Claro,6.6135,-75.4431,UMTS,1,6,2026-04-15
Claro,6.6113,-75.4416,UMTS,1,6,2025-06-18
Claro,6.6272,-75.446,UMTS,1,6,2025-11-06
Claro,6.6311,-75.4623,UMTS,1,2,2026-04-15
Claro,6.6364,-75.4613,UMTS,1,10,2026-02-04
Claro,6.639,-75.4627,UMTS,1,4,2025-08-13
Claro,6.6389,-75.4515,UMTS,1,6,2025-06-18
Claro,6.6452,-75.4602,UMTS,1,7,2026-04-15
Claro,6.64996,-75.45946,UMTS,2,5,2026-04-14
Claro,6.6528,-75.4574,UMTS,1,12,2026-04-15
Claro,6.6558,-75.4583,UMTS,1,14,2026-04-15
Claro,6.6756,-75.4642,UMTS,1,20,2026-04-15
Claro,6.6777,-74.7913,UMTS,1,1,2025-12-27
Claro,6.7012,-75.472,UMTS,1,1,2026-03-10
Claro,6.7409,-74.7959,UMTS,1,1,2025-12-27
Claro,6.7767,-74.801,UMTS,1,1,2026-03-31
Claro,6.7838,-75.4883,UMTS,1,15,2026-04-15
Claro,6.8087,-75.4832,UMTS,1,13,2026-04-15
Claro,6.8272,-75.4708,UMTS,1,13,2025-11-06
Claro,6.9303,-75.4284,UMTS,1,8,2026-04-15
Claro,6.9443,-75.4248,UMTS,1,4,2025-11-06
Claro,6.95045,-75.4231,UMTS,2,30,2026-04-15
Claro,6.9525,-75.4234,UMTS,1,8,2026-04-15
Claro,6.9577,-75.4192,UMTS,1,14,2026-04-15
Claro,6.964,-75.4222,UMTS,1,12,2026-04-15
Claro,6.9654,-75.4199,UMTS,1,2,2025-08-13
Claro,7.0635,-73.8763,UMTS,1,1,2025-04-26
Claro,7.2422,-74.8129,UMTS,1,1,2025-12-27
Claro,7.2739,-74.8313,UMTS,1,1,2025-12-27
Claro,7.3182,-74.8385,UMTS,1,1,2025-12-27
Claro,7.4085,-74.8577,UMTS,1,1,2025-12-27
Claro,7.491,-74.8451,UMTS,1,1,2025-12-27
Claro,7.6825,-74.8945,UMTS,1,1,2025-12-27
Claro,7.7564,-73.3966,LTE,1,1,2026-09-03
Claro,7.7694,-74.9019,UMTS,1,1,2025-12-27
Claro,7.8008,-74.9287,UMTS,1,1,2025-12-27
Claro,7.9066,-72.496,LTE,1,4,2026-05-18
Claro,7.9515,-75.1667,UMTS,1,1,2025-12-27
Claro,7.9685,-75.1813,UMTS,1,1,2025-12-27
Claro,7.9733,-75.2032,UMTS,1,1,2025-12-27
Claro,8.0079,-75.2444,UMTS,1,1,2025-12-27
Claro,8.0301,-75.2976,UMTS,1,1,2025-12-27
Claro,8.0675,-75.3577,UMTS,1,1,2025-12-27
Claro,8.07,-75.3618,UMTS,1,1,2025-12-27
Claro,8.1106,-75.3961,UMTS,1,1,2025-12-27
Claro,8.1512,-75.4248,UMTS,1,1,2025-12-27
Claro,8.1826,-75.4542,UMTS,1,1,2025-12-27
Claro,8.2075,-73.6094,UMTS,1,1,2025-06-22
Claro,8.2218,-75.4822,UMTS,1,1,2025-12-27
Claro,8.2668,-75.5032,UMTS,1,2,2025-12-28
Claro,8.3808,-75.5718,UMTS,1,1,2025-12-27
Claro,8.4766,-75.6161,UMTS,1,1,2025-12-27
Claro,8.5162,-75.6619,UMTS,1,2,2025-12-28
Claro,8.5234,-75.6696,UMTS,2,2,2025-12-27
Claro,8.5714,-75.7104,UMTS,1,1,2025-12-27
Claro,8.6298,-75.763,UMTS,1,2,2025-12-28
Claro,8.6465,-75.7769,UMTS,1,1,2025-12-27
Claro,8.7066,-75.8278,UMTS,1,2,2025-12-28
Claro,8.7427,-75.8748,UMTS,1,1,2025-12-27
Claro,8.7431,-75.8689,UMTS,1,1,2025-12-27
Claro,8.7428,-75.8667,UMTS,1,2,2025-12-28
Claro,8.7444,-75.8728,UMTS,1,5,2025-12-29
Claro,8.7482,-75.8686,UMTS,1,2,2025-12-28
Claro,8.7522,-75.4405,UMTS,1,1,2026-03-31
Claro,8.76654,-75.87858,UMTS,2,5,2026-02-14
Claro,8.7741,-75.8658,UMTS,1,3,2026-02-14
Claro,8.7757,-75.8632,UMTS,1,3,2026-02-14
Claro,8.7786,-75.8631,UMTS,1,1,2026-02-13
Claro,8.8073,-75.8484,UMTS,1,1,2026-02-13
Claro,8.82239,-75.84055,UMTS,2,15,2026-07-15
Claro,8.8371,-75.8334,UMTS,1,1,2026-02-13
Claro,8.8709,-75.6161,UMTS,1,1,2026-02-13
Claro,8.8788,-75.6646,UMTS,2,2,2026-02-13
Claro,8.8839,-75.7219,UMTS,1,1,2026-02-13
Claro,8.9486,-75.4498,UMTS,1,19,2026-02-15
Claro,8.9579,-75.4532,UMTS,1,1,2026-02-13
Claro,9.0032,-75.4566,UMTS,1,1,2026-02-13
Claro,9.0921,-75.4073,UMTS,1,3,2026-02-15
Claro,9.1383,-75.3883,UMTS,1,1,2026-02-13
Claro,9.1713,-75.3949,UMTS,1,1,2026-02-13
Claro,9.1988,-73.5407,UMTS,1,1,2025-06-22
Claro,9.20075,-73.54515,LTE,2,2,2026-03-15
Claro,9.2029,-73.545,LTE,1,1,2025-10-12
Claro,9.2464,-75.4137,UMTS,1,1,2026-02-13
Claro,9.2449,-73.5175,UMTS,1,1,2026-03-15
Claro,9.3184,-75.3242,UMTS,1,3,2026-02-15
Claro,9.3243,-75.287,UMTS,1,1,2026-02-13
Claro,9.3691,-73.5467,LTE,1,1,2025-09-12
Claro,9.3783,-75.2678,LTE,1,1,2026-03-26
Claro,9.3851,-75.2701,UMTS,1,1,2026-02-13
Claro,9.4216,-75.2449,UMTS,1,1,2026-02-13
Claro,9.4327,-75.2326,UMTS,1,1,2026-02-13
Claro,9.4618,-75.2192,UMTS,1,1,2026-02-13
Claro,9.4909,-75.2292,UMTS,1,1,2026-02-13
Claro,9.532,-75.2234,UMTS,1,1,2026-02-13
Claro,9.5688,-75.2019,UMTS,1,1,2026-02-13
Claro,9.6765,-75.1287,UMTS,2,2,2026-02-13
Claro,9.7325,-75.1173,UMTS,1,2,2026-02-15
Claro,9.8381,-75.1201,UMTS,1,4,2026-02-15
Claro,9.841,-74.2394,LTE,1,1,2025-12-20
Claro,9.9165,-74.0619,UMTS,1,2,2025-06-23
Claro,9.9361,-75.0915,UMTS,1,5,2026-02-15
Claro,9.9591,-75.0827,UMTS,1,1,2026-02-13
Claro,9.9918,-75.0787,UMTS,1,1,2026-02-13
Claro,10.0517,-75.0717,UMTS,1,5,2026-02-15
Claro,10.0841,-75.1386,LTE,1,1,2026-08-23
Claro,10.1739,-75.0083,UMTS,1,2,2026-02-15
Claro,10.2586,-75.6136,LTE,1,1,2026-08-09
Claro,10.2587,-74.9276,UMTS,1,6,2026-02-15
Claro,10.2697,-74.9193,UMTS,1,8,2026-02-15
Claro,10.3239,-74.8871,UMTS,1,4,2026-02-15
Claro,10.3432,-75.4865,LTE,1,1,2026-08-14
Claro,10.3633,-74.87,UMTS,1,3,2026-02-15
Claro,10.3721,-75.5046,LTE,1,1,2026-08-14
Claro,10.3783,-75.5096,LTE,1,1,2026-01-31
Claro,10.3832,-75.5064,LTE,1,1,2025-12-16
Claro,10.3872,-75.5117,LTE,1,1,2025-08-03
Claro,10.3958,-75.52365,LTE,2,2,2025-12-20
Claro,10.40955,-75.53605,LTE,2,2,2026-08-21
Claro,10.4089,-75.5317,LTE,1,1,2026-07-03
Claro,10.4352,-75.5236,LTE,1,17,2026-09-27
Claro,10.44401,-75.52096,LTE,4,8,2026-09-27
Claro,10.44366,-75.51894,LTE,5,21,2026-09-27
Claro,10.44331,-74.83876,UMTS,2,7,2026-02-15
Claro,10.44567,-75.52233,LTE,2,6,2026-09-29
Claro,10.4454,-75.51884,LTE,4,28,2026-09-27
Claro,10.44579,-75.51723,LTE,5,16,2026-09-27
Claro,10.44962,-75.51635,LTE,6,52,2026-10-01
Claro,10.45093,-75.51574,LTE,4,70,2026-10-01
Claro,10.5708,-74.7917,UMTS,1,3,2026-02-15
Claro,10.5762,-74.7967,UMTS,1,6,2026-02-15
Claro,10.6273,-74.7661,UMTS,1,3,2026-02-15
Claro,10.6715,-74.7545,UMTS,1,5,2026-02-15
Claro,10.733,-74.7539,UMTS,1,2,2026-02-15
Claro,10.7924,-74.7568,UMTS,1,6,2026-02-15
Claro,10.7968,-74.7579,UMTS,1,1,2026-02-13
Claro,10.8322,-74.7708,UMTS,1,1,2026-02-13
Claro,10.8654,-74.7723,UMTS,1,1,2026-02-13
Claro,10.89347,-74.77097,UMTS,4,4,2026-02-14
Claro,10.8968,-74.7699,UMTS,1,1,2026-02-13
Claro,10.9755,-74.7315,UMTS,1,23,2026-06-19
Claro,10.9898,-74.7045,UMTS,1,1,2026-06-19
Claro,11.2434,-73.8496,LTE,1,1,2026-01-01
Movistar,1.61615,-75.60515,LTE,2,2,2026-01-29
Movistar,2.1987,-75.9704,LTE,1,21,2026-05-22
Movistar,2.2277,-75.9653,LTE,1,15,2026-05-22
Movistar,2.2598,-75.7845,UMTS,1,10,2025-05-25
Movistar,2.2595,-75.781,UMTS,1,1,2025-05-25
Movistar,2.2628,-75.7991,UMTS,1,12,2025-05-25
Movistar,2.2615,-75.7922,UMTS,1,12,2025-05-25
Movistar,2.2662,-75.8158,UMTS,1,38,2025-05-25
Movistar,2.2662,-75.807,LTE,1,1,2025-05-25
Movistar,2.265,-75.8018,LTE,1,8,2025-05-25
Movistar,2.2718,-75.82925,LTE,2,4,2025-05-25
Movistar,2.27,-75.826,UMTS,1,21,2025-05-25
Movistar,2.2741,-75.83029,LTE,2,7,2025-05-25
Movistar,2.2812,-75.8347,LTE,1,10,2025-05-25
Movistar,2.2877,-75.8394,LTE,1,4,2025-05-25
Movistar,2.32842,-75.84197,LTE,2,22,2025-05-25
Movistar,2.3314,-75.8426,LTE,1,6,2025-05-25
Movistar,2.3366,-75.9515,LTE,1,6,2026-05-22
Movistar,2.3383,-75.8529,LTE,1,8,2025-09-17
Movistar,2.3595,-75.8512,LTE,1,4,2025-05-25
Movistar,2.3618,-75.8512,LTE,1,6,2025-05-25
Movistar,2.3635,-75.8512,LTE,1,3,2025-05-25
Movistar,2.3645,-75.8504,LTE,1,4,2025-05-25
Movistar,2.3692,-75.8506,UMTS,1,3,2025-05-25
Movistar,2.37,-75.8497,LTE,1,3,2025-05-25
Movistar,2.3738,-75.8492,LTE,1,6,2025-05-25
Movistar,2.3762,-75.85,LTE,1,2,2025-05-25
Movistar,2.3858,-75.9052,LTE,1,2,2025-09-17
Movistar,2.3842,-75.892,LTE,1,25,2025-09-17
Movistar,2.3861,-75.8709,LTE,1,15,2025-05-25
Movistar,2.3849,-75.8601,UMTS,1,50,2025-05-25
Movistar,2.3877,-75.9173,LTE,1,1,2025-09-17
Movistar,2.3869,-75.9058,LTE,1,22,2025-09-17
Movistar,2.3885,-75.9008,UMTS,1,47,2025-09-17
Movistar,2.3889,-75.8929,LTE,1,11,2025-09-17
Movistar,2.3868,-75.8698,UMTS,1,21,2025-05-25
Movistar,2.3892,-75.863,LTE,1,3,2025-05-25
Movistar,2.39,-75.8978,LTE,1,25,2025-09-17
Movistar,2.3899,-75.8628,LTE,1,3,2025-05-25
Movistar,2.3902,-75.8593,LTE,1,20,2025-05-25
Movistar,2.3947,-75.8608,LTE,1,6,2025-05-25
Movistar,2.3958,-75.9076,LTE,1,6,2025-09-17
Movistar,2.40005,-75.92685,LTE,2,4,2025-09-17
Movistar,2.3986,-75.9159,LTE,1,4,2025-09-17
Movistar,2.40385,-75.93215,LTE,4,4,2025-09-17
Movistar,2.40671,-75.93797,LTE,8,27,2025-09-17
Movistar,2.40638,-75.93687,LTE,6,27,2025-09-17
Movistar,2.4045,-75.934,LTE,1,2,2025-09-17
Movistar,2.4092,-75.9405,UMTS,1,2,2025-09-17
Movistar,2.40868,-75.93987,UMTS,6,17,2025-09-17
Movistar,2.9053,-75.2746,LTE,1,3,2025-05-25
Movistar,2.9073,-75.28137,LTE,2,3,2025-11-03
Movistar,3.1686,-76.4673,UMTS,1,10,2025-07-20
Movistar,3.1791,-76.474,UMTS,1,2,2025-07-15
Movistar,3.1874,-76.4775,UMTS,1,3,2025-07-20
Movistar,3.1899,-76.4807,UMTS,1,2,2025-06-13
Movistar,3.1897,-76.4801,UMTS,1,10,2025-07-15
Movistar,3.1902,-76.4742,UMTS,1,3,2025-06-10
Movistar,3.1886,-76.4459,UMTS,1,15,2025-07-10
Movistar,3.1958,-76.4833,UMTS,1,1,2025-08-25
Movistar,3.1962,-76.4421,UMTS,1,1,2025-07-17
Movistar,3.2003,-76.4878,UMTS,1,1,2025-06-09
Movistar,3.2005,-76.4593,UMTS,1,8,2025-08-01
Movistar,3.2113,-76.4974,UMTS,1,1,2025-05-10
Movistar,3.2099,-76.4417,UMTS,1,5,2025-06-22
Movistar,3.2106,-76.4299,UMTS,1,7,2025-07-10
Movistar,3.21336,-76.49856,UMTS,5,5,2025-08-25
Movistar,3.2132,-76.4984,UMTS,1,2,2025-05-11
Movistar,3.2153,-76.4234,UMTS,1,7,2025-07-16
Movistar,3.2225,-76.5039,UMTS,1,5,2025-05-11
Movistar,3.229,-76.5055,UMTS,1,7,2025-08-01
Movistar,3.2279,-76.5043,UMTS,1,5,2025-07-15
Movistar,3.2276,-76.4996,UMTS,1,7,2025-07-20
Movistar,3.2323,-76.502,UMTS,1,1,2025-09-01
Movistar,3.2313,-76.3961,UMTS,1,16,2025-08-23
Movistar,3.2328,-76.5064,UMTS,1,4,2025-07-15
Movistar,3.2344,-76.4611,UMTS,1,2,2025-05-16
Movistar,3.2334,-76.3955,UMTS,1,1,2025-06-24
Movistar,3.2359,-76.5036,UMTS,1,9,2025-07-13
Movistar,3.2414,-76.5203,UMTS,1,1,2025-04-11
Movistar,3.2391,-76.5181,UMTS,1,3,2025-05-01
Movistar,3.2466,-76.494,UMTS,1,2,2025-07-15
Movistar,3.2504,-76.493,UMTS,1,1,2025-05-30
Movistar,3.2526,-76.4927,UMTS,1,1,2025-06-16
Movistar,3.2552,-76.4603,UMTS,1,5,2025-09-17
Movistar,3.2579,-76.4936,UMTS,1,1,2025-04-14
Movistar,3.26113,-76.53197,UMTS,3,6,2025-08-01
Movistar,3.2663,-76.504,UMTS,1,8,2025-07-15
Movistar,3.27015,-76.53272,UMTS,2,4,2025-07-15
Movistar,3.2715,-76.5246,UMTS,1,4,2025-08-01
Movistar,3.2695,-76.499,UMTS,1,2,2025-05-22
Movistar,3.2721,-76.4994,UMTS,1,2,2025-07-10
Movistar,3.2749,-76.4958,UMTS,1,2,2025-06-25
Movistar,3.2812,-76.5013,UMTS,1,3,2025-04-02
Movistar,3.286,-76.49768,UMTS,3,4,2025-07-09
Movistar,3.2892,-76.5078,UMTS,1,3,2025-07-10
Movistar,3.2881,-76.50255,UMTS,2,4,2025-07-10
Movistar,3.28784,-76.50078,UMTS,2,5,2025-08-02
Movistar,3.2902,-76.5059,UMTS,1,9,2025-08-24
Movistar,3.2914,-76.501,UMTS,1,1,2025-05-02
Movistar,3.2949,-76.5114,UMTS,1,2,2025-05-03
Movistar,3.2983,-76.52165,UMTS,2,2,2025-05-01
Movistar,3.29684,-76.51738,UMTS,2,10,2025-05-30
Movistar,3.3014,-76.5199,UMTS,1,8,2025-06-21
Movistar,3.3223,-76.5224,UMTS,3,3,2025-04-30
Movistar,3.3256,-76.5225,UMTS,2,4,2025-05-11
Movistar,3.3292,-76.5226,UMTS,2,4,2025-06-25
Movistar,3.329,-76.5225,UMTS,3,3,2025-05-10
Movistar,3.3367,-76.5132,UMTS,2,2,2025-06-18
Movistar,3.3544,-76.3542,UMTS,1,1,2025-07-09
Movistar,3.3636,-76.3532,UMTS,1,3,2025-06-25
Movistar,3.3665,-76.3527,UMTS,2,2,2025-08-28
Movistar,3.3734,-76.5248,UMTS,2,2,2025-05-23
Movistar,3.3731,-76.3525,UMTS,2,2,2025-06-24
Movistar,3.3817,-76.5247,UMTS,2,4,2025-07-20
Movistar,3.38713,-76.52443,UMTS,3,3,2025-05-15
Movistar,3.3857,-76.3529,UMTS,1,2,2025-07-22
Movistar,3.3954,-76.5235,UMTS,1,1,2025-07-15
Movistar,3.4019,-76.3919,UMTS,1,1,2025-08-23
Movistar,3.4042,-76.398,UMTS,2,4,2025-09-17
Movistar,3.4065,-76.4041,UMTS,1,1,2025-09-16
Movistar,3.4096,-76.5181,UMTS,1,2,2025-05-24
Movistar,3.412,-76.442,UMTS,1,1,2025-08-20
Movistar,3.4122,-76.4334,UMTS,1,1,2025-09-03
Movistar,3.4152,-76.5122,UMTS,2,2,2025-07-17
Movistar,3.4145,-76.3495,UMTS,1,1,2025-07-04
Movistar,3.4161,-76.4578,UMTS,2,2,2025-09-18
Movistar,3.4212,-76.5061,UMTS,1,1,2025-05-10
Movistar,3.4264,-76.53103,LTE,2,3,2026-06-11
Movistar,3.4249,-76.5021,UMTS,1,1,2025-07-15
Movistar,3.4367,-76.4589,UMTS,2,2,2025-08-23
Movistar,3.4422,-76.4915,UMTS,1,2,2025-05-24
Movistar,3.4413,-76.4604,UMTS,2,2,2025-08-23
Movistar,3.4445,-76.4905,UMTS,1,1,2025-05-15
Movistar,3.4427,-76.4615,UMTS,1,1,2025-08-13
Movistar,3.4511,-76.5563,UMTS,1,1,2025-11-24
Movistar,3.4505,-76.4775,UMTS,3,3,2025-09-04
Movistar,3.4485,-76.4661,UMTS,2,2,2025-08-09
Movistar,3.4534,-76.5528,UMTS,1,1,2025-11-24
Movistar,3.45615,-76.49285,LTE,2,2,2025-12-10
Movistar,3.46534,-76.52138,UMTS,5,5,2026-05-01
Movistar,3.4659,-76.48425,UMTS,3,4,2025-07-16
Movistar,3.46703,-76.52273,UMTS,3,3,2026-05-27
Movistar,3.4668,-76.5218,UMTS,1,1,2026-03-30
Movistar,3.4769,-76.4883,UMTS,4,4,2025-08-23
Movistar,3.4815,-76.4988,UMTS,1,1,2026-08-06
Movistar,3.4814,-76.4971,UMTS,1,1,2026-08-06
Movistar,3.4811,-76.489,UMTS,4,4,2025-06-04
Movistar,3.4846,-76.6043,UMTS,1,1,2026-08-08
Movistar,3.4869,-76.327,UMTS,2,2,2025-07-15
Movistar,3.49015,-76.5086,UMTS,3,4,2025-07-16
Movistar,3.4925,-76.51837,UMTS,3,3,2025-11-22
Movistar,3.4913,-76.5157,UMTS,2,2,2025-08-28
Movistar,3.4927,-76.4837,UMTS,6,6,2025-08-05
Movistar,3.4934,-76.4775,UMTS,1,1,2025-07-03
Movistar,3.4907,-76.328,UMTS,1,2,2025-08-10
Movistar,3.4956,-76.5217,UMTS,1,1,2025-08-14
Movistar,3.4942,-76.5191,UMTS,1,1,2026-02-05
Movistar,3.4938,-76.4836,UMTS,1,1,2026-03-18
Movistar,3.4962,-76.3299,UMTS,1,3,2025-06-27
Movistar,3.4974,-76.4594,UMTS,1,3,2025-07-04
Movistar,3.4983,-76.4546,UMTS,1,2,2025-06-21
Movistar,3.4997,-76.4483,UMTS,1,1,2025-06-14
Movistar,3.5021,-76.4379,UMTS,1,2,2025-07-04
Movistar,3.5053,-76.5154,UMTS,1,1,2026-05-27
Movistar,3.5059,-76.5201,UMTS,1,1,2026-05-27
Movistar,3.5066,-76.3336,UMTS,1,1,2025-09-03
Movistar,3.5105,-76.3358,UMTS,1,1,2025-05-21
Movistar,3.5143,-76.3413,UMTS,1,2,2025-08-28
Movistar,3.5131,-76.337,UMTS,1,1,2025-07-09
Movistar,3.51545,-76.3378,UMTS,2,2,2025-07-09
Movistar,3.5183,-76.36525,UMTS,3,4,2025-08-28
Movistar,3.5191,-76.3622,UMTS,1,2,2025-08-28
Movistar,3.5204,-76.3563,UMTS,1,10,2025-07-22
Movistar,3.5193,-76.3412,UMTS,1,2,2025-07-10
Movistar,3.5226,-76.4983,UMTS,3,3,2025-06-04
Movistar,3.5213,-76.3792,UMTS,1,5,2025-06-20
Movistar,3.5213,-76.3747,UMTS,1,3,2025-08-06
Movistar,3.5214,-76.3521,UMTS,1,7,2025-06-21
Movistar,3.5225,-76.3462,UMTS,1,3,2025-08-01
Movistar,3.5233,-76.3436,UMTS,1,3,2025-06-21
Movistar,3.5205,-76.3388,UMTS,1,9,2025-06-20
Movistar,3.5243,-76.6201,UMTS,1,1,2026-02-05
Movistar,3.52384,-76.33833,UMTS,2,10,2026-03-18
Movistar,3.5247,-76.3363,UMTS,1,2,2025-05-24
Movistar,3.5274,-76.391,UMTS,3,3,2025-08-05
Movistar,3.5267,-76.3276,UMTS,1,1,2025-05-26
Movistar,3.53,-76.3912,UMTS,1,7,2025-06-12
Movistar,3.5343,-76.4947,UMTS,2,2,2025-06-05
Movistar,3.5335,-76.4002,UMTS,1,2,2025-05-21
Movistar,3.5357,-76.4937,UMTS,4,4,2025-07-15
Movistar,3.54075,-76.4909,LTE,2,2,2026-03-11
Movistar,3.5397,-76.4095,UMTS,1,1,2025-05-20
Movistar,3.5421,-76.4061,UMTS,1,3,2025-05-24
Movistar,3.5446,-76.4601,UMTS,1,5,2025-08-10
Movistar,3.5486,-76.4904,UMTS,1,1,2025-06-05
Movistar,3.5476,-76.4164,UMTS,1,4,2025-08-23
Movistar,3.552,-76.4343,UMTS,1,9,2025-07-11
Movistar,3.5547,-76.4901,UMTS,1,2,2025-06-05
Movistar,3.5548,-76.4875,UMTS,1,3,2025-05-15
Movistar,3.5553,-76.471,UMTS,1,1,2025-05-20
Movistar,3.5563,-76.4241,UMTS,1,1,2025-07-02
Movistar,3.55853,-76.49113,UMTS,2,3,2025-07-24
Movistar,3.5584,-76.4852,UMTS,1,4,2025-07-24
Movistar,3.5594,-76.446,UMTS,1,2,2025-07-04
Movistar,3.5595,-76.4362,UMTS,1,4,2025-07-11
Movistar,3.5605,-76.4893,UMTS,1,4,2025-07-24
Movistar,3.56073,-76.43777,UMTS,2,3,2025-05-22
Movistar,3.5596,-76.4335,UMTS,1,10,2025-08-12
Movistar,3.5637,-76.4875,UMTS,2,2,2025-06-07
Movistar,3.5772,-76.4861,UMTS,1,1,2025-06-13
Movistar,3.5753,-76.4793,UMTS,1,5,2025-08-22
Movistar,3.5779,-76.6333,UMTS,1,1,2026-02-05
Movistar,3.5781,-76.4862,UMTS,3,3,2025-04-28
Movistar,3.5782,-76.4589,UMTS,1,2,2025-09-07
Movistar,3.5817,-76.4861,UMTS,1,2,2025-07-16
Movistar,3.5809,-76.431,UMTS,1,3,2025-06-13
Movistar,3.5863,-75.1212,UMTS,1,1,2026-05-14
Movistar,3.5903,-76.4832,UMTS,1,1,2025-04-29
Movistar,3.5915,-76.4521,UMTS,1,3,2025-07-08
Movistar,3.5939,-76.4834,UMTS,1,2,2025-05-01
Movistar,3.6003,-76.4322,UMTS,1,1,2025-06-09
Movistar,3.6026,-76.4807,UMTS,1,5,2025-06-21
Movistar,3.6062,-76.48271,UMTS,2,8,2025-09-18
Movistar,3.6103,-76.4837,UMTS,1,1,2025-04-24
Movistar,3.60942,-76.4829,UMTS,2,26,2025-05-21
Movistar,3.6092,-76.4775,UMTS,1,13,2025-08-01
Movistar,3.6134,-76.4867,UMTS,1,1,2025-09-06
Movistar,3.61234,-76.48386,UMTS,2,21,2025-09-06
Movistar,3.6148,-76.4936,UMTS,1,1,2025-08-26
Movistar,3.6148,-76.4901,UMTS,1,5,2025-07-25
Movistar,3.61504,-76.48805,UMTS,5,31,2025-08-22
Movistar,3.61394,-76.48459,UMTS,22,132,2025-10-21
Movistar,3.6137,-76.4819,UMTS,1,20,2025-10-21
Movistar,3.6148,-76.4783,UMTS,1,15,2025-05-13
Movistar,3.6158,-76.4688,UMTS,1,18,2025-08-02
Movistar,3.6149,-76.4663,UMTS,1,8,2025-10-21
Movistar,3.61406,-76.46306,UMTS,2,25,2025-10-21
Movistar,3.6136,-76.4465,UMTS,1,3,2025-07-20
Movistar,3.6149,-76.4321,UMTS,1,2,2025-09-10
Movistar,3.6165,-76.4821,UMTS,1,11,2025-09-07
Movistar,3.6223,-76.4554,UMTS,2,2,2025-07-19
Movistar,3.6229,-76.4693,UMTS,1,3,2025-07-20
Movistar,3.6268,-76.4617,UMTS,1,3,2025-05-11
Movistar,3.7252,-75.079,UMTS,1,1,2026-05-14
Movistar,3.7338,-75.4383,UMTS,1,1,2025-12-03
Movistar,3.7376,-75.4166,UMTS,1,1,2025-06-12
Movistar,3.7536,-75.3805,UMTS,1,3,2026-03-13
Movistar,3.7595,-76.3294,UMTS,1,1,2026-03-18
Movistar,3.782,-75.3417,UMTS,1,1,2025-06-12
Movistar,3.8263,-77.1797,UMTS,1,1,2025-12-01
Movistar,3.8676,-76.9913,UMTS,1,1,2025-08-29
Movistar,3.8713,-76.9792,UMTS,1,1,2026-04-15
Movistar,3.8713,-76.8699,UMTS,1,1,2026-05-27
Movistar,3.8774,-77.0596,UMTS,1,1,2025-08-04
Movistar,3.8749,-77.0227,UMTS,1,1,2025-11-01
Movistar,3.8774,-77.0084,UMTS,1,1,2025-08-04
Movistar,3.87565,-77.0046,UMTS,2,2,2026-08-08
Movistar,3.8773,-76.99865,UMTS,2,2,2025-12-19
Movistar,3.8755,-76.9955,UMTS,1,1,2025-12-19
Movistar,3.8797,-77.062,UMTS,1,1,2026-03-30
Movistar,3.8786,-77.0253,UMTS,1,1,2026-04-28
Movistar,3.8778,-77.0109,UMTS,1,1,2026-02-05
Movistar,3.8824,-77.0571,UMTS,1,1,2025-11-08
Movistar,3.8835,-77.0449,UMTS,1,1,2025-11-13
Movistar,3.88285,-77.0425,UMTS,2,2,2025-11-14
Movistar,3.8827,-77.0268,UMTS,1,1,2025-08-19
Movistar,3.88307,-77.02503,UMTS,3,3,2026-04-23
Movistar,3.8834,-77.0213,UMTS,1,1,2025-09-18
Movistar,3.88615,-77.07565,UMTS,2,2,2025-10-09
Movistar,3.88495,-77.07245,UMTS,2,2,2026-08-08
Movistar,3.8836,-77.0641,UMTS,1,1,2026-02-05
Movistar,3.8857,-77.0459,UMTS,1,1,2025-11-02
Movistar,3.8845,-77.0419,UMTS,1,1,2025-09-16
Movistar,3.88475,-77.04085,UMTS,2,2,2025-11-01
Movistar,3.8862,-77.03055,UMTS,2,2,2026-07-26
Movistar,3.88423,-77.02548,UMTS,4,4,2026-08-15
Movistar,3.88823,-77.07603,UMTS,4,4,2026-08-11
Movistar,3.8881,-77.07385,UMTS,2,2,2026-03-19
Movistar,3.8866,-77.0276,UMTS,1,1,2026-05-28
Movistar,3.88675,-77.01925,UMTS,2,2,2026-04-18
Movistar,3.89125,-77.07955,LTE,2,2,2026-08-05
Movistar,3.8912,-77.07495,LTE,2,2,2026-07-18
Movistar,3.8907,-77.07288,UMTS,5,5,2026-05-27
Movistar,3.8903,-77.0686,UMTS,1,1,2025-12-12
Movistar,3.9055,-76.3006,LTE,1,1,2026-04-10
Movistar,3.9101,-76.3059,UMTS,1,1,2026-05-27
Movistar,3.9164,-76.2978,UMTS,1,1,2026-05-27
Movistar,3.9136,-75.1862,UMTS,1,1,2025-06-12
Movistar,3.9169,-75.1886,UMTS,1,1,2025-06-12
Movistar,3.9202,-75.1797,UMTS,1,1,2026-01-29
Movistar,3.9343,-75.1759,UMTS,1,1,2025-06-12
Movistar,3.9441,-76.2802,UMTS,1,1,2025-12-18
Movistar,3.9615,-76.2628,UMTS,1,1,2025-12-18
Movistar,3.9717,-76.2534,UMTS,2,2,2025-12-18
Movistar,3.9744,-75.0903,UMTS,1,1,2025-06-12
Movistar,3.9861,-75.0627,UMTS,1,1,2025-06-12
Movistar,4.0077,-76.2281,UMTS,1,1,2026-04-15
Movistar,4.1097,-74.4675,LTE,1,1,2025-06-17
Movistar,4.1121,-74.4675,UMTS,1,8,2025-06-17
Movistar,4.1285,-73.62,LTE,1,1,2025-05-05
Movistar,4.2121,-74.6791,LTE,1,20,2025-06-27
Movistar,4.2138,-74.6728,LTE,1,11,2025-06-27
Movistar,4.2225,-74.8562,UMTS,1,13,2025-07-26
Movistar,4.2244,-74.6327,UMTS,1,10,2025-06-27
Movistar,4.226,-74.6231,UMTS,1,1,2025-12-04
Movistar,4.2329,-74.915,UMTS,1,1,2025-07-07
Movistar,4.2327,-74.9093,UMTS,1,5,2025-07-22
Movistar,4.2358,-74.712,UMTS,1,1,2026-07-08
Movistar,4.2387,-74.8935,UMTS,1,2,2025-06-10
Movistar,4.2468,-74.7445,UMTS,1,1,2026-05-26
Movistar,4.2465,-74.7377,LTE,1,31,2025-06-27
Movistar,4.2507,-74.8721,UMTS,1,1,2026-01-26
Movistar,4.2513,-74.6131,UMTS,1,1,2025-11-24
Movistar,4.255,-74.7461,LTE,1,35,2025-06-27
Movistar,4.25745,-74.53115,LTE,2,2,2026-06-29
Movistar,4.261,-74.9948,UMTS,1,1,2025-12-18
Movistar,4.264,-74.7499,LTE,1,8,2025-06-27
Movistar,4.265,-74.8196,UMTS,1,1,2025-12-18
Movistar,4.2695,-74.7536,LTE,1,22,2025-06-27
Movistar,4.2764,-74.7601,LTE,1,11,2025-06-27
Movistar,4.2785,-74.7829,LTE,1,23,2025-06-27
Movistar,4.2853,-74.7732,LTE,1,21,2025-06-27
Movistar,4.2872,-74.7774,LTE,1,1,2025-06-26
Movistar,4.2897,-74.7961,LTE,1,3,2025-06-27
Movistar,4.2885,-74.7775,LTE,1,1,2025-06-28
Movistar,4.2918,-74.8071,LTE,1,49,2025-06-27
Movistar,4.2919,-74.7811,LTE,1,16,2025-06-27
Movistar,4.2974,-74.79,LTE,1,7,2025-06-27
Movistar,4.29831,-74.80515,LTE,2,8,2025-06-27
Movistar,4.2985,-74.7914,LTE,1,23,2025-06-27
Movistar,4.3022,-74.8045,LTE,1,6,2025-06-27
Movistar,4.3026,-74.8007,LTE,1,4,2025-06-27
Movistar,4.3011,-74.7982,LTE,1,12,2025-06-27
Movistar,4.3009,-74.4505,LTE,1,1,2026-06-29
Movistar,4.3046,-74.8077,LTE,1,50,2025-06-27
Movistar,4.304,-74.8023,LTE,1,6,2025-06-27
Movistar,4.3068,-74.8093,LTE,1,4,2025-06-27
Movistar,4.3066,-74.8044,LTE,1,30,2025-06-27
Movistar,4.3167,-75.0634,UMTS,1,1,2025-10-17
Movistar,4.3326,-74.3954,LTE,1,1,2026-06-29
Movistar,4.3847,-74.3873,UMTS,1,1,2026-03-17
Movistar,4.4107,-75.2749,UMTS,1,1,2025-08-31
Movistar,4.4119,-75.338,UMTS,1,1,2025-08-31
Movistar,4.413,-75.325,UMTS,1,1,2025-12-18
Movistar,4.4132,-75.268,UMTS,1,1,2026-04-26
Movistar,4.4165,-75.3647,UMTS,1,1,2025-08-31
Movistar,4.4157,-75.2615,UMTS,1,1,2026-05-27
Movistar,4.4184,-75.3701,UMTS,1,1,2025-12-12
Movistar,4.4368,-75.2335,UMTS,1,1,2026-05-01
Movistar,4.4356,-75.2127,UMTS,1,1,2026-01-28
Movistar,4.4377,-75.2008,UMTS,1,1,2026-01-28
Movistar,4.4394,-75.4306,UMTS,1,1,2026-05-27
Movistar,4.442,-75.4243,UMTS,1,1,2025-12-18
Movistar,4.4881,-74.3734,LTE,1,1,2026-06-29
Movistar,4.5032,-74.3625,LTE,1,1,2026-06-29
Movistar,4.5018,-74.2471,LTE,2,2,2025-12-09
Movistar,4.5093,-75.6551,LTE,1,1,2025-10-15
Movistar,4.5277,-74.1677,UMTS,1,1,2025-11-30
Movistar,4.5314,-75.6822,LTE,1,1,2026-05-19
Movistar,4.534,-76.10302,LTE,3,4,2025-10-07
Movistar,4.5412,-74.2852,UMTS,1,2,2026-05-29
Movistar,4.5437,-74.2452,LTE,1,1,2026-06-29
Movistar,4.5612,-73.9739,UMTS,1,1,2025-04-28
Movistar,4.5746,-74.2264,LTE,1,1,2026-06-29
Movistar,4.5745,-74.1009,UMTS,1,1,2025-06-14
Movistar,4.5774,-74.2219,UMTS,1,1,2025-12-18
Movistar,4.57926,-74.17801,UMTS,11,14,2026-04-24
Movistar,4.5857,-74.1806,UMTS,1,1,2026-02-13
Movistar,4.5889,-74.1997,UMTS,1,1,2025-12-11
Movistar,4.5887,-74.1671,UMTS,1,1,2025-11-24
Movistar,4.5926,-74.1457,UMTS,1,1,2025-11-24
Movistar,4.5939,-74.1315,UMTS,1,1,2026-06-20
Movistar,4.5937,-74.1269,UMTS,1,1,2026-06-20
Movistar,4.5941,-74.1222,UMTS,1,1,2026-06-20
Movistar,4.5972,-74.1773,UMTS,2,2,2025-12-17
Movistar,4.5967,-74.175,UMTS,1,1,2026-05-26
Movistar,4.59557,-74.17173,LTE,3,3,2026-05-26
Movistar,4.59607,-74.1687,UMTS,3,3,2025-11-24
Movistar,4.59615,-74.15765,UMTS,2,2,2026-05-26
Movistar,4.5964,-74.15315,UMTS,2,2,2026-06-20
Movistar,4.5955,-74.1498,UMTS,1,1,2026-06-20
Movistar,4.5953,-74.1452,UMTS,1,1,2026-06-20
Movistar,4.5956,-74.1407,UMTS,1,1,2026-06-20
Movistar,4.5948,-74.1361,UMTS,1,1,2026-06-20
Movistar,4.5945,-74.12,UMTS,1,1,2026-06-20
Movistar,4.5956,-74.11585,LTE,2,2,2026-06-20
Movistar,4.59675,-74.11245,UMTS,2,2,2026-06-20
Movistar,4.5997,-74.1625,UMTS,1,1,2026-06-20
Movistar,4.5997,-74.1604,UMTS,1,1,2026-06-20
Movistar,4.5998,-74.1558,UMTS,1,1,2026-06-20
Movistar,4.5999,-74.1546,UMTS,4,4,2026-06-20
Movistar,4.59875,-74.107,UMTS,2,2,2026-06-20
Movistar,4.60325,-74.1507,UMTS,2,2,2026-06-20
Movistar,4.6022,-74.1477,UMTS,2,2,2026-06-20
Movistar,4.6011,-74.1037,UMTS,2,2,2026-06-20
Movistar,4.603,-74.1014,UMTS,1,1,2026-06-20
Movistar,4.60312,-74.0614,UMTS,5,5,2026-07-10
Movistar,4.6064,-74.1419,UMTS,1,1,2026-06-20
Movistar,4.6042,-74.1002,UMTS,1,1,2026-06-20
Movistar,4.6055,-74.06395,UMTS,2,2,2026-07-10
Movistar,4.6071,-74.0977,UMTS,1,1,2026-06-20
Movistar,4.60837,-74.0664,UMTS,3,3,2026-07-10
Movistar,4.6076,-74.06355,UMTS,2,2,2026-07-10
Movistar,4.6124,-74.1408,UMTS,1,1,2026-06-20
Movistar,4.6108,-74.0948,UMTS,1,1,2026-06-20
Movistar,4.6118,-74.0704,UMTS,1,1,2026-07-10
Movistar,4.61055,-74.0633,UMTS,2,2,2026-07-10
Movistar,4.6139,-74.1405,UMTS,1,1,2026-06-20
Movistar,4.61465,-74.09155,LTE,2,2,2026-06-20
Movistar,4.615,-74.0727,UMTS,1,1,2026-07-10
Movistar,4.6133,-74.0714,UMTS,1,1,2026-07-10
Movistar,4.6143,-74.06317,UMTS,3,3,2026-07-10
Movistar,4.618,-74.173,UMTS,1,1,2025-11-10
Movistar,4.6182,-74.1395,UMTS,1,1,2026-06-20
Movistar,4.61775,-74.1337,UMTS,2,2,2026-09-06
Movistar,4.6156,-74.0936,LTE,1,1,2026-05-22
Movistar,4.61621,-74.09031,LTE,2,7,2026-05-23
Movistar,4.61794,-74.08884,LTE,3,5,2026-06-20
Movistar,4.6183,-74.0842,UMTS,1,1,2026-07-20
Movistar,4.6157,-74.0729,UMTS,1,1,2026-07-10
Movistar,4.6162,-74.062,UMTS,1,1,2026-07-10
Movistar,4.6185,-74.1636,UMTS,1,1,2025-11-25
Movistar,4.62021,-74.13602,UMTS,7,12,2026-09-13
Movistar,4.62047,-74.13367,UMTS,2,3,2026-09-14
Movistar,4.62093,-74.12737,UMTS,3,3,2026-09-06
Movistar,4.6202,-74.0985,LTE,1,4,2026-05-23
Movistar,4.6214,-74.086,UMTS,1,1,2026-06-20
Movistar,4.62095,-74.0822,UMTS,2,2,2026-07-20
Movistar,4.6196,-74.07995,UMTS,2,2,2026-03-06
Movistar,4.61953,-74.07573,UMTS,3,3,2026-07-10
Movistar,4.6241,-74.1788,UMTS,1,1,2025-11-25
Movistar,4.6227,-74.1385,UMTS,1,1,2026-06-20
Movistar,4.62333,-74.13697,UMTS,2,3,2026-09-13
Movistar,4.6233,-74.1325,UMTS,1,2,2026-09-14
Movistar,4.622,-74.1302,UMTS,2,2,2026-09-06
Movistar,4.6226,-74.12505,UMTS,2,2,2026-09-06
Movistar,4.6225,-74.115,LTE,1,1,2026-05-31
Movistar,4.62224,-74.10879,LTE,6,48,2026-06-19
Movistar,4.62363,-74.10233,LTE,2,3,2026-05-23
Movistar,4.6225,-74.1011,LTE,1,4,2026-05-23
Movistar,4.62411,-74.0977,UMTS,3,8,2026-08-06
Movistar,4.6233,-74.09405,UMTS,4,4,2026-08-05
Movistar,4.62314,-74.08453,LTE,4,7,2026-07-21
Movistar,4.6241,-74.0808,UMTS,1,1,2026-07-20
Movistar,4.62312,-74.07872,UMTS,3,4,2026-07-21
Movistar,4.6225,-74.0753,LTE,1,1,2025-05-31
Movistar,4.6271,-74.2895,LTE,1,3,2025-10-23
Movistar,4.6272,-74.138,UMTS,1,1,2026-06-20
Movistar,4.62603,-74.1365,UMTS,4,8,2026-09-14
Movistar,4.6259,-74.1338,UMTS,1,1,2026-09-12
Movistar,4.6263,-74.10894,LTE,3,13,2026-06-19
Movistar,4.6272,-74.10418,UMTS,2,4,2026-08-06
Movistar,4.62643,-74.10033,LTE,6,30,2026-08-13
Movistar,4.62489,-74.09759,LTE,15,67,2026-08-06
Movistar,4.62576,-74.09391,LTE,7,19,2026-08-06
Movistar,4.62533,-74.09117,UMTS,3,3,2026-08-05
Movistar,4.62494,-74.08461,LTE,3,10,2026-07-03
Movistar,4.62602,-74.0822,LTE,6,9,2026-07-21
Movistar,4.6302,-74.4615,LTE,1,2,2026-09-03
Movistar,4.62971,-74.13839,UMTS,4,7,2026-09-14
Movistar,4.62955,-74.13596,UMTS,8,14,2026-09-13
Movistar,4.62957,-74.13365,UMTS,2,4,2026-09-13
Movistar,4.6297,-74.1299,UMTS,2,2,2026-08-05
Movistar,4.62935,-74.12685,UMTS,2,2,2026-09-06
Movistar,4.62853,-74.12327,UMTS,3,3,2026-09-06
Movistar,4.62862,-74.12135,UMTS,4,4,2026-09-06
Movistar,4.62903,-74.11683,LTE,2,3,2026-08-05
Movistar,4.62948,-74.11498,LTE,8,22,2026-06-19
Movistar,4.62792,-74.11093,LTE,3,22,2026-08-05
Movistar,4.62892,-74.10942,LTE,3,5,2026-06-19
Movistar,4.62874,-74.10596,UMTS,6,7,2026-08-06
Movistar,4.6295,-74.0992,UMTS,1,1,2026-07-24
Movistar,4.62865,-74.0913,UMTS,2,2,2026-07-02
Movistar,4.62877,-74.08125,LTE,4,6,2026-07-21
Movistar,4.62939,-74.07967,LTE,9,20,2026-07-20
Movistar,4.62827,-74.07523,UMTS,3,3,2026-07-18
Movistar,4.6288,-74.0742,UMTS,1,1,2026-07-18
Movistar,4.6308,-74.1489,UMTS,1,1,2025-11-25
Movistar,4.63133,-74.1378,UMTS,3,8,2026-09-14
Movistar,4.6316,-74.12135,UMTS,2,2,2026-09-06
Movistar,4.63206,-74.11477,LTE,6,15,2026-06-19
Movistar,4.6327,-74.10875,UMTS,2,2,2026-05-15
Movistar,4.6332,-74.1025,UMTS,1,1,2026-07-24
Movistar,4.63227,-74.10045,UMTS,3,4,2026-07-25
Movistar,4.6316,-74.09343,UMTS,3,3,2026-08-14
Movistar,4.6323,-74.0903,UMTS,1,1,2026-07-02
Movistar,4.6333,-74.0892,UMTS,2,2,2026-07-02
Movistar,4.6324,-74.08523,UMTS,2,3,2026-07-17
Movistar,4.63138,-74.08197,UMTS,4,4,2026-07-16
Movistar,4.63248,-74.07961,LTE,8,13,2026-07-18
Movistar,4.63166,-74.07593,UMTS,5,14,2026-07-20
Movistar,4.63302,-74.06905,UMTS,4,4,2026-07-20
Movistar,4.6355,-74.1906,UMTS,1,1,2026-01-18
Movistar,4.6343,-74.1376,UMTS,1,1,2026-09-12
Movistar,4.63577,-74.1371,UMTS,3,3,2026-09-12
Movistar,4.63503,-74.12,UMTS,3,3,2026-09-06
Movistar,4.63369,-74.11414,LTE,2,8,2026-06-19
Movistar,4.63475,-74.1112,UMTS,2,2,2026-05-15
Movistar,4.6355,-74.1054,UMTS,1,1,2026-07-24
Movistar,4.6337,-74.1018,UMTS,1,1,2026-07-24
Movistar,4.635,-74.1011,UMTS,1,1,2026-05-15
Movistar,4.6361,-74.0963,UMTS,1,1,2026-09-23
Movistar,4.6352,-74.09455,UMTS,2,2,2026-09-23
Movistar,4.63463,-74.09017,UMTS,2,3,2026-07-11
Movistar,4.6339,-74.0883,UMTS,2,2,2026-07-16
Movistar,4.63478,-74.07921,LTE,13,29,2026-07-21
Movistar,4.63486,-74.07557,LTE,6,7,2026-07-21
Movistar,4.6347,-74.07393,UMTS,4,4,2026-07-20
Movistar,4.63542,-74.0681,UMTS,4,4,2026-07-20
Movistar,4.63878,-74.13602,UMTS,3,5,2026-09-14
Movistar,4.63715,-74.12285,UMTS,2,2,2026-02-09
Movistar,4.639,-74.121,UMTS,1,1,2026-09-06
Movistar,4.6377,-74.11805,UMTS,2,2,2026-09-06
Movistar,4.6373,-74.1126,UMTS,1,1,2026-08-13
Movistar,4.6369,-74.0989,UMTS,1,1,2026-05-15
Movistar,4.63785,-74.0974,UMTS,2,2,2026-09-23
Movistar,4.63925,-74.09475,UMTS,3,6,2026-08-11
Movistar,4.63756,-74.0921,UMTS,2,5,2026-07-17
Movistar,4.63781,-74.07935,LTE,6,14,2026-07-21
Movistar,4.63715,-74.07305,UMTS,2,2,2026-07-16
Movistar,4.63843,-74.0679,UMTS,5,6,2026-09-23
Movistar,4.64,-74.1356,UMTS,1,2,2026-09-13
Movistar,4.6417,-74.1344,UMTS,1,3,2026-09-13
Movistar,4.64125,-74.1234,UMTS,2,2,2026-09-06
Movistar,4.64015,-74.1223,UMTS,2,2,2026-05-15
Movistar,4.6402,-74.1153,UMTS,1,1,2026-09-06
Movistar,4.6421,-74.1132,UMTS,1,1,2026-09-06
Movistar,4.64085,-74.10515,UMTS,2,2,2026-07-24
Movistar,4.64184,-74.09618,UMTS,3,5,2026-09-24
Movistar,4.64003,-74.09397,UMTS,2,6,2026-09-24
Movistar,4.6419,-74.09113,UMTS,3,3,2026-09-23
Movistar,4.6424,-74.0872,LTE,1,1,2025-06-02
Movistar,4.64181,-74.07881,LTE,8,18,2026-09-04
Movistar,4.64167,-74.07657,UMTS,3,3,2026-09-02
Movistar,4.64123,-74.07263,UMTS,3,4,2026-07-17
Movistar,4.64062,-74.06934,UMTS,4,5,2026-09-22
Movistar,4.64062,-74.0671,UMTS,4,4,2026-09-22
Movistar,4.63997,-74.06385,UMTS,4,4,2026-05-13
Movistar,4.6418,-74.0623,UMTS,1,1,2026-05-13
Movistar,4.6425,-74.1358,LTE,1,1,2026-06-29
Movistar,4.64448,-74.132,UMTS,3,5,2026-09-13
Movistar,4.6455,-74.1308,UMTS,1,1,2026-06-20
Movistar,4.64397,-74.12394,UMTS,6,7,2026-09-07
Movistar,4.64432,-74.12055,UMTS,6,6,2025-11-25
Movistar,4.6435,-74.1195,UMTS,1,1,2025-11-13
Movistar,4.6436,-74.1117,UMTS,1,1,2026-09-06
Movistar,4.6434,-74.1042,UMTS,1,1,2026-07-24
Movistar,4.6432,-74.09664,UMTS,3,5,2026-08-11
Movistar,4.64516,-74.08708,UMTS,2,5,2026-09-24
Movistar,4.64366,-74.081,UMTS,2,5,2026-09-04
Movistar,4.64367,-74.07933,LTE,11,23,2026-09-04
Movistar,4.64326,-74.07721,UMTS,2,7,2026-07-21
Movistar,4.64535,-74.073,UMTS,2,4,2026-09-23
Movistar,4.64475,-74.06973,UMTS,5,6,2026-09-23
Movistar,4.64396,-74.06722,UMTS,4,5,2026-09-23
Movistar,4.64405,-74.06175,UMTS,2,2,2026-05-13
Movistar,4.6465,-74.1396,LTE,1,1,2026-06-29
Movistar,4.64665,-74.1299,UMTS,2,2,2026-09-12
Movistar,4.6483,-74.1277,UMTS,1,1,2026-06-20
Movistar,4.64706,-74.12288,UMTS,4,8,2025-12-01
Movistar,4.6478,-74.1221,UMTS,2,2,2025-07-31
Movistar,4.64675,-74.118,UMTS,4,4,2026-07-23
Movistar,4.64705,-74.11565,UMTS,2,2,2026-07-23
Movistar,4.6467,-74.1087,UMTS,1,1,2026-09-06
Movistar,4.6477,-74.1049,UMTS,1,1,2026-08-14
Movistar,4.64688,-74.10205,UMTS,11,12,2026-08-15
Movistar,4.6474,-74.1002,UMTS,7,22,2026-09-24
Movistar,4.64674,-74.09418,UMTS,5,5,2026-07-09
Movistar,4.64752,-74.08572,UMTS,3,4,2026-09-24
Movistar,4.6474,-74.083,UMTS,1,4,2026-07-20
Movistar,4.64726,-74.07887,LTE,5,12,2026-09-04
Movistar,4.6456,-74.0751,UMTS,1,1,2026-07-20
Movistar,4.64752,-74.07343,UMTS,3,4,2026-09-23
Movistar,4.6466,-74.071,UMTS,1,1,2026-05-13
Movistar,4.647,-74.0603,UMTS,1,1,2026-05-13
Movistar,4.6486,-74.144,LTE,3,8,2026-06-18
Movistar,4.6486,-74.1418,LTE,1,1,2026-06-29
Movistar,4.6487,-74.1175,UMTS,1,1,2026-07-23
Movistar,4.65,-74.1141,UMTS,1,1,2026-07-23
Movistar,4.6515,-74.1127,UMTS,1,2,2026-07-25
Movistar,4.65003,-74.10637,UMTS,2,6,2026-09-07
Movistar,4.6501,-74.1016,UMTS,1,1,2026-08-14
Movistar,4.65008,-74.10134,UMTS,3,5,2026-08-15
Movistar,4.6502,-74.09533,UMTS,3,3,2026-08-08
Movistar,4.64963,-74.0848,UMTS,2,3,2026-08-11
Movistar,4.65106,-74.083,UMTS,6,17,2026-09-18
Movistar,4.65056,-74.07799,LTE,7,18,2026-09-24
Movistar,4.64949,-74.07723,LTE,6,39,2026-07-03
Movistar,4.6509,-74.0725,UMTS,3,4,2026-09-23
Movistar,4.6508,-74.0708,UMTS,1,1,2026-09-22
Movistar,4.6502,-74.0677,UMTS,1,2,2026-09-23
Movistar,4.65065,-74.05845,UMTS,2,2,2026-05-13
Movistar,4.6525,-74.144,LTE,1,1,2026-06-29
Movistar,4.6533,-74.1431,UMTS,1,1,2025-11-25
Movistar,4.6534,-74.1327,UMTS,1,1,2025-04-21
Movistar,4.65365,-74.13075,UMTS,2,2,2026-09-06
Movistar,4.65284,-74.12334,UMTS,3,5,2026-09-14
Movistar,4.65313,-74.114,UMTS,3,3,2026-07-24
Movistar,4.6526,-74.11202,UMTS,3,4,2026-07-25
Movistar,4.65395,-74.10876,UMTS,5,8,2026-08-09
Movistar,4.65314,-74.10573,UMTS,7,11,2026-08-15
Movistar,4.65312,-74.10318,UMTS,6,24,2026-09-24
Movistar,4.652,-74.0931,UMTS,1,2,2026-08-09
Movistar,4.653,-74.0924,UMTS,1,3,2026-07-24
Movistar,4.6535,-74.0843,UMTS,1,1,2026-08-17
Movistar,4.65249,-74.08259,UMTS,7,36,2026-09-24
Movistar,4.65285,-74.07846,UMTS,5,27,2026-09-24
Movistar,4.6516,-74.0753,UMTS,1,1,2026-09-22
Movistar,4.6526,-74.0721,UMTS,1,1,2026-05-13
Movistar,4.654,-74.069,UMTS,2,2,2026-05-19
Movistar,4.6535,-74.0625,UMTS,1,1,2026-05-19
Movistar,4.65299,-74.06057,UMTS,11,15,2026-09-30
Movistar,4.65273,-74.05798,UMTS,14,28,2026-09-30
Movistar,4.65357,-74.05533,UMTS,3,3,2026-05-20
Movistar,4.6532,-74.0533,UMTS,1,1,2026-05-20
Movistar,4.657,-74.134,UMTS,3,3,2026-09-06
Movistar,4.65672,-74.1197,UMTS,2,5,2026-09-14
Movistar,4.6564,-74.1139,UMTS,1,1,2026-07-23
Movistar,4.65546,-74.11152,UMTS,7,10,2026-08-20
Movistar,4.65592,-74.10868,UMTS,5,5,2026-07-23
Movistar,4.65513,-74.1066,UMTS,2,3,2026-07-24
Movistar,4.65483,-74.10375,UMTS,3,11,2026-09-24
Movistar,4.65631,-74.10034,UMTS,7,9,2026-08-15
Movistar,4.6557,-74.0984,UMTS,1,1,2026-07-23
Movistar,4.65633,-74.0902,UMTS,2,3,2026-08-09
Movistar,4.65679,-74.08766,UMTS,2,7,2026-09-23
Movistar,4.65571,-74.07791,LTE,6,14,2026-09-24
Movistar,4.65706,-74.0775,UMTS,3,5,2026-09-04
Movistar,4.65621,-74.07093,UMTS,5,7,2026-05-28
Movistar,4.6547,-74.0679,UMTS,1,1,2026-05-19
Movistar,4.65605,-74.0633,UMTS,2,4,2026-05-29
Movistar,4.655,-74.06,UMTS,3,3,2026-05-28
Movistar,4.65626,-74.0577,UMTS,19,27,2026-09-30
Movistar,4.655,-74.05574,UMTS,3,5,2026-06-21
Movistar,4.6546,-74.0526,UMTS,1,1,2026-05-20
Movistar,4.65932,-74.1363,UMTS,4,4,2026-09-06
Movistar,4.659,-74.1254,UMTS,2,2,2026-06-07
Movistar,4.65833,-74.11847,UMTS,3,7,2026-09-13
Movistar,4.65861,-74.11519,UMTS,3,7,2026-09-13
Movistar,4.6593,-74.11235,UMTS,2,2,2026-08-08
Movistar,4.6595,-74.1086,UMTS,2,6,2026-07-25
Movistar,4.65836,-74.10661,UMTS,5,15,2026-09-24
Movistar,4.6576,-74.091,UMTS,1,3,2026-08-09
Movistar,4.65943,-74.08827,UMTS,5,11,2026-09-23
Movistar,4.6593,-74.0776,UMTS,1,2,2026-07-17
Movistar,4.65904,-74.07716,LTE,5,19,2026-09-24
Movistar,4.659,-74.0731,UMTS,1,1,2026-05-28
Movistar,4.65887,-74.06955,UMTS,4,6,2026-05-29
Movistar,4.6585,-74.06715,UMTS,2,2,2026-05-28
Movistar,4.65864,-74.06074,UMTS,9,16,2026-10-01
Movistar,4.6584,-74.0579,UMTS,1,1,2026-06-20
Movistar,4.659,-74.0549,UMTS,1,1,2026-09-30
Movistar,4.6588,-74.053,UMTS,1,1,2026-06-07
Movistar,4.6587,-74.0503,UMTS,1,1,2026-05-20
Movistar,4.6629,-74.13907,UMTS,3,3,2026-01-14
Movistar,4.6619,-74.1337,UMTS,2,2,2026-09-06
Movistar,4.6631,-74.1171,UMTS,1,1,2026-07-24
Movistar,4.66137,-74.11574,UMTS,6,8,2026-09-12
Movistar,4.6612,-74.1112,UMTS,1,1,2026-07-10
Movistar,4.66216,-74.10964,UMTS,6,17,2026-09-24
Movistar,4.66095,-74.09755,UMTS,2,2,2026-08-14
Movistar,4.6626,-74.0904,UMTS,1,5,2026-09-17
Movistar,4.6606,-74.0883,UMTS,1,1,2026-07-23
Movistar,4.6605,-74.0776,UMTS,1,1,2026-06-27
Movistar,4.66178,-74.07655,LTE,10,26,2026-09-24
Movistar,4.66229,-74.06705,UMTS,7,12,2026-09-30
Movistar,4.66298,-74.0627,UMTS,3,4,2026-05-29
Movistar,4.6634,-74.0588,UMTS,1,1,2026-06-20
Movistar,4.66115,-74.0561,UMTS,2,2,2026-06-20
Movistar,4.6616,-74.0535,UMTS,1,1,2026-06-07
Movistar,4.6652,-74.143,UMTS,1,1,2025-07-21
Movistar,4.6646,-74.1317,UMTS,1,1,2026-05-15
Movistar,4.6652,-74.1312,UMTS,1,1,2026-09-06
Movistar,4.6642,-74.1136,UMTS,1,2,2026-09-13
Movistar,4.6654,-74.11166,UMTS,4,10,2026-09-14
Movistar,4.66439,-74.11001,UMTS,4,10,2026-08-11
Movistar,4.6653,-74.10705,UMTS,2,2,2026-08-08
Movistar,4.66539,-74.09347,UMTS,4,7,2026-08-18
Movistar,4.6641,-74.0867,UMTS,1,1,2026-09-16
Movistar,4.6649,-74.08633,UMTS,2,3,2026-09-17
Movistar,4.666,-74.0781,UMTS,1,1,2026-05-28
Movistar,4.6648,-74.07595,UMTS,14,41,2026-09-24
Movistar,4.66466,-74.0699,UMTS,3,5,2026-06-08
Movistar,4.6651,-74.0658,UMTS,1,1,2026-05-19
Movistar,4.66515,-74.0653,UMTS,2,2,2026-05-19
Movistar,4.66522,-74.06044,UMTS,2,5,2026-10-01
Movistar,4.66397,-74.05809,UMTS,7,7,2026-09-30
Movistar,4.6651,-74.0535,UMTS,1,1,2026-06-20
Movistar,4.6639,-74.0477,UMTS,1,1,2026-05-20
Movistar,4.6652,-74.0467,UMTS,1,1,2026-05-20
Movistar,4.6684,-74.1361,UMTS,1,1,2026-01-05
Movistar,4.66693,-74.1298,UMTS,3,3,2026-09-06
Movistar,4.66897,-74.12803,UMTS,4,4,2026-09-06
Movistar,4.6665,-74.1201,UMTS,1,1,2026-07-24
Movistar,4.66719,-74.11214,UMTS,6,13,2026-09-27
Movistar,4.66783,-74.11002,UMTS,5,11,2026-09-27
Movistar,4.6683,-74.1034,UMTS,1,1,2026-08-08
Movistar,4.667,-74.0928,UMTS,1,4,2026-08-15
Movistar,4.66828,-74.09183,UMTS,3,4,2026-08-14
Movistar,4.6687,-74.0839,UMTS,1,1,2026-06-19
Movistar,4.66723,-74.0788,UMTS,2,3,2026-07-24
Movistar,4.669,-74.0749,UMTS,1,1,2026-06-19
Movistar,4.66769,-74.07334,LTE,8,20,2026-09-04
Movistar,4.6672,-74.0715,UMTS,2,2,2026-09-02
Movistar,4.66779,-74.0638,UMTS,6,9,2026-10-01
Movistar,4.66742,-74.0608,UMTS,5,5,2026-09-30
Movistar,4.66796,-74.05154,UMTS,5,5,2026-06-20
Movistar,4.6679,-74.0454,UMTS,1,1,2026-05-20
Movistar,4.671,-74.1542,UMTS,1,1,2026-06-22
Movistar,4.6697,-74.1434,UMTS,1,1,2026-01-14
Movistar,4.67205,-74.1367,UMTS,2,2,2026-02-09
Movistar,4.6697,-74.1325,UMTS,1,1,2026-04-06
Movistar,4.6702,-74.1272,UMTS,2,2,2026-05-15
Movistar,4.6711,-74.1243,UMTS,2,2,2026-07-24
Movistar,4.67013,-74.11393,UMTS,3,6,2026-09-27
Movistar,4.66997,-74.10822,UMTS,3,12,2026-09-14
Movistar,4.67205,-74.10622,UMTS,4,6,2026-09-25
Movistar,4.67015,-74.10015,UMTS,2,2,2026-08-08
Movistar,4.67044,-74.09033,UMTS,3,8,2026-08-18
Movistar,4.67056,-74.08224,UMTS,6,14,2026-09-23
Movistar,4.6702,-74.0763,UMTS,3,3,2026-06-19
Movistar,4.6714,-74.06992,UMTS,4,22,2026-09-24
Movistar,4.67162,-74.06659,UMTS,5,10,2026-10-01
Movistar,4.67102,-74.06384,UMTS,3,5,2026-07-20
Movistar,4.6705,-74.05967,UMTS,2,3,2026-10-01
Movistar,4.67043,-74.05696,UMTS,9,9,2026-08-13
Movistar,4.6713,-74.0493,UMTS,1,1,2026-06-20
Movistar,4.6722,-74.0433,UMTS,1,1,2026-05-20
Movistar,4.6747,-74.1417,UMTS,1,1,2026-01-14
Movistar,4.6749,-74.1369,UMTS,1,1,2025-09-22
Movistar,4.67383,-74.12367,UMTS,3,3,2026-05-15
Movistar,4.6755,-74.1224,UMTS,1,2,2026-07-25
Movistar,4.6748,-74.11676,UMTS,2,5,2026-09-07
Movistar,4.67264,-74.1157,UMTS,2,5,2026-09-25
Movistar,4.6729,-74.1054,UMTS,1,2,2026-09-14
Movistar,4.67437,-74.10415,UMTS,4,15,2026-09-27
Movistar,4.6726,-74.0889,UMTS,1,1,2026-07-24
Movistar,4.6742,-74.0836,UMTS,1,1,2026-09-22
Movistar,4.6753,-74.0755,UMTS,1,1,2026-06-19
Movistar,4.67322,-74.06901,LTE,5,14,2026-09-23
Movistar,4.67397,-74.06751,LTE,13,32,2026-10-01
Movistar,4.6752,-74.065,UMTS,2,6,2026-09-24
Movistar,4.67405,-74.0612,UMTS,2,2,2026-05-20
Movistar,4.67425,-74.0478,UMTS,2,2,2026-06-20
Movistar,4.6736,-74.0426,UMTS,1,1,2026-05-20
Movistar,4.6777,-74.1714,UMTS,1,1,2026-05-20
Movistar,4.6756,-74.1225,UMTS,1,2,2026-05-18
Movistar,4.6773,-74.12087,UMTS,7,26,2026-09-27
Movistar,4.67676,-74.11921,UMTS,3,11,2026-09-22
Movistar,4.67718,-74.1023,UMTS,4,5,2026-09-13
Movistar,4.67767,-74.1009,UMTS,3,6,2026-08-11
Movistar,4.6768,-74.0865,UMTS,1,2,2026-08-18
Movistar,4.67727,-74.08564,UMTS,2,7,2026-09-23
Movistar,4.67689,-74.07575,UMTS,7,12,2026-09-23
Movistar,4.67715,-74.07237,UMTS,3,6,2026-10-01
Movistar,4.67605,-74.07095,UMTS,2,2,2026-05-28
Movistar,4.67661,-74.06703,UMTS,5,8,2026-08-18
Movistar,4.6761,-74.06363,UMTS,3,8,2026-09-24
Movistar,4.67716,-74.06167,UMTS,6,13,2026-09-16
Movistar,4.67734,-74.05891,UMTS,5,11,2026-10-01
Movistar,4.6774,-74.0522,UMTS,1,1,2026-04-23
Movistar,4.67678,-74.04648,UMTS,4,4,2026-06-20
Movistar,4.6758,-74.0404,UMTS,1,1,2026-05-20
Movistar,4.6813,-74.1341,UMTS,1,1,2025-12-11
Movistar,4.67988,-74.12028,UMTS,10,25,2026-09-24
Movistar,4.68022,-74.11876,UMTS,9,59,2026-09-27
Movistar,4.679,-74.10096,UMTS,2,5,2026-09-13
Movistar,4.67975,-74.09805,UMTS,2,2,2026-05-22
Movistar,4.6806,-74.08844,UMTS,5,5,2026-09-16
Movistar,4.6791,-74.0852,UMTS,1,1,2026-07-24
Movistar,4.68126,-74.08257,UMTS,4,7,2026-08-14
Movistar,4.68129,-74.07831,UMTS,2,8,2026-07-25
Movistar,4.67961,-74.07559,UMTS,5,11,2026-10-01
Movistar,4.68013,-74.0649,UMTS,3,4,2026-08-17
Movistar,4.6787,-74.0598,UMTS,1,1,2026-06-20
Movistar,4.67977,-74.05816,UMTS,10,19,2026-09-24
Movistar,4.68111,-74.05482,UMTS,8,14,2026-09-18
Movistar,4.67941,-74.05184,UMTS,6,8,2026-07-24
Movistar,4.68016,-74.0492,UMTS,4,5,2026-07-23
Movistar,4.6799,-74.0381,UMTS,1,1,2026-05-20
Movistar,4.6822,-74.1558,UMTS,1,1,2025-07-23
Movistar,4.6834,-74.1482,UMTS,1,1,2026-06-06
Movistar,4.6832,-74.1376,UMTS,1,1,2026-05-20
Movistar,4.6839,-74.1357,UMTS,1,1,2026-01-14
Movistar,4.68306,-74.13244,UMTS,8,8,2026-02-09
Movistar,4.6836,-74.1299,UMTS,2,2,2026-01-05
Movistar,4.68321,-74.12295,UMTS,7,28,2026-09-27
Movistar,4.68232,-74.11673,UMTS,5,6,2026-09-21
Movistar,4.6841,-74.1143,UMTS,1,1,2026-09-17
Movistar,4.68215,-74.0993,UMTS,3,4,2026-07-17
Movistar,4.68296,-74.09054,UMTS,5,9,2026-09-23
Movistar,4.68358,-74.0798,UMTS,7,18,2026-10-01
Movistar,4.6816,-74.077,UMTS,1,1,2026-06-19
Movistar,4.68328,-74.0632,UMTS,11,16,2026-08-18
Movistar,4.6841,-74.06085,UMTS,2,2,2026-07-06
Movistar,4.68375,-74.05756,UMTS,4,11,2026-08-14
Movistar,4.6818,-74.05377,UMTS,2,3,2026-07-23
Movistar,4.68277,-74.05205,UMTS,4,4,2026-07-23
Movistar,4.68379,-74.04966,UMTS,6,9,2026-09-24
Movistar,4.6841,-74.036,UMTS,1,1,2026-05-20
Movistar,4.68643,-74.14107,UMTS,3,3,2026-04-04
Movistar,4.6868,-74.1404,UMTS,1,1,2025-11-18
Movistar,4.68593,-74.13277,UMTS,6,6,2025-08-07
Movistar,4.68555,-74.13043,UMTS,3,4,2025-08-07
Movistar,4.68601,-74.12667,UMTS,6,10,2026-09-04
Movistar,4.6852,-74.1247,UMTS,1,1,2026-08-16
Movistar,4.6851,-74.1137,UMTS,1,1,2026-06-15
Movistar,4.68655,-74.11203,UMTS,10,44,2026-09-24
Movistar,4.6871,-74.1058,UMTS,1,1,2026-07-14
Movistar,4.686,-74.0936,UMTS,1,4,2026-09-17
Movistar,4.6873,-74.0918,UMTS,2,2,2026-05-22
Movistar,4.686,-74.0807,UMTS,1,2,2026-07-21
Movistar,4.6849,-74.07939,UMTS,8,20,2026-10-01
Movistar,4.6874,-74.07495,UMTS,2,2,2026-07-24
Movistar,4.68659,-74.06369,UMTS,9,17,2026-07-20
Movistar,4.68671,-74.06069,UMTS,6,7,2026-07-07
Movistar,4.68637,-74.05709,LTE,7,16,2026-10-01
Movistar,4.68513,-74.04799,UMTS,5,7,2026-08-10
Movistar,4.68615,-74.0463,UMTS,2,6,2026-09-24
Movistar,4.6893,-74.14465,UMTS,2,2,2026-05-09
Movistar,4.6883,-74.1424,UMTS,1,1,2025-09-27
Movistar,4.6897,-74.13194,UMTS,6,8,2026-09-24
Movistar,4.68896,-74.13025,UMTS,16,33,2026-09-27
Movistar,4.68907,-74.11867,UMTS,2,3,2026-09-19
Movistar,4.6878,-74.111,UMTS,1,2,2026-07-12
Movistar,4.68951,-74.10944,UMTS,6,38,2026-09-24
Movistar,4.6902,-74.0987,UMTS,1,1,2026-07-20
Movistar,4.68845,-74.09616,UMTS,4,11,2026-09-23
Movistar,4.6885,-74.09465,UMTS,6,14,2026-09-27
Movistar,4.6903,-74.084,UMTS,1,5,2026-09-04
Movistar,4.68846,-74.08271,UMTS,5,15,2026-10-01
Movistar,4.6883,-74.07385,UMTS,2,2,2026-07-24
Movistar,4.68865,-74.07022,UMTS,4,12,2026-07-25
Movistar,4.69015,-74.06685,UMTS,2,4,2026-07-07
Movistar,4.68863,-74.06318,UMTS,4,6,2026-07-19
Movistar,4.6879,-74.06057,UMTS,2,3,2026-07-20
Movistar,4.68922,-74.05696,LTE,7,12,2026-08-14
Movistar,4.68826,-74.04242,UMTS,4,8,2026-09-18
Movistar,4.6903,-74.0387,UMTS,1,6,2026-09-03
Movistar,4.6893,-74.03445,UMTS,2,2,2026-05-20
Movistar,4.69239,-74.13501,LTE,6,18,2026-09-27
Movistar,4.69141,-74.13333,UMTS,12,31,2026-09-27
Movistar,4.692,-74.131,UMTS,1,1,2025-06-27
Movistar,4.6908,-74.1087,UMTS,1,12,2026-09-27
Movistar,4.6921,-74.10205,UMTS,3,4,2026-07-21
Movistar,4.69158,-74.10046,UMTS,4,8,2026-09-22
Movistar,4.69182,-74.09678,UMTS,5,8,2026-06-20
Movistar,4.69111,-74.09325,UMTS,3,8,2026-09-27
Movistar,4.6915,-74.09206,UMTS,2,5,2026-08-28
Movistar,4.6921,-74.08555,UMTS,9,23,2026-10-01
Movistar,4.69255,-74.07005,UMTS,2,2,2026-07-18
Movistar,4.69227,-74.06711,UMTS,6,15,2026-08-18
Movistar,4.69222,-74.05624,LTE,4,9,2026-10-01
Movistar,4.6923,-74.0448,UMTS,1,1,2026-09-23
Movistar,4.6919,-74.0362,UMTS,1,2,2026-09-03
Movistar,4.6922,-74.03394,UMTS,7,9,2026-09-29
Movistar,4.6956,-74.1596,UMTS,1,1,2026-02-12
Movistar,4.6948,-74.1517,UMTS,1,1,2026-05-09
Movistar,4.69621,-74.14092,UMTS,4,28,2026-09-27
Movistar,4.69538,-74.13907,UMTS,4,16,2026-09-27
Movistar,4.69394,-74.13676,UMTS,7,34,2026-09-27
Movistar,4.6958,-74.1256,UMTS,1,1,2026-03-06
Movistar,4.6939,-74.1235,UMTS,1,1,2025-06-27
Movistar,4.69512,-74.10635,UMTS,11,87,2026-09-27
Movistar,4.6943,-74.10397,UMTS,3,3,2026-06-19
Movistar,4.69507,-74.0965,UMTS,3,3,2026-05-22
Movistar,4.6953,-74.0953,UMTS,1,1,2026-05-19
Movistar,4.69535,-74.09071,UMTS,7,32,2026-09-27
Movistar,4.69482,-74.08799,UMTS,11,30,2026-10-01
Movistar,4.69637,-74.08601,UMTS,3,7,2026-09-27
Movistar,4.6962,-74.06885,UMTS,3,4,2026-06-28
Movistar,4.69465,-74.06798,UMTS,6,15,2026-08-18
Movistar,4.69475,-74.05577,UMTS,4,11,2026-10-01
Movistar,4.6955,-74.04353,UMTS,3,3,2026-09-28
Movistar,4.6953,-74.0392,UMTS,1,1,2026-09-28
Movistar,4.69497,-74.03413,UMTS,2,3,2026-09-29
Movistar,4.6942,-74.031,UMTS,1,1,2026-09-28
Movistar,4.6986,-74.1844,UMTS,1,1,2025-09-09
Movistar,4.69752,-74.1414,UMTS,13,41,2026-09-27
Movistar,4.69714,-74.14001,UMTS,3,10,2026-09-27
Movistar,4.6973,-74.1278,UMTS,1,1,2026-05-29
Movistar,4.69825,-74.1093,UMTS,3,4,2026-08-14
Movistar,4.69767,-74.10484,UMTS,4,10,2026-09-27
Movistar,4.69927,-74.10391,UMTS,2,11,2026-09-19
Movistar,4.6978,-74.099,UMTS,1,1,2026-05-22
Movistar,4.6995,-74.097,UMTS,2,2,2026-08-14
Movistar,4.69769,-74.09363,UMTS,6,21,2026-10-01
Movistar,4.69662,-74.09138,UMTS,3,9,2026-10-01
Movistar,4.6966,-74.0852,UMTS,1,3,2026-08-12
Movistar,4.69817,-74.08254,UMTS,5,18,2026-09-27
Movistar,4.6989,-74.07615,UMTS,2,2,2026-09-25
Movistar,4.69799,-74.06948,UMTS,7,20,2026-09-28
Movistar,4.69827,-74.05516,UMTS,8,17,2026-10-01
Movistar,4.6982,-74.0486,UMTS,2,2,2026-09-28
Movistar,4.6971,-74.0416,UMTS,1,1,2026-05-13
Movistar,4.6986,-74.0414,UMTS,1,1,2026-05-13
Movistar,4.69733,-74.03322,UMTS,6,11,2026-09-18
Movistar,4.698,-74.0304,UMTS,1,1,2026-05-20
Movistar,4.699,-74.0291,UMTS,2,2,2026-09-28
Movistar,4.702,-74.2323,UMTS,2,2,2025-11-20
Movistar,4.7023,-74.228,UMTS,1,1,2025-09-08
Movistar,4.7015,-74.13055,UMTS,2,2,2026-05-29
Movistar,4.70193,-74.1143,UMTS,4,4,2026-05-28
Movistar,4.70055,-74.1126,UMTS,2,2,2026-08-14
Movistar,4.70031,-74.10303,UMTS,3,21,2026-10-01
Movistar,4.70178,-74.09948,UMTS,4,18,2026-10-01
Movistar,4.7007,-74.0983,UMTS,1,2,2026-08-12
Movistar,4.70089,-74.08158,UMTS,5,13,2026-09-27
Movistar,4.6997,-74.0779,UMTS,1,1,2026-09-25
Movistar,4.70096,-74.07011,UMTS,6,16,2026-09-29
Movistar,4.7013,-74.0648,UMTS,1,2,2026-09-29
Movistar,4.7004,-74.0599,UMTS,1,1,2026-09-25
Movistar,4.70133,-74.0547,UMTS,2,3,2026-06-22
Movistar,4.70135,-74.04595,UMTS,2,2,2026-05-13
Movistar,4.70097,-74.04268,UMTS,3,4,2026-09-24
Movistar,4.70109,-74.04027,UMTS,5,8,2026-09-24
Movistar,4.702,-74.03281,UMTS,2,7,2026-09-24
Movistar,4.7018,-74.03187,UMTS,2,3,2026-09-24
Movistar,4.7007,-74.02865,UMTS,2,2,2026-09-28
Movistar,4.7027,-74.2327,LTE,1,1,2025-10-10
Movistar,4.70343,-74.12897,UMTS,3,3,2026-05-29
Movistar,4.704,-74.1283,UMTS,1,1,2026-05-29
Movistar,4.7043,-74.117,UMTS,1,1,2026-05-28
Movistar,4.70373,-74.11273,UMTS,3,3,2026-08-14
Movistar,4.705,-74.1054,UMTS,1,4,2026-08-12
Movistar,4.70307,-74.10199,UMTS,5,13,2026-10-01
Movistar,4.70424,-74.09991,UMTS,9,64,2026-10-01
Movistar,4.70431,-74.0815,UMTS,3,9,2026-09-14
Movistar,4.70337,-74.07064,UMTS,3,7,2026-08-18
Movistar,4.70358,-74.0544,LTE,5,5,2026-06-20
Movistar,4.7052,-74.053,UMTS,1,1,2026-05-30
Movistar,4.705,-74.04939,UMTS,6,9,2026-06-08
Movistar,4.70436,-74.04585,UMTS,9,12,2026-06-12
Movistar,4.7041,-74.04228,UMTS,3,4,2026-06-12
Movistar,4.70382,-74.03991,UMTS,6,13,2026-09-24
Movistar,4.70476,-74.03661,UMTS,3,8,2026-09-24
Movistar,4.70398,-74.03309,UMTS,6,13,2026-09-24
Movistar,4.7027,-74.0314,UMTS,2,2,2026-09-23
Movistar,4.7031,-74.0286,UMTS,2,2,2026-05-20
Movistar,4.7063,-74.2305,UMTS,1,1,2025-09-08
Movistar,4.7074,-74.1267,UMTS,1,1,2026-05-29
Movistar,4.70717,-74.1205,UMTS,3,3,2026-05-28
Movistar,4.7064,-74.1194,UMTS,1,1,2026-05-28
Movistar,4.7079,-74.1121,UMTS,1,2,2026-05-28
Movistar,4.70701,-74.10907,UMTS,15,47,2026-09-30
Movistar,4.70754,-74.10596,UMTS,6,14,2026-09-30
Movistar,4.70773,-74.09683,UMTS,3,15,2026-09-23
Movistar,4.70707,-74.0815,UMTS,4,4,2026-06-20
Movistar,4.7084,-74.0717,UMTS,1,2,2026-09-29
Movistar,4.70602,-74.07107,UMTS,3,11,2026-08-18
Movistar,4.7082,-74.0625,UMTS,1,3,2026-05-21
Movistar,4.70775,-74.0604,UMTS,3,4,2026-08-14
Movistar,4.70744,-74.05806,LTE,8,17,2026-08-14
Movistar,4.70659,-74.05409,LTE,9,28,2026-08-14
Movistar,4.70684,-74.05223,UMTS,17,29,2026-08-14
Movistar,4.70648,-74.04932,UMTS,12,28,2026-06-22
Movistar,4.7057,-74.0458,UMTS,1,2,2026-06-12
Movistar,4.70824,-74.0329,UMTS,2,5,2026-08-12
Movistar,4.70715,-74.0285,UMTS,2,2,2026-09-28
Movistar,4.71084,-74.12406,UMTS,5,5,2026-05-29
Movistar,4.71017,-74.12151,UMTS,5,7,2026-07-02
Movistar,4.7105,-74.11795,UMTS,3,4,2026-05-31
Movistar,4.71101,-74.11431,UMTS,4,9,2026-09-30
Movistar,4.70992,-74.11282,UMTS,10,24,2026-09-30
Movistar,4.7088,-74.109,UMTS,1,4,2026-06-26
Movistar,4.70956,-74.10262,UMTS,9,16,2026-09-30
Movistar,4.7108,-74.1008,UMTS,1,1,2026-06-22
Movistar,4.7085,-74.0961,UMTS,1,4,2026-09-04
Movistar,4.70987,-74.09482,UMTS,7,62,2026-10-01
Movistar,4.70905,-74.08057,UMTS,3,8,2026-09-14
Movistar,4.71,-74.07957,UMTS,9,24,2026-09-13
Movistar,4.7106,-74.07479,UMTS,4,9,2026-08-14
Movistar,4.71074,-74.07258,UMTS,9,37,2026-08-14
Movistar,4.7112,-74.06957,UMTS,3,3,2026-08-13
Movistar,4.71034,-74.06707,UMTS,4,7,2026-06-12
Movistar,4.70887,-74.06332,LTE,7,12,2026-08-14
Movistar,4.7097,-74.06125,LTE,2,2,2026-08-13
Movistar,4.71052,-74.05846,LTE,5,5,2026-03-03
Movistar,4.70945,-74.05248,LTE,5,19,2026-10-01
Movistar,4.7091,-74.04843,UMTS,2,3,2026-06-21
Movistar,4.70925,-74.0341,UMTS,3,4,2026-06-21
Movistar,4.71115,-74.029,UMTS,2,2,2026-09-28
Movistar,4.7117,-74.1241,UMTS,1,1,2026-05-29
Movistar,4.71217,-74.121,UMTS,2,3,2026-07-02
Movistar,4.71413,-74.11727,UMTS,3,9,2026-07-24
Movistar,4.7132,-74.1152,UMTS,9,24,2026-09-29
Movistar,4.7131,-74.1069,UMTS,1,1,2026-05-28
Movistar,4.71213,-74.10325,UMTS,3,4,2026-09-17
Movistar,4.71236,-74.09937,UMTS,8,17,2026-09-30
Movistar,4.71307,-74.09775,UMTS,10,22,2026-09-29
Movistar,4.71291,-74.09355,UMTS,8,40,2026-10-01
Movistar,4.7136,-74.0916,UMTS,1,2,2026-07-17
Movistar,4.7138,-74.0875,UMTS,1,1,2026-07-16
Movistar,4.7127,-74.0853,UMTS,1,1,2026-07-16
Movistar,4.71195,-74.0813,UMTS,2,2,2026-05-30
Movistar,4.7119,-74.0788,UMTS,1,1,2026-05-22
Movistar,4.71163,-74.0722,UMTS,2,13,2026-08-18
Movistar,4.7126,-74.0523,UMTS,5,9,2026-10-01
Movistar,4.7142,-74.0366,UMTS,1,4,2026-07-15
Movistar,4.71282,-74.03395,UMTS,14,32,2026-09-29
Movistar,4.71266,-74.03152,UMTS,8,21,2026-09-29
Movistar,4.7117,-74.0293,UMTS,1,1,2026-05-20
Movistar,4.71549,-74.11713,UMTS,7,28,2026-09-30
Movistar,4.7154,-74.0992,UMTS,1,2,2026-06-01
Movistar,4.7148,-74.09643,UMTS,2,6,2026-09-17
Movistar,4.7161,-74.09315,UMTS,8,64,2026-10-01
Movistar,4.7147,-74.0776,UMTS,1,7,2026-09-14
Movistar,4.71688,-74.0761,UMTS,2,6,2026-09-14
Movistar,4.71616,-74.07341,UMTS,8,41,2026-09-29
Movistar,4.71473,-74.07043,UMTS,3,3,2026-05-30
Movistar,4.71585,-74.05215,LTE,5,10,2026-10-01
Movistar,4.71742,-74.04618,UMTS,4,13,2026-09-29
Movistar,4.71651,-74.04354,UMTS,9,36,2026-10-01
Movistar,4.71536,-74.03917,UMTS,4,10,2026-09-29
Movistar,4.71534,-74.03718,UMTS,6,43,2026-10-01
Movistar,4.71558,-74.03442,UMTS,9,64,2026-10-01
Movistar,4.71733,-74.0317,UMTS,2,3,2026-10-01
Movistar,4.71617,-74.02877,UMTS,3,4,2026-10-01
Movistar,4.7201,-74.1233,UMTS,1,1,2026-05-30
Movistar,4.7197,-74.11983,UMTS,3,11,2026-09-17
Movistar,4.71781,-74.11847,UMTS,4,15,2026-09-30
Movistar,4.71843,-74.09356,UMTS,9,31,2026-10-01
Movistar,4.7188,-74.09027,UMTS,2,3,2026-07-17
Movistar,4.71909,-74.07491,UMTS,15,54,2026-09-29
Movistar,4.71867,-74.07404,UMTS,10,82,2026-09-29
Movistar,4.71849,-74.06951,UMTS,7,29,2026-09-28
Movistar,4.71998,-74.05825,UMTS,6,13,2026-09-29
Movistar,4.71914,-74.0553,UMTS,6,27,2026-09-29
Movistar,4.71897,-74.05158,LTE,16,51,2026-10-01
Movistar,4.71834,-74.04891,UMTS,9,30,2026-10-01
Movistar,4.71828,-74.04698,UMTS,5,13,2026-10-01
Movistar,4.71832,-74.03387,UMTS,6,9,2026-10-01
Movistar,4.72,-74.0271,UMTS,1,1,2026-09-30
Movistar,4.7235,-74.2473,LTE,1,5,2025-12-12
Movistar,4.7219,-74.2293,UMTS,1,1,2025-07-09
Movistar,4.7232,-74.1325,UMTS,1,1,2026-08-11
Movistar,4.72245,-74.12895,UMTS,2,2,2026-08-11
Movistar,4.72138,-74.1264,UMTS,4,4,2026-08-11
Movistar,4.72185,-74.1239,UMTS,3,4,2026-08-12
Movistar,4.7219,-74.12155,UMTS,9,33,2026-09-30
Movistar,4.7218,-74.11168,UMTS,3,4,2026-09-17
Movistar,4.7208,-74.1101,UMTS,1,1,2026-09-03
Movistar,4.72267,-74.09753,UMTS,8,26,2026-10-01
Movistar,4.7205,-74.0953,UMTS,1,1,2026-06-23
Movistar,4.72241,-74.0747,UMTS,7,34,2026-10-01
Movistar,4.72227,-74.07407,UMTS,11,79,2026-09-29
Movistar,4.72234,-74.06672,UMTS,3,22,2026-09-29
Movistar,4.7234,-74.0643,UMTS,1,1,2026-08-11
Movistar,4.72105,-74.06008,UMTS,5,13,2026-10-01
Movistar,4.72226,-74.05116,UMTS,4,5,2026-09-27
Movistar,4.72205,-74.03413,UMTS,3,4,2026-07-06
Movistar,4.7234,-74.03,UMTS,1,1,2026-01-26
Movistar,4.7215,-74.0261,UMTS,1,1,2026-09-30
Movistar,4.7246,-74.2465,LTE,1,2,2025-12-12
Movistar,4.72508,-74.13364,UMTS,5,5,2026-08-11
Movistar,4.724,-74.1304,UMTS,1,1,2026-08-11
Movistar,4.7248,-74.1262,UMTS,1,1,2026-08-11
Movistar,4.72449,-74.12347,UMTS,7,32,2026-09-30
Movistar,4.7245,-74.11625,UMTS,2,2,2026-09-16
Movistar,4.72558,-74.09918,UMTS,3,17,2026-10-01
Movistar,4.72399,-74.09813,UMTS,2,7,2026-08-18
Movistar,4.72542,-74.07461,UMTS,3,13,2026-09-14
Movistar,4.72499,-74.0736,UMTS,4,19,2026-10-01
Movistar,4.7256,-74.07,UMTS,9,43,2026-09-29
Movistar,4.72435,-74.06672,UMTS,12,59,2026-10-01
Movistar,4.7241,-74.06545,UMTS,2,4,2026-08-10
Movistar,4.726,-74.0587,UMTS,1,1,2026-06-17
Movistar,4.7243,-74.0538,UMTS,1,1,2026-06-17
Movistar,4.72503,-74.0509,LTE,2,9,2026-06-18
Movistar,4.726,-74.0503,UMTS,1,1,2026-05-30
Movistar,4.7255,-74.0459,UMTS,1,1,2026-07-14
Movistar,4.72507,-74.0347,UMTS,2,3,2026-07-06
Movistar,4.72475,-74.0253,UMTS,2,2,2026-09-30
Movistar,4.7281,-74.2702,LTE,1,2,2025-12-15
Movistar,4.7292,-74.2692,LTE,1,17,2025-12-15
Movistar,4.728,-74.2495,LTE,1,21,2025-12-12
Movistar,4.7284,-74.2483,UMTS,1,1,2025-07-09
Movistar,4.7295,-74.2317,UMTS,1,1,2025-07-23
Movistar,4.7285,-74.22975,LTE,2,2,2026-07-14
Movistar,4.7287,-74.2237,LTE,1,1,2026-07-07
Movistar,4.7283,-74.1304,UMTS,1,2,2026-08-12
Movistar,4.72858,-74.12647,UMTS,6,38,2026-09-30
Movistar,4.72784,-74.12509,UMTS,4,33,2026-09-30
Movistar,4.7267,-74.1199,UMTS,1,2,2026-09-17
Movistar,4.72841,-74.1005,UMTS,12,47,2026-10-01
Movistar,4.72877,-74.09417,UMTS,3,3,2026-07-11
Movistar,4.72795,-74.0887,UMTS,2,2,2026-07-16
Movistar,4.72722,-74.07471,UMTS,4,26,2026-10-01
Movistar,4.72765,-74.07401,UMTS,2,17,2026-10-01
Movistar,4.72823,-74.07081,UMTS,6,31,2026-09-21
Movistar,4.72914,-74.06707,UMTS,9,26,2026-09-28
Movistar,4.7282,-74.06448,UMTS,8,22,2026-09-28
Movistar,4.7267,-74.0617,UMTS,1,2,2026-06-18
Movistar,4.7275,-74.0506,UMTS,2,4,2026-09-27
Movistar,4.7284,-74.05018,LTE,3,5,2026-05-30
Movistar,4.72933,-74.0451,UMTS,6,6,2026-07-14
Movistar,4.7291,-74.0388,UMTS,1,1,2026-07-05
Movistar,4.7272,-74.0361,UMTS,1,1,2026-07-05
Movistar,4.72866,-74.03344,UMTS,4,5,2026-07-06
Movistar,4.7279,-74.0244,UMTS,1,1,2026-09-30
Movistar,4.7297,-74.2692,LTE,1,3,2025-12-15
Movistar,4.7309,-74.2317,LTE,1,1,2026-07-06
Movistar,4.73197,-74.12993,UMTS,2,9,2026-09-30
Movistar,4.7317,-74.1271,UMTS,1,2,2026-05-30
Movistar,4.7311,-74.1253,UMTS,1,1,2026-08-26
Movistar,4.7317,-74.1048,UMTS,1,1,2025-06-20
Movistar,4.73138,-74.10056,UMTS,8,37,2026-09-30
Movistar,4.7303,-74.0948,UMTS,1,1,2026-07-11
Movistar,4.73084,-74.08811,UMTS,6,10,2026-07-17
Movistar,4.73202,-74.0762,LTE,5,45,2026-10-01
Movistar,4.73071,-74.07249,UMTS,6,31,2026-09-28
Movistar,4.72993,-74.07006,UMTS,4,23,2026-09-21
Movistar,4.73077,-74.06648,UMTS,8,24,2026-09-28
Movistar,4.73151,-74.06444,UMTS,14,38,2026-09-28
Movistar,4.73133,-74.0497,LTE,6,12,2026-09-27
Movistar,4.7308,-74.0379,UMTS,1,1,2026-07-05
Movistar,4.73059,-74.03383,UMTS,7,8,2026-07-06
Movistar,4.7345,-74.2493,LTE,1,9,2025-12-12
Movistar,4.735,-74.2472,LTE,1,1,2026-07-20
Movistar,4.7329,-74.1484,UMTS,1,1,2025-09-03
Movistar,4.73471,-74.13235,UMTS,4,10,2026-09-30
Movistar,4.7329,-74.12993,UMTS,4,20,2026-08-25
Movistar,4.73486,-74.12729,UMTS,8,30,2026-09-30
Movistar,4.7337,-74.10013,UMTS,6,32,2026-10-01
Movistar,4.73387,-74.09332,UMTS,3,4,2026-07-12
Movistar,4.73425,-74.08529,UMTS,5,8,2026-09-29
Movistar,4.73524,-74.08083,UMTS,2,7,2026-09-29
Movistar,4.73479,-74.07986,UMTS,6,41,2026-10-01
Movistar,4.73305,-74.076,UMTS,4,24,2026-09-28
Movistar,4.73298,-74.07428,UMTS,5,26,2026-09-28
Movistar,4.73496,-74.06679,UMTS,4,9,2026-08-23
Movistar,4.73403,-74.0641,UMTS,12,44,2026-09-28
Movistar,4.7352,-74.052,UMTS,1,1,2026-05-30
Movistar,4.73466,-74.04915,UMTS,3,8,2026-09-27
Movistar,4.7326,-74.0349,UMTS,1,1,2026-05-25
Movistar,4.7325,-74.024,UMTS,1,1,2026-09-30
Movistar,4.7377,-74.2575,UMTS,1,1,2025-07-08
Movistar,4.7371,-74.2529,LTE,1,3,2025-12-12
Movistar,4.7364,-74.2455,UMTS,1,1,2025-11-24
Movistar,4.7381,-74.1606,UMTS,2,2,2025-11-20
Movistar,4.737,-74.157,LTE,2,2,2026-09-24
Movistar,4.73778,-74.13507,UMTS,4,15,2026-09-04
Movistar,4.73658,-74.13394,UMTS,6,25,2026-09-30
Movistar,4.73675,-74.1266,UMTS,7,22,2026-09-30
Movistar,4.7363,-74.1113,UMTS,1,2,2026-08-27
Movistar,4.73777,-74.10313,LTE,3,3,2026-09-29
Movistar,4.73637,-74.09974,UMTS,9,55,2026-09-27
Movistar,4.73772,-74.0875,UMTS,3,8,2026-09-22
Movistar,4.7377,-74.08523,UMTS,13,55,2026-10-01
Movistar,4.7368,-74.08254,UMTS,17,105,2026-10-01
Movistar,4.7375,-74.07873,UMTS,3,3,2026-07-22
Movistar,4.7376,-74.0743,UMTS,2,3,2026-07-23
Movistar,4.7357,-74.0667,UMTS,2,4,2026-08-30
Movistar,4.7362,-74.06107,UMTS,3,4,2026-07-15
Movistar,4.73595,-74.0583,UMTS,2,2,2026-05-30
Movistar,4.7356,-74.055,UMTS,1,1,2026-05-30
Movistar,4.7382,-74.0508,UMTS,1,1,2026-07-14
Movistar,4.73727,-74.04871,UMTS,3,7,2026-09-24
Movistar,4.738,-74.0321,UMTS,1,1,2026-05-25
Movistar,4.736,-74.0241,UMTS,1,1,2026-09-30
Movistar,4.7382,-74.0227,UMTS,1,1,2026-09-30
Movistar,4.74031,-74.25569,LTE,2,9,2025-12-12
Movistar,4.7389,-74.2534,UMTS,1,1,2025-07-08
Movistar,4.7413,-74.162,UMTS,1,1,2025-06-06
Movistar,4.7415,-74.1613,UMTS,1,1,2025-06-12
Movistar,4.74104,-74.13789,UMTS,4,21,2026-09-30
Movistar,4.73929,-74.1367,UMTS,6,31,2026-09-30
Movistar,4.7402,-74.1298,UMTS,1,1,2026-06-12
Movistar,4.74031,-74.12685,UMTS,3,11,2026-08-25
Movistar,4.73971,-74.12497,UMTS,4,27,2026-09-30
Movistar,4.741,-74.1049,UMTS,1,2,2026-07-24
Movistar,4.74046,-74.09885,UMTS,6,40,2026-10-01
Movistar,4.74125,-74.0972,UMTS,2,2,2026-05-30
Movistar,4.7397,-74.0928,UMTS,1,1,2026-08-13
Movistar,4.73892,-74.09084,UMTS,2,5,2026-09-24
Movistar,4.73998,-74.08797,UMTS,20,118,2026-10-01
Movistar,4.73903,-74.08567,UMTS,5,47,2026-10-01
Movistar,4.74057,-74.08162,UMTS,5,11,2026-09-26
Movistar,4.7395,-74.07395,UMTS,2,2,2026-06-11
Movistar,4.7392,-74.0659,UMTS,1,1,2026-05-25
Movistar,4.7414,-74.0627,UMTS,1,2,2026-08-16
Movistar,4.74123,-74.0616,UMTS,2,4,2026-07-23
Movistar,4.73992,-74.05808,UMTS,3,4,2026-07-23
Movistar,4.7392,-74.0549,UMTS,1,2,2026-07-23
Movistar,4.7386,-74.0522,UMTS,1,1,2026-05-25
Movistar,4.7401,-74.04818,UMTS,3,5,2026-07-22
Movistar,4.7411,-74.0258,UMTS,2,2,2026-08-10
Movistar,4.7439,-74.1626,UMTS,1,1,2025-10-17
Movistar,4.74342,-74.13972,UMTS,3,6,2026-09-04
Movistar,4.74293,-74.12669,UMTS,7,31,2026-09-30
Movistar,4.7419,-74.12439,UMTS,6,27,2026-09-30
Movistar,4.74335,-74.12205,UMTS,2,4,2026-09-04
Movistar,4.74425,-74.1155,UMTS,2,2,2026-08-26
Movistar,4.74274,-74.11231,UMTS,4,7,2026-09-03
Movistar,4.7441,-74.1099,UMTS,2,2,2026-08-26
Movistar,4.7444,-74.1058,UMTS,1,1,2026-07-23
Movistar,4.74289,-74.09866,UMTS,4,27,2026-09-24
Movistar,4.74391,-74.09761,UMTS,5,27,2026-10-01
Movistar,4.74425,-74.0931,UMTS,2,2,2026-06-21
Movistar,4.74288,-74.0912,UMTS,20,128,2026-10-01
Movistar,4.74367,-74.08745,UMTS,7,19,2026-09-25
Movistar,4.74282,-74.08477,UMTS,8,27,2026-09-26
Movistar,4.742,-74.082,UMTS,1,2,2026-06-08
Movistar,4.7438,-74.0656,UMTS,1,1,2026-05-25
Movistar,4.7422,-74.06475,UMTS,2,4,2026-08-30
Movistar,4.7426,-74.0481,UMTS,1,2,2026-06-18
Movistar,4.7435,-74.0475,UMTS,1,3,2026-09-24
Movistar,4.7434,-74.03123,UMTS,3,3,2026-08-10
Movistar,4.74247,-74.0281,UMTS,3,3,2026-08-10
Movistar,4.7416,-74.0254,UMTS,1,1,2026-08-10
Movistar,4.7426,-74.0222,UMTS,1,1,2026-09-30
Movistar,4.7469,-74.1429,UMTS,1,1,2026-08-25
Movistar,4.7448,-74.1278,UMTS,1,2,2026-06-13
Movistar,4.74513,-74.12424,UMTS,5,16,2026-09-30
Movistar,4.7469,-74.12071,UMTS,11,39,2026-09-30
Movistar,4.74609,-74.11791,UMTS,7,20,2026-09-30
Movistar,4.74676,-74.11434,UMTS,12,23,2026-09-29
Movistar,4.74689,-74.11256,UMTS,6,19,2026-09-30
Movistar,4.74649,-74.10923,UMTS,6,23,2026-09-30
Movistar,4.74683,-74.10481,UMTS,6,35,2026-10-01
Movistar,4.74729,-74.10425,UMTS,2,13,2026-10-01
Movistar,4.74615,-74.10049,UMTS,9,28,2026-10-01
Movistar,4.74652,-74.09671,UMTS,30,242,2026-10-01
Movistar,4.74516,-74.09417,UMTS,13,86,2026-10-01
Movistar,4.7472,-74.0904,UMTS,1,2,2026-08-30
Movistar,4.74542,-74.08885,UMTS,3,13,2026-09-25
Movistar,4.74559,-74.08441,UMTS,6,15,2026-09-25
Movistar,4.747,-74.065,UMTS,1,1,2026-08-29
Movistar,4.74584,-74.0472,UMTS,4,9,2026-09-24
Movistar,4.74548,-74.0338,UMTS,6,6,2026-05-25
Movistar,4.74715,-74.02935,UMTS,2,2,2026-08-10
Movistar,4.7472,-74.0226,UMTS,1,1,2026-09-30
Movistar,4.7485,-74.2591,UMTS,1,1,2025-09-10
Movistar,4.74793,-74.164,LTE,3,3,2025-10-10
Movistar,4.74813,-74.14457,UMTS,6,6,2026-08-25
Movistar,4.7495,-74.1122,UMTS,2,2,2026-09-03
Movistar,4.74832,-74.10479,UMTS,7,50,2026-10-01
Movistar,4.74953,-74.10311,UMTS,14,142,2026-10-01
Movistar,4.74869,-74.10039,UMTS,12,118,2026-10-01
Movistar,4.74848,-74.09704,UMTS,12,67,2026-10-01
Movistar,4.74875,-74.09427,LTE,8,23,2026-09-24
Movistar,4.74852,-74.0915,UMTS,6,11,2026-08-30
Movistar,4.7481,-74.0876,UMTS,1,1,2026-05-25
Movistar,4.7479,-74.085,UMTS,1,1,2026-05-25
Movistar,4.74893,-74.08307,UMTS,4,9,2026-09-11
Movistar,4.74941,-74.04613,UMTS,8,10,2026-09-27
Movistar,4.74945,-74.03885,UMTS,2,2,2026-08-10
Movistar,4.749,-74.036,UMTS,1,1,2026-08-10
Movistar,4.7486,-74.0353,UMTS,2,2,2026-08-10
Movistar,4.74825,-74.032,UMTS,2,2,2026-08-10
Movistar,4.7478,-74.0289,UMTS,1,1,2026-08-10
Movistar,4.753,-74.1624,UMTS,1,1,2025-07-20
Movistar,4.7518,-74.1606,UMTS,4,4,2025-08-30
Movistar,4.75285,-74.14805,UMTS,2,2,2026-03-06
Movistar,4.75146,-74.10348,UMTS,13,52,2026-10-01
Movistar,4.75235,-74.1009,UMTS,2,2,2026-08-25
Movistar,4.75105,-74.0957,UMTS,2,8,2026-09-06
Movistar,4.7513,-74.09466,UMTS,15,71,2026-09-18
Movistar,4.7513,-74.0921,UMTS,2,2,2026-08-22
Movistar,4.75286,-74.08138,UMTS,2,5,2026-09-25
Movistar,4.7512,-74.079,UMTS,1,1,2026-09-10
Movistar,4.7533,-74.0769,UMTS,1,1,2026-09-10
Movistar,4.7511,-74.0652,UMTS,1,1,2026-08-29
Movistar,4.75287,-74.05217,UMTS,2,3,2026-08-29
Movistar,4.75238,-74.04833,UMTS,4,18,2026-09-11
Movistar,4.75145,-74.04633,UMTS,9,18,2026-09-24
Movistar,4.75128,-74.04347,UMTS,4,6,2026-05-27
Movistar,4.7515,-74.0241,UMTS,1,1,2026-09-30
Movistar,4.7536,-74.0989,UMTS,1,4,2026-09-26
Movistar,4.7541,-74.0973,UMTS,8,24,2026-09-26
Movistar,4.75472,-74.09363,UMTS,11,45,2026-09-26
Movistar,4.7553,-74.0917,UMTS,1,1,2026-08-23
Movistar,4.75503,-74.08567,UMTS,3,3,2026-05-19
Movistar,4.754,-74.0809,UMTS,2,8,2026-09-25
Movistar,4.75535,-74.07964,UMTS,5,21,2026-09-25
Movistar,4.7557,-74.0658,UMTS,1,1,2026-08-29
Movistar,4.7562,-74.0599,UMTS,1,3,2026-09-03
Movistar,4.75462,-74.05819,UMTS,7,13,2026-09-11
Movistar,4.75387,-74.05634,UMTS,2,7,2026-09-11
Movistar,4.75529,-74.04591,UMTS,8,17,2026-09-27
Movistar,4.7594,-74.1605,UMTS,1,1,2025-08-29
Movistar,4.7587,-74.156,UMTS,1,1,2025-08-29
Movistar,4.7592,-74.1551,UMTS,1,2,2026-08-27
Movistar,4.75874,-74.09307,UMTS,3,9,2026-09-26
Movistar,4.7578,-74.09136,UMTS,8,22,2026-09-18
Movistar,4.7571,-74.0846,UMTS,1,2,2026-06-17
Movistar,4.7572,-74.0809,UMTS,1,2,2026-05-26
Movistar,4.75755,-74.07858,UMTS,4,10,2026-09-11
Movistar,4.75859,-74.07683,UMTS,10,27,2026-09-25
Movistar,4.7593,-74.074,UMTS,1,5,2026-09-11
Movistar,4.7585,-74.06293,UMTS,2,3,2026-09-03
Movistar,4.75715,-74.06123,UMTS,3,4,2026-08-20
Movistar,4.75768,-74.04528,UMTS,5,5,2026-09-25
Movistar,4.7608,-74.159,UMTS,1,1,2026-08-26
Movistar,4.7613,-74.154,UMTS,1,2,2026-08-27
Movistar,4.76039,-74.09296,UMTS,5,8,2026-09-26
Movistar,4.76188,-74.09152,UMTS,2,10,2026-09-26
Movistar,4.76,-74.0773,UMTS,2,7,2026-09-03
Movistar,4.76083,-74.07259,UMTS,3,7,2026-09-11
Movistar,4.76217,-74.07037,UMTS,5,20,2026-09-25
Movistar,4.76037,-74.0662,UMTS,3,7,2026-08-30
Movistar,4.7603,-74.06495,UMTS,5,17,2026-09-25
Movistar,4.7621,-74.04832,UMTS,3,4,2026-09-23
Movistar,4.76036,-74.04562,UMTS,8,14,2026-09-25
Movistar,4.7618,-74.044,UMTS,2,4,2026-06-01
Movistar,4.7615,-74.02675,UMTS,2,2,2026-09-30
Movistar,4.7639,-74.163,UMTS,1,1,2026-08-26
Movistar,4.7627,-74.0907,UMTS,1,1,2026-09-09
Movistar,4.76434,-74.08916,UMTS,2,9,2026-09-26
Movistar,4.7626,-74.06993,UMTS,2,3,2026-08-30
Movistar,4.7655,-74.0671,UMTS,1,1,2026-06-09
Movistar,4.7625,-74.0644,UMTS,1,1,2026-09-08
Movistar,4.76352,-74.04885,UMTS,5,8,2026-09-25
Movistar,4.76402,-74.04541,UMTS,12,28,2026-09-27
Movistar,4.7637,-74.0444,UMTS,1,2,2026-09-24
Movistar,4.764,-74.0275,UMTS,1,1,2026-09-30
Movistar,4.7668,-74.1528,UMTS,1,1,2025-06-07
Movistar,4.7656,-74.1436,LTE,1,1,2025-10-02
Movistar,4.7667,-74.0663,UMTS,1,1,2026-06-09
Movistar,4.7666,-74.0635,UMTS,1,3,2026-09-11
Movistar,4.7677,-74.0562,UMTS,1,1,2026-06-09
Movistar,4.76573,-74.05333,UMTS,2,3,2026-09-25
Movistar,4.76565,-74.0441,UMTS,2,2,2026-05-30
Movistar,4.7709,-74.1742,UMTS,1,1,2025-07-31
Movistar,4.7707,-74.1721,UMTS,2,2,2026-08-26
Movistar,4.7691,-74.16925,UMTS,2,2,2026-08-26
Movistar,4.7694,-74.1532,UMTS,1,2,2026-08-27
Movistar,4.77019,-74.08461,UMTS,2,16,2026-09-26
Movistar,4.77097,-74.08275,UMTS,3,4,2026-09-08
Movistar,4.76874,-74.05782,UMTS,2,5,2026-09-25
Movistar,4.76998,-74.0434,UMTS,8,22,2026-09-27
Movistar,4.7706,-74.0371,UMTS,1,1,2026-05-30
Movistar,4.77,-74.0327,UMTS,1,1,2026-05-30
Movistar,4.76977,-74.03077,UMTS,3,3,2026-05-30
Movistar,4.77003,-74.02742,UMTS,3,4,2026-10-01
Movistar,4.7727,-74.1736,UMTS,1,1,2025-07-21
Movistar,4.77223,-74.08336,UMTS,2,11,2026-09-26
Movistar,4.773,-74.043,UMTS,1,3,2026-09-24
Movistar,4.7718,-74.0273,UMTS,1,2,2026-10-01
Movistar,4.7745,-74.0262,UMTS,1,1,2026-09-30
Movistar,4.7747,-74.1775,UMTS,1,1,2026-08-26
Movistar,4.775,-74.1762,UMTS,1,1,2026-08-26
Movistar,4.777,-74.0862,UMTS,1,2,2026-08-19
Movistar,4.77492,-74.04265,UMTS,5,11,2026-09-25
Movistar,4.7762,-74.0266,UMTS,1,2,2026-10-01
Movistar,4.7797,-74.1841,UMTS,1,1,2026-08-26
Movistar,4.7782,-74.1405,UMTS,1,1,2026-07-21
Movistar,4.7781,-74.0837,UMTS,1,5,2026-09-26
Movistar,4.77884,-74.04203,UMTS,3,14,2026-09-27
Movistar,4.7803,-74.0414,UMTS,1,3,2026-09-24
Movistar,4.7811,-74.3246,UMTS,1,1,2026-03-06
Movistar,4.7833,-74.187,UMTS,1,1,2025-07-21
Movistar,4.78204,-74.08574,UMTS,2,16,2026-09-26
Movistar,4.7841,-74.12695,UMTS,2,2,2026-07-21
Movistar,4.7851,-74.091,UMTS,1,1,2026-07-21
Movistar,4.78437,-74.08867,UMTS,2,9,2026-09-26
Movistar,4.78498,-74.0409,UMTS,2,4,2026-09-24
Movistar,4.7844,-74.0276,UMTS,1,2,2026-10-01
Movistar,4.7868,-74.0847,UMTS,1,3,2026-09-26
Movistar,4.7894,-74.06085,UMTS,2,2,2026-07-14
Movistar,4.7893,-74.0562,UMTS,1,1,2026-07-14
Movistar,4.7892,-74.0526,UMTS,1,1,2026-07-14
Movistar,4.7889,-74.0468,UMTS,1,1,2026-07-14
Movistar,4.78782,-74.04065,UMTS,5,13,2026-09-27
Movistar,4.7889,-74.0285,UMTS,2,3,2026-10-01
Movistar,4.7914,-74.3368,UMTS,1,1,2026-03-06
Movistar,4.7917,-74.1167,UMTS,1,1,2026-07-21
Movistar,4.7911,-74.0944,UMTS,3,3,2026-07-21
Movistar,4.7923,-74.0817,UMTS,1,4,2026-09-26
Movistar,4.7909,-74.0608,UMTS,1,1,2026-07-14
Movistar,4.7906,-74.0283,UMTS,1,1,2026-09-30
Movistar,4.7948,-74.0959,UMTS,1,1,2026-07-21
Movistar,4.7954,-74.0798,UMTS,1,1,2026-06-03
Movistar,4.79338,-74.03972,UMTS,4,10,2026-09-27
Movistar,4.7944,-74.0303,UMTS,1,2,2026-10-01
Movistar,4.7957,-74.1141,UMTS,1,1,2026-07-21
Movistar,4.7982,-74.1115,UMTS,1,1,2026-07-21
Movistar,4.7977,-74.1076,UMTS,1,1,2026-07-21
Movistar,4.7977,-74.107,UMTS,1,1,2026-07-21
Movistar,4.7963,-74.0593,UMTS,1,1,2026-07-14
Movistar,4.7963,-74.0393,UMTS,1,1,2026-06-17
Movistar,4.8015,-75.7442,LTE,1,6,2026-06-15
Movistar,4.8002,-74.3637,UMTS,1,1,2026-06-02
Movistar,4.7994,-74.1039,UMTS,1,1,2026-07-21
Movistar,4.8005,-74.1014,UMTS,1,1,2026-07-21
Movistar,4.8014,-74.0963,UMTS,1,1,2026-07-21
Movistar,4.79953,-74.07836,UMTS,2,11,2026-09-26
Movistar,4.7991,-74.0682,UMTS,1,2,2026-09-02
Movistar,4.8015,-74.0446,UMTS,1,2,2026-06-10
Movistar,4.80064,-74.03858,UMTS,3,5,2026-09-27
Movistar,4.8013,-74.0384,UMTS,1,4,2026-09-25
Movistar,4.79953,-74.03057,UMTS,3,3,2026-09-30
Movistar,4.80232,-75.74638,LTE,4,4,2026-06-14
Movistar,4.8018,-75.7453,LTE,3,4,2026-06-15
Movistar,4.80335,-75.7261,LTE,2,2,2026-06-14
Movistar,4.8017,-75.72285,LTE,2,2,2026-06-14
Movistar,4.8016,-75.7191,LTE,1,1,2026-06-14
Movistar,4.803,-74.3442,UMTS,1,1,2025-11-26
Movistar,4.80342,-74.07692,UMTS,2,5,2026-09-26
Movistar,4.80276,-74.03793,UMTS,4,7,2026-09-25
Movistar,4.8043,-74.0299,UMTS,1,2,2026-10-01
Movistar,4.8056,-75.74754,LTE,4,47,2026-06-20
Movistar,4.807,-75.7253,LTE,1,21,2026-06-15
Movistar,4.80617,-75.72292,LTE,2,33,2026-06-15
Movistar,4.80598,-75.7212,LTE,2,4,2026-06-15
Movistar,4.8056,-75.7169,LTE,1,5,2026-06-15
Movistar,4.80482,-74.07655,UMTS,2,8,2026-09-10
Movistar,4.8064,-74.03723,UMTS,3,3,2026-09-23
Movistar,4.8074,-74.0299,UMTS,1,1,2026-05-30
Movistar,4.80784,-75.73488,LTE,3,40,2026-06-15
Movistar,4.8076,-75.732,LTE,1,2,2026-06-15
Movistar,4.8103,-75.71,LTE,1,5,2026-01-05
Movistar,4.8102,-74.3249,UMTS,1,1,2026-03-28
Movistar,4.80835,-74.07575,UMTS,2,2,2026-09-01
Movistar,4.8104,-74.0432,UMTS,1,1,2026-06-09
Movistar,4.80929,-74.03652,UMTS,4,12,2026-10-01
Movistar,4.8094,-74.0305,UMTS,1,1,2026-09-30
Movistar,4.81285,-74.07492,UMTS,2,4,2026-09-26
Movistar,4.8134,-74.0579,UMTS,1,1,2026-06-09
Movistar,4.81272,-74.0545,LTE,4,6,2026-09-28
Movistar,4.8105,-74.0446,UMTS,1,1,2026-06-09
Movistar,4.811,-74.0362,UMTS,1,1,2026-09-23
Movistar,4.8128,-74.031,UMTS,1,1,2026-05-30
Movistar,4.815,-74.0746,UMTS,1,3,2026-08-31
Movistar,4.816,-74.0742,UMTS,1,7,2026-09-26
Movistar,4.816,-74.0656,UMTS,1,1,2026-06-09
Movistar,4.8146,-74.0616,UMTS,1,1,2026-06-09
Movistar,4.8156,-74.0308,UMTS,1,1,2026-09-30
Movistar,4.8192,-74.366,UMTS,1,1,2025-12-29
Movistar,4.81899,-74.03476,UMTS,2,14,2026-10-01
Movistar,4.8197,-74.0501,LTE,1,2,2026-08-21
Movistar,4.82162,-74.03425,UMTS,2,6,2026-10-01
Movistar,4.8218,-74.0313,UMTS,1,1,2026-05-30
Movistar,4.824,-74.0735,LTE,1,1,2026-08-18
Movistar,4.8251,-74.0346,UMTS,1,7,2026-09-25
Movistar,4.823,-74.0313,UMTS,1,1,2026-09-30
Movistar,4.8259,-74.0728,UMTS,1,5,2026-09-26
Movistar,4.82719,-74.03386,UMTS,2,7,2026-10-01
Movistar,4.8295,-74.0711,UMTS,1,7,2026-09-26
Movistar,4.8307,-74.0292,UMTS,1,1,2026-09-30
Movistar,4.83435,-74.0713,UMTS,2,2,2026-08-18
Movistar,4.83325,-74.03323,UMTS,3,4,2026-09-27
Movistar,4.834,-74.0324,UMTS,1,7,2026-09-24
Movistar,4.83606,-74.07012,UMTS,4,16,2026-09-26
Movistar,4.83583,-74.03283,UMTS,3,3,2026-09-23
Movistar,4.8363,-74.0289,UMTS,1,1,2026-09-30
Movistar,4.8405,-74.068,UMTS,1,6,2026-09-26
Movistar,4.83881,-74.0323,UMTS,3,8,2026-09-11
Movistar,4.8407,-74.2754,UMTS,1,1,2026-03-07
Movistar,4.8418,-74.2602,UMTS,1,1,2025-08-29
Movistar,4.84245,-74.0307,UMTS,2,4,2026-06-17
Movistar,4.844,-74.0665,UMTS,1,8,2026-09-26
Movistar,4.8449,-74.0623,UMTS,1,1,2026-09-25
Movistar,4.8459,-74.0305,UMTS,1,9,2026-10-01
Movistar,4.8458,-74.02833,UMTS,2,3,2026-09-30
Movistar,4.84723,-74.06457,UMTS,2,9,2026-09-26
Movistar,4.84797,-74.05842,UMTS,3,4,2026-09-26
Movistar,4.8494,-74.0563,UMTS,1,3,2026-09-26
Movistar,4.84847,-74.05223,UMTS,2,3,2026-09-26
Movistar,4.8485,-74.0289,UMTS,1,3,2026-06-08
Movistar,4.8505,-74.2736,UMTS,1,1,2025-04-24
Movistar,4.85121,-74.06306,UMTS,4,16,2026-09-10
Movistar,4.85207,-74.06164,UMTS,3,7,2026-09-10
Movistar,4.8506,-74.0303,UMTS,2,4,2026-09-26
Movistar,4.8511,-74.025,UMTS,1,1,2026-05-30
Movistar,4.8547,-74.2834,UMTS,1,1,2025-11-14
Movistar,4.8542,-74.062,UMTS,3,4,2026-09-10
Movistar,4.8531,-74.03027,UMTS,3,11,2026-09-25
Movistar,4.8554,-74.0281,UMTS,1,3,2026-10-01
Movistar,4.853,-74.0256,UMTS,1,1,2026-05-30
Movistar,4.8552,-74.0053,LTE,1,5,2026-09-29
Movistar,4.8583,-74.4296,UMTS,1,5,2025-06-17
Movistar,4.8578,-74.428,UMTS,1,1,2026-03-09
Movistar,4.85698,-74.05862,UMTS,3,6,2026-09-10
Movistar,4.85736,-74.03448,UMTS,4,9,2026-09-26
Movistar,4.8583,-74.0279,UMTS,1,2,2026-10-01
Movistar,4.8564,-74.007,LTE,1,5,2026-09-15
Movistar,4.8602,-74.0474,UMTS,1,1,2026-09-08
Movistar,4.86054,-74.02746,UMTS,2,5,2026-10-01
Movistar,4.8604,-74.0117,LTE,2,2,2026-09-24
Movistar,4.8604,-74.0109,LTE,1,1,2026-09-15
Movistar,4.86234,-74.05582,UMTS,6,12,2026-09-10
Movistar,4.86312,-74.05205,UMTS,8,13,2026-09-10
Movistar,4.8635,-74.04945,UMTS,4,6,2026-09-10
Movistar,4.86396,-74.04618,UMTS,3,10,2026-09-26
Movistar,4.86434,-74.04346,UMTS,4,13,2026-09-26
Movistar,4.86246,-74.03696,UMTS,4,21,2026-09-26
Movistar,4.8642,-74.0346,UMTS,1,3,2026-09-10
Movistar,4.8634,-74.02847,UMTS,2,3,2026-10-01
Movistar,4.86397,-74.026,UMTS,2,3,2026-09-26
Movistar,4.8626,-74.0182,LTE,1,6,2026-08-31
Movistar,4.86472,-74.04053,UMTS,3,12,2026-09-26
Movistar,4.866,-74.03773,UMTS,7,13,2026-09-24
Movistar,4.8659,-74.0247,UMTS,1,5,2026-10-01
Movistar,4.86914,-74.03763,UMTS,6,18,2026-09-25
Movistar,4.8735,-74.0388,UMTS,1,2,2026-07-10
Movistar,4.8716,-74.0374,UMTS,1,1,2026-06-09
Movistar,4.8763,-74.4353,UMTS,1,1,2026-02-02
Movistar,4.87531,-74.03773,UMTS,10,20,2026-09-25
Movistar,4.8755,-74.0212,UMTS,1,1,2026-09-25
Movistar,4.8747,-74.0195,LTE,1,3,2026-08-24
Movistar,4.8793,-74.6305,UMTS,1,1,2025-05-09
Movistar,4.87755,-74.04105,UMTS,2,2,2026-07-08
Movistar,4.8779,-74.03796,UMTS,6,7,2026-09-08
Movistar,4.88043,-74.03769,UMTS,8,19,2026-09-25
Movistar,4.8821,-74.0043,LTE,1,5,2026-09-30
Movistar,4.88371,-74.03639,UMTS,6,7,2026-09-23
Movistar,4.8832,-74.0346,UMTS,1,1,2026-09-18
Movistar,4.88765,-74.2665,UMTS,2,2,2025-08-16
Movistar,4.88744,-74.03569,UMTS,2,12,2026-09-25
Movistar,4.88718,-74.03529,UMTS,3,11,2026-09-24
Movistar,4.8904,-73.996,LTE,1,6,2026-09-28
Movistar,4.8907,-73.9907,LTE,1,12,2026-09-24
Movistar,4.8905,-73.9902,LTE,1,16,2026-09-16
Movistar,4.8928,-74.03397,UMTS,5,7,2026-09-02
Movistar,4.8932,-73.9947,LTE,1,11,2026-09-28
Movistar,4.8924,-73.9928,LTE,1,3,2026-09-30
Movistar,4.89598,-74.31066,UMTS,2,5,2025-12-09
Movistar,4.8964,-74.03257,UMTS,2,6,2026-09-24
Movistar,4.89659,-74.0318,UMTS,2,14,2026-09-25
Movistar,4.8948,-73.9969,LTE,1,2,2026-08-24
Movistar,4.89567,-73.99197,LTE,5,25,2026-09-30
Movistar,4.896,-73.988,LTE,1,5,2026-09-28
Movistar,4.8983,-74.309,UMTS,1,5,2025-07-25
Movistar,4.89982,-74.0302,UMTS,2,15,2026-09-25
Movistar,4.89989,-74.02901,UMTS,5,29,2026-09-25
Movistar,4.9006,-74.0262,UMTS,1,1,2026-09-18
Movistar,4.9053,-74.0213,UMTS,1,10,2026-09-11
Movistar,4.9093,-74.0281,UMTS,1,1,2026-06-17
Movistar,4.9082,-74.019,UMTS,1,10,2026-09-25
Movistar,4.90827,-73.9404,UMTS,3,3,2026-05-30
Movistar,4.9101,-74.463,UMTS,1,1,2025-06-23
Movistar,4.9109,-74.0281,UMTS,1,1,2026-06-17
Movistar,4.9097,-74.0186,UMTS,1,1,2026-06-03
Movistar,4.91,-73.9395,UMTS,2,2,2026-05-30
Movistar,4.9133,-74.4215,UMTS,1,1,2026-06-07
Movistar,4.91366,-74.01695,UMTS,3,14,2026-10-01
Movistar,4.91333,-73.94197,UMTS,3,3,2026-05-30
Movistar,4.9181,-74.0262,UMTS,1,1,2026-06-17
Movistar,4.91708,-74.01597,UMTS,4,18,2026-10-01
Movistar,4.9179,-74.0035,UMTS,1,3,2026-10-01
Movistar,4.9201,-74.0255,UMTS,1,1,2026-06-17
Movistar,4.92075,-74.01493,UMTS,3,4,2026-09-18
Movistar,4.9198,-74.0136,UMTS,1,3,2026-10-01
Movistar,4.9192,-74.0101,UMTS,1,1,2026-08-18
Movistar,4.9188,-73.9993,UMTS,1,6,2026-10-01
Movistar,4.9188,-73.9464,UMTS,1,1,2026-05-30
Movistar,4.9239,-74.01377,UMTS,5,23,2026-10-01
Movistar,4.9218,-74.0087,UMTS,1,1,2026-09-30
Movistar,4.9225,-74.0037,UMTS,1,1,2026-09-30
Movistar,4.9219,-73.9488,UMTS,1,1,2026-05-30
Movistar,4.925,-75.0679,UMTS,1,1,2025-12-16
Movistar,4.9273,-74.0228,UMTS,1,4,2026-09-10
Movistar,4.92545,-74.01315,UMTS,2,2,2026-06-09
Movistar,4.9254,-74.0063,UMTS,1,2,2026-10-01
Movistar,4.9268,-73.9941,UMTS,1,5,2026-10-01
Movistar,4.92941,-74.02196,UMTS,3,7,2026-09-10
Movistar,4.9276,-74.0119,UMTS,1,5,2026-10-01
Movistar,4.92915,-74.01011,UMTS,4,13,2026-10-01
Movistar,4.93223,-74.00937,UMTS,2,3,2026-08-18
Movistar,4.9307,-73.9927,UMTS,1,1,2026-05-30
Movistar,4.9311,-73.9524,UMTS,1,1,2026-05-30
Movistar,4.9347,-74.0203,UMTS,1,5,2026-09-10
Movistar,4.9363,-74.0136,UMTS,3,3,2026-09-30
Movistar,4.9351,-74.0111,UMTS,1,1,2026-06-03
Movistar,4.93407,-73.98887,UMTS,2,3,2026-09-26
Movistar,4.9355,-73.986,UMTS,1,3,2026-09-26
Movistar,4.9361,-73.9842,UMTS,1,3,2026-10-01
Movistar,4.9337,-73.9547,UMTS,1,1,2026-05-30
Movistar,4.9389,-74.4241,LTE,2,2,2026-03-18
Movistar,4.9383,-74.018,UMTS,1,5,2026-09-11
Movistar,4.9385,-74.01602,UMTS,5,11,2026-09-25
Movistar,4.93735,-74.01404,UMTS,2,11,2026-10-01
Movistar,4.9382,-73.9771,UMTS,1,3,2026-09-27
Movistar,4.9387,-73.9733,UMTS,1,3,2026-10-01
Movistar,4.93912,-73.963,UMTS,2,5,2026-10-01
Movistar,4.93835,-73.95875,UMTS,2,2,2026-05-30
Movistar,4.93965,-74.01542,UMTS,2,6,2026-10-01
Movistar,4.9405,-73.9644,UMTS,1,2,2026-06-01
Movistar,4.94022,-73.9612,UMTS,2,4,2026-10-01
Movistar,4.9427,-74.3078,LTE,1,1,2025-08-02
Movistar,4.9446,-74.01597,UMTS,2,12,2026-09-24
Movistar,4.9433,-74.0131,UMTS,1,10,2026-10-01
Movistar,4.9439,-73.9546,UMTS,1,1,2026-09-30
Movistar,4.94647,-74.0152,UMTS,2,3,2026-09-18
Movistar,4.9464,-73.96107,UMTS,2,3,2026-10-01
Movistar,4.9459,-73.953,UMTS,1,2,2026-08-19
Movistar,4.9473,-73.9505,UMTS,1,2,2026-09-26
Movistar,4.95027,-74.01463,UMTS,2,3,2026-09-25
Movistar,4.9508,-73.948,UMTS,1,2,2026-10-01
Movistar,4.9512,-73.9437,UMTS,1,4,2026-09-26
Movistar,4.95305,-73.9648,UMTS,2,2,2026-09-30
Movistar,4.9524,-73.9603,UMTS,1,4,2026-10-01
Movistar,4.953,-73.9459,UMTS,1,2,2026-09-27
Movistar,4.9519,-73.9413,UMTS,1,5,2026-09-27
Movistar,4.9534,-73.9287,UMTS,1,2,2026-09-26
Movistar,4.9572,-74.9191,UMTS,1,2,2026-05-09
Movistar,4.9549,-74.0117,UMTS,1,11,2026-09-25
Movistar,4.9554,-73.9662,UMTS,1,1,2026-09-30
Movistar,4.95565,-73.9541,UMTS,2,4,2026-08-19
Movistar,4.95655,-73.93695,UMTS,2,2,2026-09-25
Movistar,4.9549,-73.9356,UMTS,1,5,2026-09-27
Movistar,4.9556,-73.9323,UMTS,1,4,2026-09-27
Movistar,4.9548,-73.9241,UMTS,1,1,2026-06-17
Movistar,4.9564,-73.9197,UMTS,1,1,2026-06-17
Movistar,4.95725,-73.9172,UMTS,2,2,2026-08-18
Movistar,4.9604,-74.9169,UMTS,1,1,2025-10-09
Movistar,4.9598,-74.0066,UMTS,1,12,2026-09-25
Movistar,4.95947,-73.93759,UMTS,5,8,2026-09-27
Movistar,4.9605,-73.9242,UMTS,1,1,2026-08-18
Movistar,4.95889,-73.91406,UMTS,7,7,2026-08-18
Movistar,4.96035,-73.9119,UMTS,2,2,2026-08-18
Movistar,4.9608,-73.9367,UMTS,1,3,2026-09-27
Movistar,4.96325,-73.93185,UMTS,2,2,2026-09-25
Movistar,4.96295,-73.929,UMTS,2,4,2026-09-26
Movistar,4.9615,-73.9253,UMTS,1,1,2026-08-18
Movistar,4.96248,-73.91727,UMTS,3,4,2026-09-26
Movistar,4.9615,-73.9128,UMTS,1,2,2026-09-26
Movistar,4.9627,-73.91008,UMTS,3,5,2026-09-26
Movistar,4.9643,-74.0081,UMTS,1,6,2026-09-25
Movistar,4.9647,-73.9516,UMTS,1,1,2026-06-17
Movistar,4.9646,-73.9126,UMTS,1,1,2026-09-25
Movistar,4.96473,-73.9113,UMTS,2,3,2026-09-26
Movistar,4.9651,-73.90744,UMTS,3,5,2026-09-26
Movistar,4.9667,-74.0058,UMTS,1,1,2026-09-01
Movistar,4.9678,-74.0055,UMTS,1,9,2026-09-25
Movistar,4.969,-73.96585,UMTS,2,2,2026-06-17
Movistar,4.96725,-73.9047,UMTS,2,2,2026-09-25
Movistar,4.9684,-73.903,UMTS,1,1,2026-09-25
Movistar,4.9693,-73.9004,UMTS,2,2,2026-09-25
Movistar,4.97085,-73.8983,UMTS,3,4,2026-08-18
Movistar,4.9746,-74.0043,UMTS,1,12,2026-09-25
Movistar,4.975,-73.965,UMTS,2,2,2026-09-30
Movistar,4.98,-74.3223,LTE,1,1,2025-08-02
Movistar,4.9797,-73.9669,UMTS,1,2,2026-06-18
Movistar,4.9805,-73.8871,UMTS,1,1,2026-06-17
Movistar,4.9839,-73.965,UMTS,1,1,2026-09-30
Movistar,4.9831,-73.8831,UMTS,1,1,2026-06-17
Movistar,4.9852,-74.0028,UMTS,1,12,2026-09-25
Movistar,4.9862,-73.9708,UMTS,1,1,2026-09-30
Movistar,4.98607,-73.96877,UMTS,2,3,2026-09-30
Movistar,4.9848,-73.8806,UMTS,1,1,2026-06-16
Movistar,4.9895,-74.3285,UMTS,1,1,2025-10-14
Movistar,4.9892,-74.0036,UMTS,1,1,2026-09-18
Movistar,4.9891,-73.971,UMTS,1,2,2026-06-18
Movistar,4.9886,-73.8802,UMTS,1,1,2026-06-17
Movistar,4.9876,-73.8772,UMTS,1,1,2026-06-16
Movistar,4.9918,-73.9985,UMTS,1,9,2026-10-01
Movistar,4.9919,-73.971,UMTS,1,1,2026-09-30
Movistar,4.9908,-73.8789,UMTS,1,1,2026-06-17
Movistar,4.991,-73.8756,UMTS,2,3,2026-06-18
Movistar,4.9938,-74.3357,UMTS,1,1,2025-10-14
Movistar,4.9963,-73.9969,UMTS,1,11,2026-09-25
Movistar,4.9948,-73.9962,UMTS,1,1,2026-09-18
Movistar,4.9964,-73.9718,UMTS,1,1,2026-09-30
Movistar,4.9943,-73.8758,UMTS,1,1,2026-06-17
Movistar,4.9947,-73.8712,UMTS,1,1,2026-06-16
Movistar,4.998,-73.9737,UMTS,1,2,2026-06-18
Movistar,4.9991,-73.8684,UMTS,1,2,2026-06-18
Movistar,5.0022,-74.538,UMTS,1,1,2026-03-07
Movistar,5.0009,-73.9982,UMTS,1,10,2026-09-25
Movistar,5.0019,-73.9945,UMTS,1,4,2026-09-24
Movistar,5.0008,-73.9755,UMTS,1,1,2026-06-17
Movistar,5.003,-73.9994,UMTS,1,10,2026-10-01
Movistar,5.0082,-74.4721,UMTS,1,1,2025-04-11
Movistar,5.0069,-73.9869,UMTS,1,11,2026-10-01
Movistar,5.0096,-74.4707,UMTS,1,1,2025-06-23
Movistar,5.011,-74.005,UMTS,1,1,2026-06-16
Movistar,5.0103,-73.998,UMTS,1,1,2026-06-03
Movistar,5.01127,-73.98301,UMTS,2,8,2026-10-01
Movistar,5.013,-74.4696,LTE,1,1,2025-12-21
Movistar,5.0127,-74.0048,UMTS,1,3,2026-10-01
Movistar,5.0137,-73.9936,UMTS,1,3,2026-09-11
Movistar,5.01218,-73.99182,UMTS,3,10,2026-10-01
Movistar,5.0117,-73.9864,UMTS,1,2,2026-09-20
Movistar,5.01395,-73.98095,UMTS,2,2,2026-09-23
Movistar,5.0122,-73.856,UMTS,1,1,2026-06-16
Movistar,5.01663,-74.00417,UMTS,2,6,2026-10-01
Movistar,5.0159,-74.0013,UMTS,1,3,2026-10-01
Movistar,5.01567,-73.9938,UMTS,2,3,2026-09-11
Movistar,5.0162,-73.9932,UMTS,2,2,2026-06-16
Movistar,5.0159,-73.9873,UMTS,1,3,2026-09-11
Movistar,5.01564,-73.97964,UMTS,2,9,2026-09-25
Movistar,5.0192,-74.00384,UMTS,4,8,2026-10-01
Movistar,5.0193,-74.0001,UMTS,1,1,2026-07-08
Movistar,5.0177,-73.999,UMTS,1,1,2026-07-08
Movistar,5.018,-73.9793,UMTS,1,9,2026-10-01
Movistar,5.0201,-73.978,UMTS,1,4,2026-09-10
Movistar,5.0179,-73.8514,UMTS,1,2,2026-06-18
Movistar,5.0216,-74.5207,UMTS,1,1,2025-12-10
Movistar,5.0232,-74.4823,UMTS,1,1,2026-01-27
Movistar,5.02217,-74.00371,UMTS,6,18,2026-10-01
Movistar,5.02209,-74.00137,UMTS,6,13,2026-10-01
Movistar,5.02125,-73.9977,UMTS,2,2,2026-09-10
Movistar,5.02274,-73.97668,UMTS,3,16,2026-10-01
Movistar,5.02448,-74.00407,UMTS,9,12,2026-09-24
Movistar,5.02572,-74.00135,UMTS,4,6,2026-09-24
Movistar,5.0264,-73.9969,UMTS,1,1,2026-09-10
Movistar,5.02522,-73.99476,UMTS,2,5,2026-09-25
Movistar,5.0251,-73.9913,UMTS,2,6,2026-09-25
Movistar,5.0257,-73.9884,UMTS,2,2,2026-09-23
Movistar,5.0248,-73.98545,UMTS,2,2,2026-09-23
Movistar,5.0256,-73.9825,UMTS,1,1,2026-09-23
Movistar,5.0262,-73.9812,UMTS,1,1,2026-09-01
Movistar,5.02562,-73.97372,UMTS,10,25,2026-09-25
Movistar,5.0264,-73.8442,UMTS,1,1,2026-06-16
Movistar,5.0265,-74.0032,UMTS,1,2,2026-09-24
Movistar,5.02737,-73.9975,UMTS,3,3,2026-09-10
Movistar,5.0285,-73.9956,UMTS,1,1,2026-09-10
Movistar,5.0266,-73.9804,UMTS,1,1,2026-09-23
Movistar,5.0285,-73.9732,UMTS,1,5,2026-10-01
Movistar,5.0292,-73.8417,UMTS,1,2,2026-06-18
Movistar,5.032,-74.553,UMTS,1,1,2026-03-20
Movistar,5.0298,-73.8409,UMTS,1,1,2026-06-16
Movistar,5.0315,-73.8399,UMTS,1,1,2026-06-17
Movistar,5.0338,-73.9718,UMTS,1,3,2026-09-11
Movistar,5.0337,-73.8378,UMTS,1,2,2026-06-18
Movistar,5.03657,-73.97137,UMTS,2,3,2026-08-20
Movistar,5.0408,-73.96985,UMTS,2,2,2026-08-18
Movistar,5.04605,-73.96485,UMTS,2,6,2026-10-01
Movistar,5.0446,-73.8237,UMTS,1,2,2026-06-18
Movistar,5.0504,-73.8148,UMTS,1,2,2026-06-18
Movistar,5.0508,-73.9603,UMTS,1,1,2026-06-03
Movistar,5.0529,-73.8109,UMTS,1,2,2026-06-18
Movistar,5.0537,-73.9584,UMTS,1,3,2026-10-01
Movistar,5.05485,-73.95743,UMTS,3,4,2026-08-20
Movistar,5.0549,-73.8063,UMTS,1,2,2026-06-18
Movistar,5.0558,-73.7989,UMTS,1,1,2026-06-17
Movistar,5.0594,-74.5604,UMTS,1,1,2025-04-02
Movistar,5.0582,-73.9558,UMTS,2,2,2026-09-18
Movistar,5.057,-73.7884,UMTS,1,1,2026-06-16
Movistar,5.0595,-73.7795,UMTS,1,1,2026-06-17
Movistar,5.0598,-74.5775,UMTS,1,1,2025-05-30
Movistar,5.0602,-73.954,UMTS,1,1,2026-06-03
Movistar,5.06117,-73.77493,UMTS,2,3,2026-06-18
Movistar,5.0643,-74.573,UMTS,1,1,2025-08-22
Movistar,5.067,-74.5986,UMTS,1,1,2025-10-03
Movistar,5.0678,-74.5612,UMTS,1,1,2026-03-07
Movistar,5.0661,-74.4482,UMTS,1,1,2025-05-02
Movistar,5.0668,-73.7627,UMTS,1,1,2026-06-17
Movistar,5.07,-73.7576,UMTS,1,1,2026-06-17
Movistar,5.0782,-73.7538,UMTS,1,1,2026-06-16
Movistar,5.08,-73.7511,UMTS,1,1,2026-06-16
Movistar,5.081,-73.7424,UMTS,1,2,2026-06-18
Movistar,5.0887,-73.7227,UMTS,1,2,2026-06-18
Movistar,5.092,-73.7246,UMTS,1,2,2026-06-18
Movistar,5.1018,-73.7086,UMTS,1,2,2026-06-18
Movistar,5.102,-73.7069,UMTS,1,1,2026-06-16
Movistar,5.1121,-73.7077,UMTS,1,2,2026-06-18
Movistar,5.1165,-74.5931,UMTS,1,1,2025-10-03
Movistar,5.1336,-73.9037,UMTS,1,1,2026-03-06
Movistar,5.1429,-73.6728,UMTS,1,2,2026-06-18
Movistar,5.14533,-73.68873,UMTS,2,3,2026-06-18
Movistar,5.1472,-73.6867,UMTS,1,1,2026-06-17
Movistar,5.1488,-73.6826,UMTS,1,1,2026-06-16
Movistar,5.1497,-73.6803,UMTS,1,2,2026-06-18
Movistar,5.1604,-73.66,UMTS,1,2,2026-06-18
Movistar,5.1629,-73.6546,UMTS,1,1,2026-06-17
Movistar,5.1736,-73.6399,UMTS,1,1,2026-06-17
Movistar,5.1858,-73.6255,UMTS,1,1,2026-06-16
Movistar,5.19338,-74.8949,LTE,2,17,2025-12-08
Movistar,5.19357,-74.89196,LTE,3,61,2025-12-08
Movistar,5.19397,-74.88933,LTE,10,84,2025-12-08
Movistar,5.19594,-74.89495,LTE,3,62,2025-12-08
Movistar,5.1949,-74.89179,LTE,5,82,2025-12-08
Movistar,5.19617,-74.88958,LTE,2,31,2025-12-08
Movistar,5.1969,-74.8737,LTE,1,14,2025-04-05
Movistar,5.19945,-74.89879,LTE,6,97,2025-12-08
Movistar,5.2003,-74.8941,LTE,1,15,2025-11-26
Movistar,5.19769,-74.89166,LTE,2,16,2025-12-08
Movistar,5.1995,-74.889,LTE,2,20,2025-12-08
Movistar,5.2002,-74.8872,LTE,1,4,2025-12-08
Movistar,5.1996,-73.6112,UMTS,1,2,2026-06-18
Movistar,5.20114,-74.8978,LTE,2,25,2025-12-08
Movistar,5.20118,-74.886,LTE,2,46,2025-04-05
Movistar,5.2119,-73.5982,UMTS,1,2,2026-06-18
Movistar,5.2232,-73.59315,UMTS,2,4,2026-06-18
Movistar,5.2369,-73.5913,UMTS,1,2,2026-06-18
Movistar,5.2424,-73.5911,UMTS,1,1,2026-06-16
Movistar,5.2667,-73.5886,UMTS,1,2,2026-06-18
Movistar,5.2679,-73.5859,UMTS,1,1,2026-06-17
Movistar,5.2918,-74.5681,UMTS,1,1,2026-03-09
Movistar,5.2986,-74.5689,UMTS,1,3,2025-05-31
Movistar,5.2965,-73.581,UMTS,1,2,2026-06-18
Movistar,5.3115,-73.576,UMTS,1,2,2026-06-18
Movistar,5.329,-74.5653,UMTS,1,1,2025-06-06
Movistar,5.3287,-73.5646,UMTS,1,2,2026-06-18
Movistar,5.3455,-73.5512,UMTS,1,1,2026-06-17
Movistar,5.3586,-73.5382,UMTS,1,2,2026-06-18
Movistar,5.3582,-73.5372,UMTS,1,1,2026-06-16
Movistar,5.3657,-73.5273,UMTS,1,2,2026-06-18
Movistar,5.3737,-73.5179,UMTS,1,1,2026-06-17
Movistar,5.3748,-73.5143,UMTS,1,1,2026-06-16
Movistar,5.3784,-73.5092,UMTS,1,2,2026-06-18
Movistar,5.3935,-73.4977,UMTS,1,2,2026-06-18
Movistar,5.4025,-73.4773,UMTS,1,2,2026-06-18
Movistar,5.4491,-73.4329,UMTS,1,2,2026-06-18
Movistar,5.4601,-73.4186,UMTS,1,2,2026-06-18
Movistar,5.4715,-73.4072,UMTS,1,1,2026-06-16
Movistar,5.4761,-74.602,UMTS,1,1,2025-11-14
Movistar,5.4779,-74.6063,UMTS,1,2,2025-11-05
Movistar,5.4766,-74.602,UMTS,2,2,2025-10-10
Movistar,5.4834,-73.3981,UMTS,1,2,2026-06-18
Movistar,5.4906,-73.3813,UMTS,1,2,2026-06-18
Movistar,5.4925,-74.6385,UMTS,1,1,2026-01-28
Movistar,5.4963,-74.642,UMTS,1,1,2026-08-27
Movistar,5.4972,-73.3734,UMTS,1,1,2026-06-17
Movistar,5.5002,-73.3715,UMTS,1,1,2026-06-16
Movistar,5.5013,-73.3695,UMTS,1,2,2026-06-18
Movistar,5.50623,-73.3649,UMTS,2,3,2026-06-18
Movistar,5.5083,-73.3621,UMTS,1,1,2026-06-17
Movistar,5.5094,-73.3603,UMTS,1,1,2026-06-16
Movistar,5.5109,-73.3582,UMTS,1,1,2026-06-17
Movistar,5.5137,-73.3544,UMTS,1,1,2026-06-17
Movistar,5.5158,-73.3537,UMTS,1,2,2026-06-18
Movistar,5.5209,-74.636,LTE,1,1,2025-08-30
Movistar,5.5229,-74.6356,UMTS,1,1,2026-02-13
Movistar,5.5234,-73.3488,UMTS,1,1,2026-06-16
Movistar,5.5246,-74.6346,UMTS,1,1,2025-11-04
Movistar,5.5262,-73.34685,UMTS,2,2,2026-06-17
Movistar,5.5301,-74.6901,UMTS,1,1,2025-12-30
Movistar,5.5288,-74.6329,UMTS,1,1,2025-10-15
Movistar,5.5289,-73.345,UMTS,1,1,2026-06-17
Movistar,5.5332,-74.6312,UMTS,1,4,2026-03-20
Movistar,5.5387,-74.6253,UMTS,1,15,2025-08-12
Movistar,5.5378,-73.3391,UMTS,1,2,2026-06-18
Movistar,5.5555,-74.6256,UMTS,1,1,2025-11-04
Movistar,5.5633,-73.3326,UMTS,1,1,2026-06-17
Movistar,5.5636,-73.3324,UMTS,1,1,2026-06-16
Movistar,5.5661,-73.3297,UMTS,1,2,2026-06-18
Movistar,5.5669,-73.331,UMTS,1,1,2026-06-17
Movistar,5.5694,-73.3297,UMTS,1,1,2026-06-16
Movistar,5.5704,-74.6246,UMTS,1,1,2025-11-14
Movistar,5.5717,-73.3288,UMTS,1,1,2026-06-17
Movistar,5.5935,-73.3212,UMTS,1,1,2026-06-16
Movistar,5.59715,-73.32135,UMTS,2,2,2026-06-17
Movistar,5.6039,-74.62165,UMTS,2,2,2025-09-05
Movistar,5.6106,-73.3119,UMTS,1,2,2026-06-18
Movistar,5.6174,-73.3159,UMTS,1,2,2026-06-18
Movistar,5.6191,-73.3128,UMTS,1,1,2026-06-16
Movistar,5.6393,-73.2934,UMTS,1,2,2026-06-18
Movistar,5.6466,-73.2867,UMTS,1,1,2026-06-17
Movistar,5.6644,-73.2743,UMTS,2,4,2026-06-18
Movistar,5.67,-73.2697,UMTS,1,1,2026-06-16
Movistar,5.672,-73.2678,UMTS,1,2,2026-06-18
Movistar,5.678,-73.2693,UMTS,1,2,2026-06-18
Movistar,5.6831,-74.6114,UMTS,1,1,2025-07-21
Movistar,5.6925,-73.2489,UMTS,1,2,2026-06-18
Movistar,5.70305,-73.24265,UMTS,2,4,2026-06-18
Movistar,5.7066,-73.2421,UMTS,1,2,2026-06-18
Movistar,5.711,-74.6236,UMTS,1,5,2025-05-06
Movistar,5.7128,-73.2352,UMTS,1,1,2026-06-16
Movistar,5.7205,-73.225,UMTS,1,2,2026-06-18
Movistar,5.7249,-74.623,UMTS,1,1,2025-11-14
Movistar,5.7292,-72.8499,UMTS,1,2,2026-06-18
Movistar,5.737,-72.8505,UMTS,1,2,2026-06-18
Movistar,5.7414,-73.1987,UMTS,1,2,2026-06-18
Movistar,5.7429,-73.1934,UMTS,1,2,2026-06-18
Movistar,5.7494,-72.952,UMTS,1,1,2026-06-17
Movistar,5.7492,-72.949,UMTS,1,1,2026-06-16
Movistar,5.7517,-73.1789,UMTS,1,2,2026-06-18
Movistar,5.7505,-72.9589,UMTS,1,2,2026-06-18
Movistar,5.7498,-72.9542,UMTS,1,2,2026-06-18
Movistar,5.7503,-72.9444,UMTS,1,1,2026-06-16
Movistar,5.7511,-72.9431,UMTS,1,2,2026-06-18
Movistar,5.7549,-73.1709,UMTS,1,2,2026-06-18
Movistar,5.7543,-72.9374,UMTS,1,1,2026-06-17
Movistar,5.7538,-72.8505,UMTS,1,2,2026-06-18
Movistar,5.7557,-75.6356,LTE,1,1,2025-04-26
Movistar,5.7576,-72.9677,UMTS,1,2,2026-06-18
Movistar,5.7584,-72.8887,UMTS,1,1,2026-06-16
Movistar,5.7596,-73.1632,UMTS,1,2,2026-06-18
Movistar,5.7589,-72.9684,UMTS,1,1,2026-06-16
Movistar,5.7603,-72.90633,UMTS,2,3,2026-06-18
Movistar,5.7591,-72.896,UMTS,1,2,2026-06-18
Movistar,5.75973,-72.88883,UMTS,2,3,2026-06-18
Movistar,5.7623,-72.917,UMTS,1,2,2026-06-18
Movistar,5.76275,-72.91475,UMTS,2,2,2026-06-17
Movistar,5.7627,-72.9089,UMTS,2,2,2026-06-16
Movistar,5.764,-72.8553,UMTS,1,2,2026-06-18
Movistar,5.7656,-72.8726,UMTS,1,2,2026-06-18
Movistar,5.7702,-72.8619,UMTS,1,2,2026-06-18
Movistar,5.7706,-73.146,UMTS,1,1,2026-06-17
Movistar,5.773,-72.8576,UMTS,1,1,2026-06-16
Movistar,5.7706,-72.8532,UMTS,1,2,2026-06-18
Movistar,5.7756,-73.126,UMTS,1,2,2026-06-18
Movistar,5.7759,-72.9754,UMTS,1,1,2026-06-16
Movistar,5.7771,-73.1331,UMTS,1,1,2026-06-16
Movistar,5.7777,-73.131,UMTS,1,2,2026-06-18
Movistar,5.7788,-73.1098,UMTS,1,1,2026-06-17
Movistar,5.7792,-73.0992,UMTS,1,1,2026-06-16
Movistar,5.7799,-73.127,UMTS,1,2,2026-06-18
Movistar,5.7802,-73.125,UMTS,1,1,2026-06-17
Movistar,5.7809,-73.11385,UMTS,2,2,2026-06-17
Movistar,5.7809,-73.1111,UMTS,1,2,2026-06-18
Movistar,5.7824,-73.1013,UMTS,1,2,2026-06-18
Movistar,5.7834,-73.1182,UMTS,1,1,2026-06-16
Movistar,5.7838,-73.094,UMTS,1,2,2026-06-18
Movistar,5.7859,-73.0867,UMTS,1,1,2026-06-17
Movistar,5.7869,-72.9883,UMTS,1,2,2026-06-18
Movistar,5.7887,-73.0732,UMTS,1,2,2026-06-18
Movistar,5.7893,-73.0645,UMTS,1,1,2026-06-17
Movistar,5.7895,-73.0629,UMTS,1,1,2026-06-17
Movistar,5.7936,-73.0468,UMTS,1,2,2026-06-18
Movistar,5.7972,-73.0473,UMTS,1,2,2026-06-18
Movistar,5.8031,-73.0381,UMTS,1,2,2026-06-18
Movistar,5.8017,-73.0036,UMTS,1,2,2026-06-18
Movistar,5.8064,-73.0307,UMTS,1,1,2026-06-17
Movistar,5.80647,-73.03037,UMTS,2,3,2026-06-18
Movistar,5.8087,-73.02023,UMTS,2,3,2026-06-18
Movistar,5.8075,-73.0107,UMTS,1,2,2026-06-18
Movistar,5.8096,-73.0163,UMTS,1,1,2026-06-17
Movistar,5.8367,-74.5777,UMTS,1,2,2025-09-03
Movistar,5.84775,-74.58183,UMTS,2,4,2025-06-28
Movistar,5.8572,-74.5912,UMTS,1,2,2025-06-04
Movistar,5.858,-75.7492,LTE,1,1,2025-04-26
Movistar,5.8863,-74.5716,UMTS,1,1,2026-03-18
Movistar,5.8974,-74.7374,UMTS,1,1,2025-05-30
Movistar,5.9318,-74.5689,UMTS,1,2,2025-07-22
Movistar,6.0003,-75.0199,UMTS,1,1,2026-04-23
Movistar,6.0196,-75.767,LTE,1,1,2025-04-26
Movistar,6.0452,-75.6663,LTE,1,1,2025-04-26
Movistar,6.0515,-75.661,LTE,1,1,2025-04-26
Movistar,6.0922,-73.3826,UMTS,1,1,2025-09-17
Movistar,6.1055,-74.5541,UMTS,1,1,2025-07-21
Movistar,6.1334,-75.6313,LTE,1,1,2025-04-26
Movistar,6.1574,-75.6223,LTE,1,1,2025-04-24
Movistar,6.1573,-75.6168,LTE,1,1,2025-04-24
Movistar,6.1568,-74.5685,UMTS,1,1,2025-09-07
Movistar,6.1563,-73.4468,LTE,1,1,2026-01-12
Movistar,6.1721,-75.5638,LTE,1,1,2026-02-05
Movistar,6.17295,-75.56615,LTE,2,2,2026-08-18
Movistar,6.1764,-75.56115,UMTS,2,2,2025-10-08
Movistar,6.1801,-75.5719,LTE,1,1,2026-08-16
Movistar,6.191,-75.5966,UMTS,1,1,2026-04-22
Movistar,6.193,-75.5757,LTE,1,1,2025-04-24
Movistar,6.2136,-75.55815,LTE,2,2,2025-08-03
Movistar,6.2186,-74.5511,UMTS,1,1,2025-06-22
Movistar,6.224,-75.5551,UMTS,1,2,2026-04-21
Movistar,6.2413,-75.5712,UMTS,1,1,2025-11-10
Movistar,6.2649,-73.3004,UMTS,1,1,2025-09-17
Movistar,6.2849,-75.6105,UMTS,1,1,2026-02-04
Movistar,6.2878,-74.4617,UMTS,1,2,2025-05-06
Movistar,6.2922,-75.612,UMTS,1,1,2025-09-17
Movistar,6.2931,-74.4577,UMTS,1,1,2025-11-04
Movistar,6.3009,-74.4523,UMTS,1,1,2025-11-06
Movistar,6.3038,-74.4515,UMTS,1,5,2025-07-24
Movistar,6.3191,-75.60015,UMTS,2,2,2025-06-18
Movistar,6.3196,-74.4411,UMTS,1,1,2026-06-11
Movistar,6.3241,-75.5959,UMTS,1,1,2025-05-22
Movistar,6.32755,-75.5974,UMTS,2,4,2025-11-07
Movistar,6.3312,-75.59775,UMTS,2,2,2026-05-21
Movistar,6.344,-74.43,UMTS,1,4,2025-11-05
Movistar,6.3603,-74.4206,UMTS,1,4,2025-11-05
Movistar,6.37195,-74.41215,UMTS,2,2,2026-06-11
Movistar,6.3761,-74.4017,UMTS,1,2,2025-09-04
Movistar,6.3782,-74.3934,UMTS,1,2,2025-05-20
Movistar,6.3959,-74.3641,UMTS,1,1,2025-06-05
Movistar,6.4115,-74.3441,UMTS,1,1,2026-06-11
Movistar,6.4124,-74.3399,UMTS,1,3,2025-07-24
Movistar,6.4206,-74.3303,UMTS,1,9,2025-11-08
Movistar,6.4212,-74.328,UMTS,1,2,2025-11-08
Movistar,6.4233,-75.3764,UMTS,1,1,2025-09-16
Movistar,6.43407,-74.31777,UMTS,2,6,2025-11-05
Movistar,6.4368,-74.3172,UMTS,1,2,2026-07-17
Movistar,6.4481,-74.3039,UMTS,1,1,2025-05-05
Movistar,6.4674,-74.2819,UMTS,1,1,2026-06-11
Movistar,6.4844,-75.0184,UMTS,1,1,2025-06-17
Movistar,6.4829,-74.6051,UMTS,1,2,2025-08-12
Movistar,6.491,-74.2986,UMTS,1,1,2025-06-03
Movistar,6.4943,-74.1709,UMTS,1,1,2026-02-01
Movistar,6.4966,-74.7408,UMTS,1,1,2025-06-16
Movistar,6.5164,-74.1189,UMTS,1,1,2025-09-02
Movistar,6.5187,-75.0011,UMTS,1,4,2025-08-13
Movistar,6.5187,-74.9961,UMTS,1,1,2026-05-21
Movistar,6.5188,-74.103,LTE,1,1,2025-08-29
Movistar,6.5215,-74.0967,UMTS,1,1,2025-05-28
Movistar,6.524,-74.0828,UMTS,1,1,2026-01-28
Movistar,6.5325,-75.4033,UMTS,1,2,2025-05-21
Movistar,6.5363,-75.0752,UMTS,1,1,2025-05-20
Movistar,6.5418,-74.0648,UMTS,1,1,2025-06-22
Movistar,6.5488,-74.0579,UMTS,1,1,2026-01-28
Movistar,6.5664,-75.5424,UMTS,1,1,2026-03-11
Movistar,6.5675,-75.51795,UMTS,2,2,2026-02-04
Movistar,6.6305,-73.9681,UMTS,1,1,2025-08-28
Movistar,6.6332,-73.9651,LTE,1,1,2025-08-14
Movistar,6.64713,-73.95127,LTE,3,3,2025-12-20
Movistar,6.6503,-73.9497,LTE,1,1,2025-08-08
Movistar,6.6534,-73.9448,LTE,1,1,2025-09-12
Movistar,6.6653,-73.9337,LTE,1,1,2025-08-29
Movistar,6.7209,-73.0183,UMTS,1,1,2025-09-17
Movistar,6.7354,-73.8624,UMTS,1,1,2025-05-02
Movistar,6.742,-75.4871,UMTS,1,4,2025-05-21
Movistar,6.8261,-73.7848,UMTS,1,1,2026-07-19
Movistar,6.8517,-73.7725,LTE,1,1,2025-08-13
Movistar,6.8692,-73.7596,LTE,1,1,2025-08-08
Movistar,6.8841,-73.7523,LTE,1,1,2025-08-01
Movistar,6.8936,-75.4408,UMTS,1,1,2025-05-20
Movistar,6.9082,-73.737,LTE,1,1,2025-12-20
Movistar,6.9469,-73.7086,UMTS,1,1,2026-04-16
Movistar,6.9828,-73.6952,UMTS,1,1,2026-07-02
Movistar,6.9862,-73.6937,LTE,1,1,2025-08-08
Movistar,7.0029,-73.0559,UMTS,1,1,2025-09-17
Movistar,7.0067,-73.6814,LTE,1,1,2025-09-12
Movistar,7.0492,-73.836,UMTS,1,1,2025-06-05
Movistar,7.0562,-73.8212,UMTS,1,1,2025-07-10
Movistar,7.0591,-73.8573,UMTS,1,1,2025-06-14
Movistar,7.0662,-73.8639,UMTS,1,1,2025-05-03
Movistar,7.0664,-73.858,UMTS,1,1,2025-05-06
Movistar,7.0647,-73.0968,UMTS,1,1,2025-09-17
Movistar,7.0675,-73.8629,UMTS,1,1,2025-05-14
Movistar,7.0721,-73.1648,LTE,2,2,2026-01-31
Movistar,7.0877,-73.6341,LTE,1,1,2025-08-13
Movistar,7.1227,-73.5918,LTE,1,1,2025-08-01
Movistar,7.1226,-73.5888,UMTS,1,1,2026-01-15
Movistar,7.1242,-73.586,UMTS,1,1,2026-02-13
Movistar,7.1283,-73.5708,UMTS,1,1,2026-02-13
Movistar,7.1311,-73.5647,UMTS,1,1,2025-05-27
Movistar,7.1353,-73.5537,UMTS,1,1,2025-05-01
Movistar,7.1343,-73.5428,UMTS,1,1,2025-08-28
Movistar,7.1368,-73.123,LTE,1,2,2025-11-20
Movistar,7.2147,-73.5554,UMTS,1,1,2026-01-15
Movistar,7.2874,-73.5632,LTE,1,1,2025-08-29
Movistar,7.3815,-73.5468,LTE,1,1,2025-08-08
Movistar,7.3874,-73.5472,UMTS,1,1,2026-06-03
Movistar,7.3928,-73.5474,UMTS,1,1,2025-12-30
Movistar,7.3989,-73.5479,LTE,2,2,2025-08-01
Movistar,7.5076,-73.5584,UMTS,1,1,2026-03-01
Movistar,7.5176,-73.5593,UMTS,1,1,2025-07-20
Movistar,7.5206,-73.5606,LTE,1,1,2025-11-24
Movistar,7.5541,-73.5723,LTE,1,1,2025-08-29
Movistar,7.5823,-73.5576,UMTS,1,1,2025-07-10
Movistar,7.7545,-73.3976,UMTS,1,1,2026-01-28
Movistar,7.7557,-73.3857,UMTS,1,1,2026-01-28
Movistar,7.7634,-73.3957,UMTS,1,1,2025-08-28
Movistar,7.764,-73.3925,UMTS,1,1,2026-01-28
Movistar,7.9693,-73.5656,UMTS,1,1,2026-02-04
Movistar,8.0013,-73.5193,UMTS,1,1,2025-10-15
Movistar,8.0045,-73.5142,UMTS,1,1,2026-01-15
Movistar,8.303,-75.5312,UMTS,1,1,2025-12-27
Movistar,8.307,-73.6022,LTE,1,1,2025-08-29
Movistar,8.3105,-73.6048,LTE,1,1,2025-08-11
Movistar,8.3146,-73.5963,UMTS,1,1,2026-04-16
Movistar,8.3213,-73.5908,UMTS,1,1,2026-03-07
Movistar,8.536,-73.6389,UMTS,1,1,2025-05-01
Movistar,8.5465,-75.6904,UMTS,1,1,2025-12-27
Movistar,8.6135,-73.6361,UMTS,1,1,2025-07-10
Movistar,8.6736,-73.6566,UMTS,1,1,2025-06-22
Movistar,8.6759,-73.6574,LTE,1,1,2025-08-08
Movistar,8.6906,-73.6649,LTE,1,1,2026-09-23
Movistar,8.6897,-73.6609,UMTS,1,1,2026-06-10
Movistar,8.6946,-73.6679,UMTS,1,1,2025-12-18
Movistar,8.8754,-73.7029,UMTS,1,1,2025-05-01
Movistar,8.9406,-73.6317,UMTS,1,1,2025-05-01
Movistar,8.9646,-73.6253,LTE,1,1,2025-08-08
Movistar,9.1909,-73.5794,UMTS,1,1,2026-02-01
Movistar,9.2023,-73.5442,LTE,1,1,2025-08-08
Movistar,9.2274,-74.3473,UMTS,1,1,2025-07-11
Movistar,9.233,-74.4207,UMTS,1,1,2025-07-11
Movistar,9.2487,-74.7605,UMTS,1,1,2025-07-11
Movistar,9.6008,-73.5969,LTE,1,1,2025-08-29
Movistar,9.6032,-75.1776,UMTS,1,1,2026-02-13
Movistar,9.6111,-73.612,UMTS,1,1,2026-02-12
Movistar,9.6166,-73.5993,UMTS,1,1,2025-04-12
Movistar,9.6376,-73.6391,UMTS,1,1,2026-03-07
Movistar,9.6987,-75.1165,UMTS,1,1,2025-05-01
Movistar,9.7157,-75.1071,LTE,1,1,2025-08-07
Movistar,9.7236,-73.6972,UMTS,1,1,2025-08-28
Movistar,9.7277,-73.7006,UMTS,1,1,2026-01-15
Movistar,9.7306,-73.7021,LTE,1,1,2025-08-08
Movistar,9.7345,-73.7139,UMTS,1,1,2025-10-15
Movistar,9.742,-73.7109,UMTS,1,1,2026-01-15
Movistar,9.7491,-74.836,UMTS,1,1,2025-06-22
Movistar,9.7938,-74.7998,LTE,1,1,2025-08-07
Movistar,9.8495,-74.2367,LTE,1,1,2025-08-28
Movistar,9.9064,-74.103,LTE,1,1,2025-08-28
Movistar,9.9511,-75.0843,UMTS,1,1,2025-07-11
Movistar,9.9641,-73.8811,LTE,1,1,2025-08-07
Movistar,9.9725,-73.891,LTE,1,1,2025-08-07
Movistar,9.98405,-73.89555,LTE,2,2,2026-09-23
Movistar,10.3292,-75.4903,UMTS,1,1,2025-04-25
Movistar,10.34165,-75.48595,UMTS,2,2,2026-08-27
Movistar,10.3551,-75.5356,UMTS,1,1,2025-07-24
Movistar,10.3654,-75.5528,UMTS,1,1,2026-01-08
Movistar,10.3649,-75.5066,UMTS,1,1,2025-08-08
Movistar,10.37,-75.5037,UMTS,1,1,2025-04-25
Movistar,10.374,-75.5055,UMTS,1,1,2025-07-23
Movistar,10.37735,-75.5042,LTE,2,2,2025-11-21
Movistar,10.3803,-75.50415,LTE,2,2,2026-03-03
Movistar,10.3808,-75.4941,UMTS,1,1,2025-04-23
Movistar,10.383,-75.5071,UMTS,1,1,2025-05-19
Movistar,10.3817,-75.50535,LTE,2,2,2026-07-25
Movistar,10.3866,-75.5244,UMTS,1,1,2026-07-10
Movistar,10.3851,-75.5063,UMTS,1,1,2025-08-25
Movistar,10.389,-75.5053,UMTS,1,1,2025-08-13
Movistar,10.3906,-75.5353,UMTS,1,1,2025-07-02
Movistar,10.3911,-75.527,UMTS,1,1,2025-11-29
Movistar,10.3946,-75.5294,UMTS,1,1,2025-07-15
Movistar,10.3958,-75.5216,UMTS,1,1,2026-05-21
Movistar,10.3962,-75.4971,UMTS,1,1,2026-07-04
Movistar,10.3975,-75.5222,UMTS,1,1,2025-08-26
Movistar,10.4016,-75.5531,UMTS,1,1,2025-07-26
Movistar,10.4013,-75.54,UMTS,1,1,2025-08-13
Movistar,10.4053,-73.6637,LTE,1,1,2026-01-08
Movistar,10.4071,-75.5395,UMTS,1,1,2025-04-11
Movistar,10.4058,-75.523,UMTS,1,1,2025-12-06
Movistar,10.408,-75.50993,LTE,4,6,2026-09-12
Movistar,10.407,-75.5067,LTE,1,7,2026-09-12
Movistar,10.40721,-75.50475,LTE,5,30,2026-09-12
Movistar,10.40902,-75.53653,UMTS,4,4,2026-07-01
Movistar,10.4106,-75.534,UMTS,1,1,2025-07-16
Movistar,10.4093,-75.5314,UMTS,1,1,2025-07-15
Movistar,10.4088,-75.5282,UMTS,1,1,2025-06-13
Movistar,10.4103,-75.518,LTE,1,7,2026-09-12
Movistar,10.4092,-75.5159,LTE,3,6,2026-09-12
Movistar,10.40872,-75.5125,LTE,2,12,2026-09-12
Movistar,10.4139,-75.5271,UMTS,1,1,2025-07-23
Movistar,10.4141,-75.5243,LTE,1,2,2026-09-12
Movistar,10.41285,-75.52234,LTE,5,13,2026-09-12
Movistar,10.4116,-75.5202,LTE,1,3,2026-09-12
Movistar,10.41713,-75.52817,LTE,2,9,2026-09-12
Movistar,10.415,-75.5258,LTE,1,4,2026-09-12
Movistar,10.41974,-75.53042,LTE,2,9,2026-09-12
Movistar,10.42274,-75.53284,LTE,2,7,2026-09-12
Movistar,10.4215,-75.5321,LTE,2,5,2026-09-12
Movistar,10.4241,-75.5326,LTE,1,4,2026-09-12
Movistar,10.4247,-75.532,LTE,1,4,2026-09-12
Movistar,10.4283,-75.5332,LTE,4,15,2026-09-12
Movistar,10.4306,-75.53365,LTE,6,14,2026-09-12
Movistar,10.4338,-75.5305,LTE,1,4,2026-09-12
Movistar,10.4415,-75.5254,LTE,1,2,2026-09-12
Movistar,10.4416,-75.5159,UMTS,1,1,2026-05-10
Movistar,10.44587,-75.52126,LTE,3,14,2026-09-24
Movistar,10.4473,-75.52,LTE,1,6,2026-09-12
Movistar,10.4451,-75.5158,UMTS,1,1,2026-05-10
Movistar,10.44958,-75.51686,LTE,2,20,2026-09-24
Movistar,10.45061,-75.51611,LTE,11,36,2026-09-24
Movistar,10.5049,-74.1676,UMTS,1,1,2025-10-16
Movistar,10.8913,-74.7816,UMTS,1,1,2025-04-14
Movistar,10.9047,-74.7718,UMTS,1,1,2025-04-14
Movistar,10.9452,-74.7795,LTE,1,1,2025-12-20
Movistar,10.9566,-74.7679,UMTS,1,1,2025-12-18
Movistar,10.9635,-74.7456,UMTS,1,1,2026-01-27
Movistar,10.9684,-74.7633,UMTS,1,1,2025-12-16
Movistar,10.9736,-74.7331,LTE,1,11,2026-06-19
Movistar,10.9822,-74.7221,LTE,1,38,2026-06-19
Movistar,11.0041,-74.78605,UMTS,2,2,2025-12-11
Movistar,11.0067,-74.7906,UMTS,1,1,2025-08-29
Movistar,11.199,-74.2014,UMTS,1,1,2025-04-14
Movistar,11.1979,-74.1902,UMTS,1,1,2025-08-29
Movistar,11.1989,-74.1881,UMTS,1,1,2025-12-11
Movistar,11.2022,-74.1844,UMTS,1,1,2025-04-14
Movistar,11.2151,-74.1623,UMTS,1,1,2025-10-28
Movistar,11.2388,-74.1726,UMTS,1,1,2025-04-07
Movistar,11.2423,-74.1896,UMTS,1,1,2025-04-05
Movistar,11.2398,-74.1859,UMTS,1,1,2026-07-03
Movistar,11.2405,-74.1792,UMTS,1,1,2025-04-14
Movistar,11.2405,-74.1706,UMTS,1,1,2026-06-15
Movistar,11.2448,-74.2128,UMTS,1,1,2025-04-13
Movistar,11.244,-74.2071,UMTS,1,1,2025-10-17
Movistar,11.2479,-74.2128,UMTS,1,1,2025-04-03
Movistar,11.2468,-74.1947,UMTS,1,1,2026-07-03
Movistar,11.2519,-74.205,UMTS,2,2,2025-08-01
Movistar,11.2535,-74.1976,UMTS,1,1,2025-08-07
Tigo,1.4931,-77.3057,LTE,1,1,2025-04-22
Tigo,1.5136,-77.3265,LTE,1,1,2025-04-22
Tigo,1.5358,-77.3668,LTE,1,1,2025-04-22
Tigo,1.9424,-77.1448,LTE,1,1,2025-04-28
Tigo,1.9672,-77.1176,LTE,1,1,2025-04-28
Tigo,2.179,-76.8828,LTE,1,1,2025-04-22
Tigo,2.2361,-76.7762,LTE,1,1,2025-04-22
Tigo,2.272,-76.7274,LTE,1,1,2025-04-22
Tigo,2.4077,-76.6409,LTE,1,1,2025-04-22
Tigo,2.4286,-76.6212,LTE,1,1,2025-04-22
Tigo,2.4386,-76.607,LTE,1,1,2025-04-22
Tigo,2.4407,-76.6076,LTE,1,2,2025-04-24
Tigo,2.4769,-76.5586,LTE,1,1,2025-04-16
Tigo,2.4811,-76.5742,LTE,1,1,2025-04-23
Tigo,2.5084,-76.5474,LTE,1,1,2025-04-23
Tigo,2.5843,-76.5401,LTE,1,1,2025-04-23
Tigo,2.64,-76.5337,LTE,1,1,2025-04-23
Tigo,2.6449,-76.5338,LTE,1,1,2025-05-18
Tigo,2.7288,-76.5452,LTE,1,1,2025-04-23
Tigo,2.799,-76.5534,LTE,1,1,2025-04-23
Tigo,3.1813,-76.4744,UMTS,1,1,2025-08-13
Tigo,3.1902,-76.4794,UMTS,1,3,2025-08-26
Tigo,3.2134,-76.4986,UMTS,1,1,2025-08-25
Tigo,3.2625,-76.5322,UMTS,1,1,2025-04-30
Tigo,3.2688,-76.5328,UMTS,1,1,2025-04-30
Tigo,3.2751,-76.5124,UMTS,1,7,2025-05-02
Tigo,3.2853,-76.4975,UMTS,1,1,2025-07-09
Tigo,3.2884,-76.5052,UMTS,1,2,2025-08-02
Tigo,3.28834,-76.50293,UMTS,3,7,2025-08-02
Tigo,3.28815,-76.4992,UMTS,2,2,2025-06-26
Tigo,3.2935,-76.5102,UMTS,1,4,2025-05-03
Tigo,3.2983,-76.5218,UMTS,1,5,2025-05-02
Tigo,3.3165,-76.5222,UMTS,1,3,2025-05-11
Tigo,3.3223,-76.5224,UMTS,1,1,2025-04-30
Tigo,3.329,-76.5225,UMTS,2,2,2025-05-10
Tigo,3.3367,-76.5132,UMTS,1,1,2025-06-18
Tigo,3.3545,-76.3542,UMTS,1,2,2025-07-10
Tigo,3.3544,-75.2156,UMTS,2,2,2026-04-13
Tigo,3.358,-76.3537,UMTS,1,1,2025-09-16
Tigo,3.3636,-76.3532,UMTS,1,3,2025-06-25
Tigo,3.3656,-76.3528,UMTS,1,1,2025-06-21
Tigo,3.3734,-76.5248,UMTS,1,1,2025-05-23
Tigo,3.3786,-76.5247,UMTS,1,1,2025-05-13
Tigo,3.3878,-76.5244,UMTS,2,2,2025-05-10
Tigo,3.3927,-75.2038,UMTS,1,1,2026-04-13
Tigo,3.4042,-76.398,UMTS,1,2,2025-09-17
Tigo,3.4065,-76.4041,UMTS,1,1,2025-09-16
Tigo,3.4268,-76.5308,LTE,1,6,2026-06-11
Tigo,3.4398,-76.4926,UMTS,1,1,2025-05-23
Tigo,3.442,-76.4609,UMTS,1,2,2025-08-24
Tigo,3.4505,-76.4775,UMTS,1,1,2025-09-04
Tigo,3.4664,-76.4844,UMTS,1,2,2025-07-16
Tigo,3.4674,-76.4848,UMTS,1,1,2025-07-15
Tigo,3.4769,-76.4883,UMTS,3,3,2025-08-23
Tigo,3.4811,-76.489,UMTS,1,1,2025-06-04
Tigo,3.4869,-76.327,UMTS,2,2,2025-07-15
Tigo,3.4927,-76.4837,UMTS,2,2,2025-08-05
Tigo,3.4934,-76.4775,UMTS,1,1,2025-07-03
Tigo,3.4972,-76.4595,UMTS,1,1,2025-06-20
Tigo,3.4992,-76.3308,UMTS,1,2,2025-08-28
Tigo,3.5131,-76.337,UMTS,1,1,2025-07-09
Tigo,3.5146,-76.3401,UMTS,1,3,2025-08-28
Tigo,3.5157,-76.3378,UMTS,1,1,2025-07-09
Tigo,3.5184,-76.3648,UMTS,1,1,2025-08-20
Tigo,3.5226,-76.4983,UMTS,1,1,2025-06-04
Tigo,3.5232,-76.3769,UMTS,1,2,2025-08-06
Tigo,3.5248,-76.3377,UMTS,1,1,2025-05-23
Tigo,3.52684,-76.39124,UMTS,4,5,2025-08-06
Tigo,3.5267,-76.3276,UMTS,1,1,2025-05-26
Tigo,3.5463,-76.49,UMTS,1,1,2025-04-29
Tigo,3.5492,-76.4857,UMTS,1,2,2025-04-30
Tigo,3.5492,-76.4518,UMTS,1,4,2025-05-15
Tigo,3.5561,-76.4905,UMTS,1,2,2025-05-15
Tigo,3.5558,-76.4687,UMTS,1,5,2025-05-15
Tigo,3.555,-76.4228,UMTS,1,1,2025-04-25
Tigo,3.5559,-75.1258,UMTS,1,1,2026-04-16
Tigo,3.5594,-76.446,UMTS,1,2,2025-07-04
Tigo,3.5586,-76.435,UMTS,1,6,2025-07-04
Tigo,3.5614,-76.4457,UMTS,1,2,2026-02-13
Tigo,3.5622,-76.4371,UMTS,1,1,2025-04-11
Tigo,3.5781,-76.4862,UMTS,1,1,2025-04-28
Tigo,3.6003,-76.4322,UMTS,1,1,2025-06-09
Tigo,3.6045,-76.4808,UMTS,1,6,2025-07-06
Tigo,3.6153,-76.494,UMTS,1,1,2025-05-02
Tigo,3.6148,-76.4906,UMTS,1,6,2025-07-25
Tigo,3.61407,-76.48737,UMTS,2,4,2025-08-22
Tigo,3.61385,-76.485,UMTS,13,49,2025-10-21
Tigo,3.6141,-76.4834,UMTS,1,22,2025-08-02
Tigo,3.61393,-76.47583,UMTS,2,21,2025-10-21
Tigo,3.6144,-76.4742,UMTS,1,15,2025-10-21
Tigo,3.6156,-76.4655,UMTS,1,13,2025-08-02
Tigo,3.693,-75.0836,UMTS,1,1,2026-04-13
Tigo,3.732,-75.4464,UMTS,1,1,2026-01-29
Tigo,3.732,-75.4452,UMTS,1,1,2026-03-12
Tigo,3.8538,-75.0539,UMTS,1,1,2026-04-16
Tigo,3.8918,-77.0728,LTE,1,1,2026-08-01
Tigo,3.8943,-77.0789,LTE,1,1,2025-09-06
Tigo,3.8933,-77.074,LTE,1,1,2025-08-22
Tigo,3.8952,-77.0243,UMTS,1,1,2026-02-07
Tigo,3.9055,-76.3006,LTE,1,1,2026-04-10
Tigo,4.0986,-74.4627,LTE,1,9,2025-06-17
Tigo,4.1063,-74.4643,UMTS,1,4,2025-06-17
Tigo,4.1131,-74.4674,LTE,1,20,2025-06-17
Tigo,4.1166,-74.4705,LTE,1,5,2025-06-17
Tigo,4.1167,-74.4678,LTE,1,6,2025-06-17
Tigo,4.1255,-74.4689,LTE,1,2,2025-06-17
Tigo,4.1319,-74.4675,LTE,1,16,2025-06-17
Tigo,4.13403,-74.46659,LTE,6,28,2025-06-17
Tigo,4.161,-74.486,LTE,1,15,2025-06-27
Tigo,4.1778,-74.9376,UMTS,1,1,2025-12-03
Tigo,4.2053,-74.6523,LTE,1,10,2025-06-27
Tigo,4.2058,-74.5035,UMTS,1,29,2025-06-17
Tigo,4.2082,-74.647,LTE,1,18,2025-06-27
Tigo,4.2144,-74.9536,UMTS,1,1,2026-04-23
Tigo,4.2164,-74.9453,UMTS,1,1,2026-02-13
Tigo,4.2138,-74.6755,LTE,1,50,2025-06-27
Tigo,4.2147,-74.6414,LTE,1,14,2025-06-27
Tigo,4.217,-74.6881,LTE,1,10,2025-06-27
Tigo,4.2212,-74.6356,LTE,1,8,2025-06-27
Tigo,4.2268,-74.7025,LTE,1,18,2025-06-27
Tigo,4.22867,-74.62196,LTE,2,23,2026-04-23
Tigo,4.2344,-74.6219,UMTS,1,14,2025-04-10
Tigo,4.242,-75.2399,LTE,1,2,2026-01-04
Tigo,4.2482,-74.7352,LTE,1,5,2025-06-27
Tigo,4.2513,-74.6133,LTE,1,7,2025-06-27
Tigo,4.2542,-74.8478,UMTS,1,1,2026-04-10
Tigo,4.2546,-74.608,UMTS,1,1,2025-12-04
Tigo,4.2554,-74.5316,LTE,1,22,2025-06-27
Tigo,4.25644,-74.60237,LTE,2,51,2026-04-10
Tigo,4.2581,-74.5294,LTE,1,11,2025-06-27
Tigo,4.2608,-74.7484,LTE,1,14,2025-06-27
Tigo,4.2606,-74.5949,UMTS,1,23,2025-11-25
Tigo,4.26019,-74.53425,LTE,2,22,2025-06-27
Tigo,4.2625,-74.7491,LTE,1,8,2025-06-27
Tigo,4.2625,-74.554,UMTS,1,20,2025-11-25
Tigo,4.26477,-74.58917,LTE,2,18,2026-04-21
Tigo,4.267,-74.5786,LTE,1,14,2025-06-27
Tigo,4.2687,-74.7531,LTE,1,8,2025-06-27
Tigo,4.2691,-74.5723,LTE,1,17,2025-06-27
Tigo,4.2709,-74.7544,LTE,1,3,2025-06-27
Tigo,4.2715,-74.5646,LTE,1,7,2025-06-27
Tigo,4.2751,-74.7584,LTE,1,24,2025-06-27
Tigo,4.2824,-74.7685,LTE,1,4,2025-06-27
Tigo,4.2799,-74.7652,LTE,1,14,2025-06-27
Tigo,4.2841,-74.7716,LTE,1,12,2025-06-27
Tigo,4.2838,-74.4749,LTE,1,5,2025-06-27
Tigo,4.2846,-74.4735,LTE,1,7,2025-06-27
Tigo,4.2877,-74.7774,LTE,1,3,2025-06-28
Tigo,4.2862,-74.7747,LTE,1,5,2025-06-27
Tigo,4.2908,-74.7796,LTE,1,12,2025-06-27
Tigo,4.2931,-74.7822,LTE,1,10,2025-06-27
Tigo,4.29487,-74.78629,LTE,2,7,2025-06-27
Tigo,4.29894,-74.8052,LTE,10,29,2025-06-27
Tigo,4.2986,-74.7915,LTE,1,25,2025-06-27
Tigo,4.30201,-74.80472,LTE,3,20,2025-06-27
Tigo,4.3022,-74.7995,LTE,1,12,2025-06-28
Tigo,4.301,-74.7967,LTE,1,7,2025-06-27
Tigo,4.3031,-74.4485,LTE,1,6,2025-06-27
Tigo,4.30412,-74.80253,LTE,2,8,2025-06-27
Tigo,4.30385,-74.4479,LTE,2,2,2025-06-26
Tigo,4.30564,-74.4456,LTE,2,24,2025-06-27
Tigo,4.3077,-74.7979,LTE,4,8,2025-06-28
Tigo,4.312,-74.438,LTE,1,10,2025-06-27
Tigo,4.3128,-74.437,LTE,1,27,2025-06-27
Tigo,4.3183,-74.4308,LTE,1,6,2025-06-27
Tigo,4.316,-74.3947,UMTS,1,1,2026-05-09
Tigo,4.3293,-74.4193,LTE,1,11,2025-06-27
Tigo,4.336,-74.4179,LTE,1,6,2025-06-27
Tigo,4.34102,-74.40907,LTE,2,18,2025-06-27
Tigo,4.3408,-74.3629,UMTS,1,1,2025-10-17
Tigo,4.343,-74.405,LTE,1,4,2025-06-27
Tigo,4.3436,-74.4033,LTE,1,18,2025-06-27
Tigo,4.3445,-74.3923,LTE,1,32,2025-06-27
Tigo,4.3445,-74.3781,LTE,1,16,2025-06-27
Tigo,4.34391,-74.37634,LTE,2,8,2025-06-27
Tigo,4.34805,-74.38785,LTE,3,90,2025-06-27
Tigo,4.3476,-74.3816,LTE,1,35,2025-06-27
Tigo,4.3481,-74.3785,LTE,1,11,2025-06-27
Tigo,4.35163,-74.37998,LTE,2,8,2025-06-27
Tigo,4.3546,-74.3764,LTE,1,20,2025-06-27
Tigo,4.3684,-74.3837,LTE,1,6,2025-06-27
Tigo,4.37102,-74.38585,LTE,2,22,2025-06-27
Tigo,4.3745,-74.3877,LTE,1,8,2025-06-27
Tigo,4.3794,-74.3896,LTE,1,11,2025-06-27
Tigo,4.37995,-74.38697,LTE,2,24,2025-06-27
Tigo,4.3873,-74.3912,LTE,1,7,2025-06-27
Tigo,4.3855,-74.3892,LTE,1,20,2025-06-27
Tigo,4.3911,-74.3916,LTE,1,11,2025-06-27
Tigo,4.3941,-74.3904,LTE,1,26,2025-06-27
Tigo,4.3992,-74.3876,LTE,1,2,2025-06-27
Tigo,4.4021,-74.3858,LTE,1,15,2025-06-27
Tigo,4.4064,-75.1837,UMTS,1,1,2026-04-10
Tigo,4.4077,-74.3879,LTE,1,1,2025-06-26
Tigo,4.4136,-74.3945,UMTS,1,1,2025-10-10
Tigo,4.4119,-74.3884,LTE,1,38,2025-06-27
Tigo,4.419,-74.3901,LTE,1,17,2025-06-27
Tigo,4.431,-74.3883,LTE,1,32,2025-06-27
Tigo,4.43667,-75.201,UMTS,3,3,2026-01-28
Tigo,4.4435,-74.3763,LTE,1,6,2025-06-27
Tigo,4.4467,-75.5203,UMTS,1,1,2025-06-09
Tigo,4.4465,-74.3791,LTE,1,19,2025-06-27
Tigo,4.4577,-74.3827,LTE,1,29,2025-06-27
Tigo,4.48839,-74.37306,LTE,2,42,2025-06-27
Tigo,4.4965,-74.3695,LTE,1,6,2025-06-27
Tigo,4.4979,-74.3676,LTE,1,17,2025-06-27
Tigo,4.4962,-74.2569,UMTS,1,1,2025-08-08
Tigo,4.5095,-74.3612,LTE,1,27,2025-06-27
Tigo,4.5128,-74.3593,LTE,1,25,2025-06-27
Tigo,4.5152,-74.352,LTE,1,51,2025-06-27
Tigo,4.5176,-74.3543,LTE,1,12,2025-06-27
Tigo,4.5216,-74.3569,LTE,1,16,2025-06-27
Tigo,4.5247,-74.352,LTE,1,8,2025-06-27
Tigo,4.5268,-74.3377,LTE,1,49,2025-06-27
Tigo,4.5301,-74.3259,LTE,1,8,2025-06-27
Tigo,4.5336,-74.3118,LTE,1,28,2025-06-27
Tigo,4.5333,-74.3111,LTE,1,15,2025-06-27
Tigo,4.5361,-74.2787,LTE,1,37,2025-06-27
Tigo,4.5374,-74.278,LTE,1,23,2025-06-27
Tigo,4.53984,-74.26454,LTE,2,5,2026-05-09
Tigo,4.53996,-74.26293,LTE,2,14,2025-06-27
Tigo,4.5412,-74.3059,LTE,1,19,2025-06-27
Tigo,4.542,-74.3049,LTE,1,34,2025-06-27
Tigo,4.54141,-74.26563,LTE,3,28,2025-06-27
Tigo,4.5442,-75.6674,LTE,1,1,2025-04-15
Tigo,4.5444,-74.288,LTE,1,19,2025-06-27
Tigo,4.5468,-74.3003,LTE,1,10,2025-06-27
Tigo,4.5474,-74.2906,UMTS,1,1,2026-04-06
Tigo,4.5467,-74.2879,LTE,1,30,2025-06-27
Tigo,4.5729,-74.0817,UMTS,1,1,2025-11-01
Tigo,4.57919,-74.17811,UMTS,14,27,2026-06-14
Tigo,4.5766,-74.1756,UMTS,1,1,2026-04-10
Tigo,4.5828,-74.1846,UMTS,1,1,2025-10-10
Tigo,4.5857,-74.1806,UMTS,1,1,2026-02-13
Tigo,4.5911,-74.1817,UMTS,1,1,2025-11-14
Tigo,4.6046,-74.2125,LTE,1,1,2025-08-15
Tigo,4.6042,-74.2103,LTE,1,1,2025-08-15
Tigo,4.6085,-74.0921,UMTS,1,3,2025-10-25
Tigo,4.61354,-74.09397,LTE,3,13,2026-05-23
Tigo,4.6141,-74.092,LTE,1,5,2026-05-23
Tigo,4.6183,-74.1731,UMTS,1,4,2025-04-30
Tigo,4.617,-74.09483,LTE,2,6,2026-05-23
Tigo,4.6185,-74.173,UMTS,1,1,2025-09-11
Tigo,4.6194,-74.12,LTE,1,4,2026-06-19
Tigo,4.62086,-74.11858,LTE,3,37,2026-06-19
Tigo,4.62147,-74.11169,LTE,2,34,2026-06-19
Tigo,4.6214,-74.10905,UMTS,2,2,2026-06-19
Tigo,4.62117,-74.09963,LTE,2,3,2026-05-23
Tigo,4.619,-74.08795,LTE,2,2,2026-05-22
Tigo,4.62274,-74.11678,LTE,5,17,2026-06-19
Tigo,4.62266,-74.11467,LTE,6,25,2026-06-19
Tigo,4.62235,-74.11174,LTE,4,18,2026-06-19
Tigo,4.62288,-74.10897,LTE,3,22,2026-06-19
Tigo,4.62338,-74.10654,LTE,4,16,2026-06-19
Tigo,4.6221,-74.098,LTE,1,9,2026-06-19
Tigo,4.6225,-74.0871,LTE,1,7,2026-06-19
Tigo,4.62239,-74.08519,UMTS,2,7,2026-05-23
Tigo,4.62594,-74.11516,LTE,5,16,2026-06-19
Tigo,4.6253,-74.11248,LTE,4,28,2026-06-19
Tigo,4.62666,-74.10845,LTE,5,27,2026-06-19
Tigo,4.62676,-74.10604,LTE,3,20,2026-06-19
Tigo,4.62481,-74.10399,LTE,2,7,2026-05-23
Tigo,4.62579,-74.09924,LTE,3,19,2026-06-19
Tigo,4.6255,-74.0967,UMTS,2,12,2026-06-19
Tigo,4.6257,-74.0907,LTE,1,8,2026-06-19
Tigo,4.6255,-74.08813,LTE,2,8,2026-06-19
Tigo,4.6249,-74.08403,LTE,2,6,2026-06-19
Tigo,4.6263,-74.08202,LTE,9,30,2026-06-19
Tigo,4.63013,-74.46257,LTE,2,6,2026-08-27
Tigo,4.6299,-74.1525,UMTS,1,1,2025-11-18
Tigo,4.62927,-74.11658,UMTS,2,4,2026-06-19
Tigo,4.62877,-74.1153,LTE,6,26,2026-06-19
Tigo,4.6281,-74.1114,UMTS,1,13,2026-06-19
Tigo,4.62796,-74.1102,LTE,2,7,2026-06-19
Tigo,4.6278,-74.0807,UMTS,1,2,2026-06-19
Tigo,4.6301,-74.0801,UMTS,1,14,2026-06-19
Tigo,4.63121,-74.46266,LTE,12,54,2026-09-03
Tigo,4.6327,-74.4593,LTE,1,48,2026-09-03
Tigo,4.63155,-74.4561,LTE,3,28,2026-09-03
Tigo,4.63178,-74.45472,LTE,2,5,2026-08-27
Tigo,4.63188,-74.11519,LTE,12,69,2026-06-19
Tigo,4.6334,-74.106,UMTS,1,2,2025-10-01
Tigo,4.63305,-74.07956,LTE,2,8,2026-06-19
Tigo,4.63393,-74.45892,LTE,3,33,2026-09-03
Tigo,4.6355,-74.4558,LTE,1,8,2026-09-03
Tigo,4.63581,-74.45105,LTE,5,46,2026-09-03
Tigo,4.6337,-74.1139,UMTS,1,6,2026-06-19
Tigo,4.635,-74.07946,LTE,4,15,2026-06-19
Tigo,4.6365,-74.4507,LTE,1,21,2026-09-03
Tigo,4.63815,-74.44821,LTE,2,10,2026-08-27
Tigo,4.63872,-74.07937,LTE,3,15,2026-06-19
Tigo,4.6397,-74.4511,LTE,1,4,2026-09-03
Tigo,4.6405,-74.4487,LTE,4,32,2026-09-03
Tigo,4.6421,-74.4434,LTE,1,3,2026-08-20
Tigo,4.64,-74.116,UMTS,1,1,2025-11-13
Tigo,4.64073,-74.07928,LTE,4,13,2026-06-19
Tigo,4.64492,-74.44838,LTE,2,10,2026-08-27
Tigo,4.6437,-74.4421,LTE,1,25,2026-08-20
Tigo,4.6444,-74.4377,LTE,1,16,2026-08-20
Tigo,4.644,-74.1233,UMTS,3,3,2025-11-13
Tigo,4.6436,-74.1196,UMTS,2,2,2025-11-13
Tigo,4.6445,-74.11855,UMTS,2,2,2026-02-03
Tigo,4.6437,-74.07903,UMTS,3,11,2026-06-19
Tigo,4.647,-74.4483,UMTS,1,5,2026-08-20
Tigo,4.64704,-74.44177,LTE,2,24,2026-09-03
Tigo,4.6468,-74.43815,LTE,4,57,2026-09-03
Tigo,4.64781,-74.41106,LTE,5,19,2026-08-19
Tigo,4.6465,-74.4101,UMTS,1,2,2026-08-19
Tigo,4.6461,-74.1223,UMTS,1,1,2026-01-23
Tigo,4.6462,-74.0789,LTE,4,8,2026-06-19
Tigo,4.64886,-74.42676,LTE,2,53,2026-09-03
Tigo,4.6497,-74.4166,UMTS,1,2,2026-08-27
Tigo,4.6494,-74.4148,LTE,1,27,2026-09-03
Tigo,4.64993,-74.4099,LTE,2,15,2026-08-19
Tigo,4.64978,-74.40316,LTE,3,14,2026-08-19
Tigo,4.6495,-74.1431,LTE,1,20,2026-06-18
Tigo,4.6486,-74.1263,LTE,1,1,2026-08-25
Tigo,4.65003,-74.07825,LTE,7,68,2026-06-19
Tigo,4.64951,-74.07733,LTE,3,34,2026-06-19
Tigo,4.6532,-74.40217,UMTS,2,3,2026-08-19
Tigo,4.653,-74.40025,LTE,2,6,2026-08-19
Tigo,4.6526,-74.39762,UMTS,2,13,2026-08-19
Tigo,4.6543,-74.3922,LTE,1,12,2026-08-19
Tigo,4.65292,-74.07829,LTE,5,20,2026-06-19
Tigo,4.6546,-74.3942,UMTS,1,51,2026-08-19
Tigo,4.65482,-74.39162,LTE,3,15,2026-08-19
Tigo,4.65516,-74.38809,LTE,4,11,2026-08-10
Tigo,4.6584,-74.0775,UMTS,1,9,2026-05-23
Tigo,4.66234,-74.07654,LTE,4,10,2026-05-23
Tigo,4.66524,-74.07543,LTE,4,14,2026-05-23
Tigo,4.6691,-74.081,UMTS,1,1,2025-10-02
Tigo,4.6666,-74.0745,LTE,1,4,2026-05-23
Tigo,4.66833,-74.0731,LTE,2,6,2026-05-23
Tigo,4.6697,-74.072,UMTS,1,3,2026-05-23
Tigo,4.6703,-74.0714,LTE,1,6,2026-05-23
Tigo,4.6701,-74.066,LTE,1,3,2026-04-24
Tigo,4.67095,-74.06525,LTE,2,4,2026-04-24
Tigo,4.6753,-74.094,LTE,2,2,2025-08-14
Tigo,4.6729,-74.0688,LTE,2,2,2026-05-23
Tigo,4.67417,-74.06769,LTE,5,20,2026-08-30
Tigo,4.6753,-74.0651,LTE,1,4,2026-05-23
Tigo,4.6764,-74.0862,LTE,1,1,2026-02-05
Tigo,4.67735,-74.06649,LTE,3,8,2026-08-30
Tigo,4.67641,-74.06325,LTE,2,10,2026-05-23
Tigo,4.67772,-74.06096,LTE,4,9,2026-05-23
Tigo,4.6813,-74.0685,LTE,1,10,2026-05-08
Tigo,4.68024,-74.06679,LTE,6,54,2026-05-08
Tigo,4.6807,-74.0643,LTE,1,6,2026-04-24
Tigo,4.6799,-74.05875,LTE,5,20,2026-05-23
Tigo,4.684,-74.1463,UMTS,1,1,2026-02-03
Tigo,4.68283,-74.07024,LTE,12,44,2026-05-08
Tigo,4.68367,-74.05775,LTE,4,11,2026-05-23
Tigo,4.6844,-74.0545,UMTS,1,1,2025-12-02
Tigo,4.68595,-74.1324,UMTS,2,2,2026-08-20
Tigo,4.6863,-74.1303,UMTS,1,1,2026-02-03
Tigo,4.6864,-74.1168,UMTS,1,1,2026-09-04
Tigo,4.6865,-74.1123,UMTS,2,2,2026-09-04
Tigo,4.6868,-74.0572,LTE,1,2,2026-05-23
Tigo,4.6889,-74.1302,LTE,1,1,2025-12-04
Tigo,4.6898,-74.1092,UMTS,1,1,2026-09-04
Tigo,4.689,-74.05689,LTE,2,15,2026-05-23
Tigo,4.6935,-74.1355,LTE,1,1,2025-12-04
Tigo,4.692,-74.1337,LTE,2,2,2026-02-26
Tigo,4.6914,-74.0565,UMTS,1,5,2026-05-23
Tigo,4.6951,-74.1397,LTE,1,1,2026-07-11
Tigo,4.69505,-74.1064,UMTS,2,2,2026-09-04
Tigo,4.69474,-74.05595,LTE,7,15,2026-05-23
Tigo,4.69817,-74.05533,LTE,2,6,2026-05-23
Tigo,4.7019,-74.2343,LTE,1,1,2025-08-31
Tigo,4.7016,-74.2253,LTE,1,1,2025-09-01
Tigo,4.7006,-74.10293,UMTS,3,3,2026-09-04
Tigo,4.7014,-74.0548,LTE,1,6,2026-05-23
Tigo,4.7032,-74.2323,LTE,1,1,2025-09-13
Tigo,4.704,-74.0544,LTE,1,2,2026-05-23
Tigo,4.7056,-74.0991,UMTS,1,1,2026-09-04
Tigo,4.7084,-74.0962,UMTS,1,1,2026-09-04
Tigo,4.7075,-74.0586,LTE,1,1,2025-11-23
Tigo,4.7106,-74.0941,UMTS,2,2,2026-09-04
Tigo,4.7092,-74.0804,LTE,1,1,2026-02-26
Tigo,4.7103,-74.0597,LTE,1,1,2026-01-21
Tigo,4.71063,-74.0587,LTE,3,3,2026-01-12
Tigo,4.712,-74.2111,LTE,1,1,2025-12-22
Tigo,4.7141,-74.2073,LTE,1,1,2025-09-01
Tigo,4.7135,-74.0934,UMTS,1,1,2026-09-04
Tigo,4.7127,-74.05295,LTE,2,4,2026-05-23
Tigo,4.71555,-74.09285,UMTS,2,2,2026-09-04
Tigo,4.7146,-74.0526,LTE,1,3,2026-05-23
Tigo,4.7181,-75.9189,LTE,1,1,2025-04-23
Tigo,4.7183,-74.09345,UMTS,2,2,2026-09-04
Tigo,4.723,-74.2485,LTE,1,1,2025-12-12
Tigo,4.7226,-74.0977,UMTS,1,1,2026-09-04
Tigo,4.7216,-74.05143,LTE,2,6,2026-05-23
Tigo,4.7263,-74.2525,LTE,1,26,2025-12-12
Tigo,4.7261,-74.2497,LTE,1,1,2025-12-12
Tigo,4.7265,-74.1922,LTE,1,1,2025-08-09
Tigo,4.7238,-74.0511,LTE,1,2,2026-05-23
Tigo,4.72866,-74.2703,LTE,4,17,2025-12-15
Tigo,4.7295,-74.2694,LTE,1,2,2025-12-15
Tigo,4.7281,-74.2435,LTE,1,1,2025-12-21
Tigo,4.7292,-74.229,UMTS,1,1,2026-08-10
Tigo,4.7284,-74.1011,UMTS,1,1,2026-09-04
Tigo,4.72875,-74.05025,LTE,2,2,2026-05-22
Tigo,4.73,-74.2691,LTE,1,1,2025-12-15
Tigo,4.7315,-74.248,LTE,1,9,2025-12-12
Tigo,4.73166,-74.24436,LTE,5,5,2026-07-14
Tigo,4.7321,-74.2325,LTE,1,1,2025-08-19
Tigo,4.7309,-74.1007,UMTS,1,1,2026-09-04
Tigo,4.7324,-74.0496,LTE,1,2,2026-05-23
Tigo,4.7349,-74.2518,LTE,1,7,2025-12-12
Tigo,4.7355,-74.2473,LTE,1,3,2025-12-12
Tigo,4.7353,-74.1001,UMTS,1,1,2026-09-04
Tigo,4.7331,-74.0767,UMTS,1,10,2026-08-30
Tigo,4.7348,-74.0492,LTE,1,6,2026-05-23
Tigo,4.7362,-74.2857,LTE,1,1,2025-12-21
Tigo,4.7384,-74.2702,LTE,1,1,2025-08-30
Tigo,4.7362,-74.1556,LTE,1,1,2026-09-29
Tigo,4.7365,-74.0999,UMTS,1,1,2026-09-04
Tigo,4.738,-74.0487,LTE,1,4,2026-05-23
Tigo,4.7377,-74.0328,LTE,1,1,2025-08-15
Tigo,4.7401,-74.2567,LTE,2,2,2025-09-01
Tigo,4.7395,-74.1539,LTE,1,1,2026-09-29
Tigo,4.7404,-74.0483,LTE,1,3,2026-05-23
Tigo,4.7441,-74.1193,UMTS,1,2,2026-08-30
Tigo,4.7435,-74.0978,UMTS,1,1,2026-09-04
Tigo,4.7427,-74.0479,LTE,1,4,2026-05-23
Tigo,4.74523,-74.16873,LTE,3,3,2025-11-25
Tigo,4.74673,-74.11433,UMTS,2,3,2026-08-30
Tigo,4.7472,-74.1037,UMTS,1,1,2026-09-04
Tigo,4.74647,-74.09687,UMTS,3,3,2026-09-04
Tigo,4.74807,-74.164,LTE,3,3,2025-08-30
Tigo,4.74903,-74.1027,UMTS,3,3,2026-09-04
Tigo,4.7488,-74.1003,UMTS,1,1,2026-09-04
Tigo,4.7498,-74.0953,UMTS,1,1,2026-06-28
Tigo,4.75105,-74.16035,LTE,2,2,2025-08-03
Tigo,4.7536,-74.1597,LTE,1,1,2025-10-14
Tigo,4.7537,-74.1536,LTE,1,1,2025-11-25
Tigo,4.7648,-74.0383,LTE,1,1,2025-08-14
Tigo,4.7668,-74.1607,LTE,1,1,2025-10-14
Tigo,4.7699,-74.1579,LTE,1,1,2025-08-02
Tigo,4.7763,-74.1791,UMTS,1,1,2026-07-14
Tigo,4.7838,-74.0408,UMTS,1,1,2026-08-21
Tigo,4.7921,-74.0948,UMTS,1,2,2026-08-30
Tigo,4.7911,-74.0401,UMTS,1,4,2026-08-26
Tigo,4.795,-75.8567,LTE,1,1,2025-04-23
Tigo,4.7946,-74.2041,LTE,1,1,2025-10-13
Tigo,4.7943,-74.0393,UMTS,1,13,2026-09-29
Tigo,4.7961,-74.3339,LTE,1,1,2025-09-13
Tigo,4.7969,-74.096,UMTS,1,17,2026-08-30
Tigo,4.7984,-74.0383,UMTS,1,2,2026-09-29
Tigo,4.801,-75.74371,LTE,4,8,2026-06-14
Tigo,4.80127,-75.74227,LTE,4,18,2026-06-14
Tigo,4.8015,-75.7222,LTE,1,1,2026-06-14
Tigo,4.7997,-74.04295,UMTS,2,24,2026-09-30
Tigo,4.8038,-75.7582,LTE,1,16,2026-01-06
Tigo,4.80378,-75.74761,LTE,3,31,2026-01-07
Tigo,4.80223,-75.74466,LTE,7,42,2026-06-20
Tigo,4.80279,-75.74076,LTE,10,79,2026-06-15
Tigo,4.8043,-75.7394,LTE,1,4,2026-06-15
Tigo,4.8031,-75.7254,LTE,3,5,2026-06-15
Tigo,4.8016,-75.7227,LTE,1,2,2026-06-15
Tigo,4.80279,-75.71936,LTE,3,33,2026-06-15
Tigo,4.804,-75.6954,LTE,1,3,2026-01-07
Tigo,4.8021,-74.2105,LTE,1,1,2025-08-14
Tigo,4.8044,-74.038,UMTS,1,1,2026-08-30
Tigo,4.8066,-75.7608,LTE,1,17,2026-01-06
Tigo,4.8056,-75.7532,LTE,1,2,2026-01-06
Tigo,4.80655,-75.75031,LTE,3,27,2026-01-07
Tigo,4.8052,-75.7476,LTE,1,27,2026-01-07
Tigo,4.806,-75.7451,LTE,1,11,2026-01-05
Tigo,4.8071,-75.7397,LTE,1,9,2026-01-05
Tigo,4.80565,-75.73806,LTE,5,21,2026-06-15
Tigo,4.80681,-75.72999,LTE,3,18,2026-06-15
Tigo,4.8046,-75.7273,LTE,1,4,2026-06-15
Tigo,4.8074,-75.7224,LTE,1,9,2026-01-07
Tigo,4.80716,-75.71996,LTE,3,25,2026-06-15
Tigo,4.80609,-75.7174,LTE,5,38,2026-06-15
Tigo,4.80667,-75.71345,LTE,6,18,2026-01-07
Tigo,4.80737,-75.71216,LTE,3,9,2026-01-07
Tigo,4.80735,-75.7053,LTE,2,12,2026-01-07
Tigo,4.8057,-75.6984,LTE,1,13,2026-01-07
Tigo,4.80574,-75.69382,LTE,2,13,2026-01-07
Tigo,4.8062,-74.0455,UMTS,1,16,2026-09-28
Tigo,4.8065,-74.037,UMTS,1,9,2026-08-20
Tigo,4.8101,-75.7579,LTE,1,33,2026-01-06
Tigo,4.8099,-75.7542,LTE,1,11,2026-01-06
Tigo,4.80805,-75.74663,LTE,2,11,2026-06-20
Tigo,4.8082,-75.7439,LTE,1,18,2026-01-07
Tigo,4.80767,-75.74066,LTE,3,79,2026-01-07
Tigo,4.8088,-75.7377,LTE,1,6,2026-01-05
Tigo,4.80819,-75.73594,LTE,3,46,2026-06-15
Tigo,4.80853,-75.73166,LTE,3,49,2026-06-15
Tigo,4.80761,-75.72902,LTE,2,32,2026-06-15
Tigo,4.80806,-75.72568,LTE,3,36,2026-01-07
Tigo,4.80863,-75.72364,LTE,2,21,2026-01-05
Tigo,4.8091,-75.7129,LTE,1,1,2026-01-04
Tigo,4.80945,-75.71165,LTE,2,18,2026-01-07
Tigo,4.8081,-75.7095,LTE,1,17,2026-01-07
Tigo,4.8086,-75.7043,LTE,1,6,2026-01-05
Tigo,4.8087,-75.70257,LTE,2,33,2026-01-07
Tigo,4.8094,-75.7002,LTE,1,7,2026-01-05
Tigo,4.8099,-75.69427,LTE,2,10,2026-01-07
Tigo,4.8091,-74.3576,LTE,1,1,2025-12-21
Tigo,4.8101,-74.3503,LTE,1,1,2025-08-09
Tigo,4.8103,-74.0479,UMTS,1,1,2026-07-20
Tigo,4.81005,-74.04532,UMTS,4,17,2026-09-28
Tigo,4.80973,-74.0434,UMTS,2,6,2026-09-24
Tigo,4.81132,-75.73533,LTE,3,24,2026-01-07
Tigo,4.8106,-75.7332,LTE,1,3,2026-01-05
Tigo,4.8127,-75.7214,LTE,1,3,2026-01-05
Tigo,4.8129,-75.7139,LTE,1,8,2026-01-05
Tigo,4.8106,-75.7098,LTE,1,4,2026-01-07
Tigo,4.8105,-75.707,LTE,1,16,2026-01-07
Tigo,4.81127,-75.69836,LTE,3,13,2026-01-07
Tigo,4.81264,-75.69513,LTE,4,13,2026-01-07
Tigo,4.81167,-75.69281,LTE,12,57,2026-01-07
Tigo,4.81329,-74.3588,LTE,5,7,2025-04-08
Tigo,4.8125,-74.2613,UMTS,1,1,2025-11-14
Tigo,4.8124,-74.2195,LTE,1,1,2026-07-10
Tigo,4.81334,-74.05775,UMTS,2,27,2026-09-29
Tigo,4.81274,-74.05147,UMTS,4,65,2026-09-30
Tigo,4.8105,-74.0469,UMTS,1,10,2026-09-28
Tigo,4.8108,-74.0407,UMTS,1,2,2026-09-15
Tigo,4.81417,-75.72066,LTE,2,7,2026-01-05
Tigo,4.81414,-75.71811,LTE,2,14,2026-01-05
Tigo,4.81376,-75.695,LTE,2,5,2026-01-07
Tigo,4.81433,-75.69366,LTE,8,15,2026-01-07
Tigo,4.81642,-74.06719,UMTS,2,15,2026-09-29
Tigo,4.8157,-74.0647,UMTS,1,1,2026-08-28
Tigo,4.8155,-74.054,UMTS,1,25,2026-09-30
Tigo,4.81552,-74.05156,UMTS,3,36,2026-09-30
Tigo,4.8193,-74.3663,LTE,1,1,2025-08-30
Tigo,4.8175,-74.0705,UMTS,1,17,2026-09-29
Tigo,4.81663,-74.06783,UMTS,2,3,2026-09-01
Tigo,4.8221,-74.0548,UMTS,1,16,2026-09-30
Tigo,4.8198,-74.0511,UMTS,1,21,2026-09-30
Tigo,4.82212,-74.03527,UMTS,2,20,2026-09-29
Tigo,4.82306,-74.07314,UMTS,2,41,2026-09-29
Tigo,4.8234,-74.0513,UMTS,1,1,2026-08-24
Tigo,4.8233,-74.0501,UMTS,1,1,2026-08-18
Tigo,4.8227,-74.0461,UMTS,1,10,2026-09-15
Tigo,4.8244,-74.0394,UMTS,1,23,2026-09-30
Tigo,4.8228,-74.0354,UMTS,1,1,2026-08-31
Tigo,4.8281,-74.072,UMTS,1,40,2026-09-29
Tigo,4.8312,-74.07084,UMTS,2,10,2026-09-02
Tigo,4.8293,-74.0473,UMTS,1,10,2026-09-30
Tigo,4.83346,-74.07086,UMTS,7,33,2026-09-29
Tigo,4.83586,-74.07072,LTE,4,9,2026-09-24
Tigo,4.8347,-74.0333,UMTS,1,25,2026-09-29
Tigo,4.8381,-74.07026,UMTS,3,40,2026-09-29
Tigo,4.8401,-74.0345,UMTS,1,28,2026-09-29
Tigo,4.8434,-74.0694,LTE,1,1,2026-08-30
Tigo,4.8428,-74.037,UMTS,1,22,2026-09-29
Tigo,4.8425,-74.0318,UMTS,1,12,2026-09-30
Tigo,4.8482,-74.0646,UMTS,1,3,2026-08-30
Tigo,4.8486,-74.0546,UMTS,1,2,2026-09-16
Tigo,4.84846,-73.99844,LTE,2,25,2026-09-29
Tigo,4.84766,-73.99633,UMTS,2,10,2026-09-16
Tigo,4.8524,-74.4214,UMTS,1,1,2025-11-04
Tigo,4.85,-74.0296,UMTS,1,1,2026-09-01
Tigo,4.85002,-74.00008,LTE,3,41,2026-09-29
Tigo,4.85636,-74.42148,LTE,2,5,2025-09-13
Tigo,4.8559,-74.0438,UMTS,1,16,2026-09-30
Tigo,4.8567,-74.0072,UMTS,1,2,2026-09-29
Tigo,4.8615,-74.0139,UMTS,1,22,2026-09-29
Tigo,4.8593,-74.0096,UMTS,1,2,2026-09-16
Tigo,4.8633,-74.0545,UMTS,1,1,2026-08-19
Tigo,4.86188,-74.02778,UMTS,2,10,2026-09-24
Tigo,4.86354,-74.0221,UMTS,2,5,2026-08-26
Tigo,4.86287,-74.01914,LTE,5,14,2026-09-24
Tigo,4.864,-74.0149,UMTS,1,2,2026-09-23
Tigo,4.862,-74.0122,UMTS,1,20,2026-09-29
Tigo,4.8658,-74.0247,UMTS,1,11,2026-09-29
Tigo,4.8673,-74.008,UMTS,1,5,2026-09-01
Tigo,4.8722,-74.2533,UMTS,1,1,2025-08-16
Tigo,4.8705,-73.9959,LTE,1,24,2026-09-30
Tigo,4.8741,-74.0543,UMTS,1,2,2026-09-30
Tigo,4.8763,-74.0405,UMTS,1,4,2026-09-30
Tigo,4.87568,-74.03815,UMTS,4,4,2026-04-09
Tigo,4.8741,-74.0095,UMTS,1,27,2026-09-30
Tigo,4.8754,-73.9933,LTE,1,11,2026-09-30
Tigo,4.8776,-74.4381,LTE,1,1,2025-08-09
Tigo,4.8785,-74.4366,UMTS,1,1,2026-04-13
Tigo,4.8766,-74.0182,UMTS,1,23,2026-09-29
Tigo,4.8825,-73.9999,UMTS,1,21,2026-09-30
Tigo,4.8877,-74.2665,UMTS,2,2,2025-08-16
Tigo,4.88741,-74.00974,UMTS,3,61,2026-09-30
Tigo,4.8883,-74.0055,UMTS,1,10,2026-09-24
Tigo,4.8886,-74.0049,LTE,1,5,2026-08-21
Tigo,4.8914,-73.9892,LTE,1,8,2026-09-24
Tigo,4.89405,-74.4388,UMTS,2,2,2026-02-02
Tigo,4.89219,-74.00062,UMTS,2,36,2026-09-30
Tigo,4.89249,-73.99734,LTE,4,24,2026-09-30
Tigo,4.89273,-73.9942,UMTS,2,3,2026-09-23
Tigo,4.8954,-74.7925,UMTS,1,1,2025-05-09
Tigo,4.8961,-74.4355,UMTS,1,1,2026-04-13
Tigo,4.89691,-74.0001,LTE,3,7,2026-09-29
Tigo,4.89506,-73.99866,LTE,8,50,2026-09-30
Tigo,4.8962,-73.9913,LTE,2,4,2026-09-15
Tigo,4.8964,-73.98985,LTE,2,4,2026-09-28
Tigo,4.8997,-74.4342,LTE,1,1,2025-08-30
Tigo,4.9018,-74.4265,UMTS,1,1,2025-05-05
Tigo,4.9044,-74.4271,UMTS,1,4,2025-11-05
Tigo,4.9048,-73.9991,UMTS,1,3,2026-08-21
Tigo,4.9093,-74.4369,LTE,1,1,2025-08-09
Tigo,4.9123,-74.003,UMTS,1,13,2025-08-27
Tigo,4.9139,-74.4257,LTE,1,1,2025-08-09
Tigo,4.9166,-73.9992,UMTS,1,12,2026-08-19
Tigo,4.9248,-75.0676,UMTS,1,1,2025-12-16
Tigo,4.9246,-73.9965,UMTS,1,5,2026-08-14
Tigo,4.9389,-73.9738,UMTS,1,4,2026-08-13
Tigo,4.9391,-73.9706,UMTS,1,18,2026-08-19
Tigo,4.93992,-73.97799,UMTS,3,16,2026-08-19
Tigo,4.9504,-73.9858,UMTS,1,6,2026-09-15
Tigo,4.9571,-74.9336,UMTS,1,1,2026-05-08
Tigo,4.9613,-74.4305,LTE,1,1,2025-08-09
Tigo,4.9716,-74.3122,LTE,1,1,2025-10-05
Tigo,4.9899,-74.3291,LTE,1,1,2025-08-14
Tigo,4.9917,-74.9027,UMTS,1,1,2025-10-09
Tigo,4.9979,-74.3399,LTE,1,1,2025-10-13
Tigo,5.00455,-74.53865,LTE,2,2,2025-08-30
Tigo,5.0075,-74.5394,LTE,1,1,2025-12-21
Tigo,5.0137,-74.3475,LTE,1,1,2025-08-02
Tigo,5.0135,-73.9908,LTE,1,1,2026-08-25
Tigo,5.0173,-74.4704,LTE,1,1,2025-08-09
Tigo,5.01985,-74.51955,LTE,2,2,2025-08-30
Tigo,5.0202,-74.5068,LTE,1,1,2025-08-30
Tigo,5.0195,-74.3502,UMTS,1,1,2026-05-05
Tigo,5.0231,-74.5467,LTE,1,1,2025-08-01
Tigo,5.0206,-74.5443,UMTS,1,1,2026-03-16
Tigo,5.0238,-73.9852,UMTS,1,1,2026-07-19
Tigo,5.0496,-74.555,LTE,1,1,2025-08-09
Tigo,5.0483,-74.3798,LTE,1,1,2025-08-14
Tigo,5.0675,-74.5983,LTE,1,1,2025-12-21
Tigo,5.0662,-74.5951,LTE,1,1,2025-08-14
Tigo,5.0692,-74.4438,LTE,1,1,2025-08-14
Tigo,5.0748,-74.6036,LTE,1,1,2025-08-08
Tigo,5.1134,-74.6317,UMTS,1,1,2025-10-07
Tigo,5.1267,-74.8978,UMTS,1,1,2025-07-24
Tigo,5.1308,-74.8985,UMTS,1,1,2026-07-15
Tigo,5.1665,-74.8945,UMTS,1,1,2025-07-24
Tigo,5.19367,-74.88923,LTE,2,3,2025-12-02
Tigo,5.3685,-74.5853,UMTS,1,1,2026-03-16
Tigo,5.4791,-74.6056,UMTS,1,3,2026-03-21
Tigo,5.5118,-74.6359,LTE,1,1,2025-08-08
Tigo,5.5195,-74.636,LTE,1,1,2025-10-12
Tigo,5.5245,-74.6346,UMTS,1,1,2026-04-13
Tigo,5.5255,-74.6345,UMTS,1,2,2026-04-14
Tigo,5.53221,-74.63212,UMTS,2,9,2025-09-06
Tigo,5.5358,-74.6305,LTE,1,1,2025-08-01
Tigo,5.543,-74.6277,UMTS,1,1,2026-03-20
Tigo,5.5493,-74.6266,UMTS,1,1,2025-05-08
Tigo,5.5656,-74.6249,LTE,1,1,2025-08-14
Tigo,5.73,-74.6235,UMTS,1,2,2026-04-14
Tigo,5.7438,-74.6267,LTE,1,1,2025-08-08
Tigo,5.7543,-74.6244,LTE,1,2,2025-09-15
Tigo,5.7571,-74.632,UMTS,1,1,2026-04-13
Tigo,5.9035,-74.5662,UMTS,1,1,2026-04-13
Tigo,5.9256,-74.5683,UMTS,1,1,2026-04-13
Tigo,5.9787,-74.9048,LTE,1,1,2025-04-25
Tigo,5.9777,-74.58877,UMTS,3,3,2025-06-06
Tigo,6.01837,-75.43437,UMTS,2,7,2025-08-01
Tigo,6.0191,-75.4334,UMTS,1,11,2025-08-01
Tigo,6.02262,-75.43145,UMTS,2,11,2025-08-01
Tigo,6.0598,-74.5542,LTE,1,1,2025-08-14
Tigo,6.0759,-75.6346,LTE,1,1,2026-09-23
Tigo,6.0973,-74.5535,UMTS,1,2,2025-06-17
Tigo,6.1065,-75.2265,LTE,1,1,2025-10-03
Tigo,6.1241,-75.6321,UMTS,1,1,2025-10-03
Tigo,6.1403,-75.2669,LTE,2,2,2026-01-13
Tigo,6.1513,-75.4155,UMTS,1,1,2025-11-12
Tigo,6.1509,-75.392,UMTS,1,1,2025-11-12
Tigo,6.14933,-75.3719,UMTS,3,3,2025-11-13
Tigo,6.1568,-75.5464,UMTS,1,1,2025-10-11
Tigo,6.1563,-75.4361,UMTS,1,1,2025-11-12
Tigo,6.1563,-73.4468,LTE,1,1,2026-01-12
Tigo,6.1625,-75.5971,LTE,1,1,2026-08-15
Tigo,6.1723,-75.5646,LTE,1,1,2026-08-16
Tigo,6.1714,-75.5624,LTE,1,1,2026-08-17
Tigo,6.17325,-75.567,LTE,2,2,2026-08-15
Tigo,6.1736,-75.5624,LTE,1,1,2025-10-04
Tigo,6.1772,-75.5597,LTE,1,1,2025-10-13
Tigo,6.178,-75.4461,UMTS,1,1,2025-11-12
Tigo,6.1791,-75.5596,UMTS,1,1,2025-10-04
Tigo,6.1885,-75.6025,UMTS,1,1,2026-04-22
Tigo,6.205,-75.5839,LTE,1,1,2025-04-25
Tigo,6.2082,-75.5642,LTE,1,1,2025-04-24
Tigo,6.2141,-75.58,LTE,1,1,2025-04-25
Tigo,6.2148,-75.5699,LTE,1,1,2025-04-24
Tigo,6.2146,-75.5577,LTE,1,1,2025-04-25
Tigo,6.2165,-74.555,LTE,1,1,2025-09-12
Tigo,6.222,-75.5766,UMTS,1,1,2026-03-17
Tigo,6.2226,-75.5434,UMTS,1,1,2026-04-20
Tigo,6.2247,-75.5473,UMTS,1,1,2025-06-26
Tigo,6.2241,-75.5282,UMTS,1,1,2025-06-26
Tigo,6.2328,-75.5873,LTE,1,1,2025-04-25
Tigo,6.239,-75.5981,LTE,1,1,2025-04-26
Tigo,6.2385,-75.5888,LTE,1,1,2025-04-24
Tigo,6.2481,-75.6203,LTE,1,1,2025-04-26
Tigo,6.2605,-75.5575,LTE,1,1,2026-03-19
Tigo,6.2847,-75.6223,UMTS,1,1,2025-05-28
Tigo,6.2848,-75.6086,UMTS,1,1,2026-02-04
Tigo,6.2885,-75.6138,UMTS,1,1,2025-05-22
Tigo,6.2932,-75.6111,UMTS,1,3,2025-09-18
Tigo,6.2951,-75.5706,LTE,1,1,2026-04-02
Tigo,6.2963,-75.606,UMTS,1,2,2026-04-16
Tigo,6.2974,-75.6019,UMTS,1,1,2026-05-21
Tigo,6.3012,-75.5961,UMTS,1,1,2025-05-21
Tigo,6.32338,-75.5605,LTE,2,4,2025-09-12
Tigo,6.3249,-74.4371,LTE,1,1,2025-08-01
Tigo,6.3316,-75.5988,UMTS,1,1,2025-09-17
Tigo,6.3325,-74.4356,UMTS,1,3,2026-06-12
Tigo,6.3463,-75.6076,UMTS,1,1,2026-02-04
Tigo,6.3602,-74.4214,UMTS,1,1,2026-04-13
Tigo,6.3683,-74.4118,LTE,1,1,2025-09-12
Tigo,6.3787,-74.3932,UMTS,1,1,2025-06-03
Tigo,6.3959,-74.3661,UMTS,1,2,2025-05-08
Tigo,6.4029,-74.3587,UMTS,1,2,2025-11-08
Tigo,6.4129,-74.3378,LTE,1,1,2025-08-14
Tigo,6.416,-75.3984,UMTS,1,1,2025-09-16
Tigo,6.4206,-74.329,UMTS,1,3,2026-05-07
Tigo,6.4221,-74.3238,UMTS,1,3,2026-06-10
Tigo,6.4336,-75.3714,UMTS,1,2,2025-09-17
Tigo,6.4432,-74.3087,UMTS,1,2,2026-06-12
Tigo,6.4702,-74.2836,LTE,1,1,2025-08-08
Tigo,6.476,-74.2726,LTE,1,1,2025-12-20
Tigo,6.48405,-75.0199,UMTS,2,2,2026-02-03
Tigo,6.4886,-74.4532,UMTS,1,1,2026-03-31
Tigo,6.4895,-74.2872,UMTS,1,1,2026-06-11
Tigo,6.4912,-74.2945,UMTS,1,1,2025-05-19
Tigo,6.5076,-75.5496,UMTS,1,1,2026-02-04
Tigo,6.5177,-74.9966,UMTS,1,1,2026-02-02
Tigo,6.5382,-75.4012,UMTS,1,1,2026-03-10
Tigo,6.536,-75.0811,UMTS,1,1,2025-11-05
Tigo,6.5517,-75.5472,UMTS,1,1,2026-02-04
Tigo,6.5509,-75.4096,UMTS,1,1,2025-05-20
Tigo,6.5558,-75.4077,UMTS,1,2,2026-03-11
Tigo,6.5644,-75.5438,UMTS,1,1,2025-11-05
Tigo,6.5676,-75.5181,UMTS,1,1,2026-02-04
Tigo,6.5693,-75.4059,UMTS,1,1,2025-05-20
Tigo,6.5916,-75.4055,UMTS,1,1,2026-02-03
Tigo,6.5976,-75.4188,UMTS,1,1,2026-02-03
Tigo,6.6044,-75.4699,UMTS,1,1,2026-03-10
Tigo,6.6335,-75.4495,UMTS,1,1,2026-02-03
Tigo,6.7021,-75.473,UMTS,1,1,2026-04-14
Tigo,6.7174,-75.4837,UMTS,1,3,2025-09-17
Tigo,6.7296,-75.4859,UMTS,1,1,2026-04-14
Tigo,6.7359,-75.4859,UMTS,1,8,2025-11-06
Tigo,6.7368,-75.4858,UMTS,1,1,2026-02-03
Tigo,6.7549,-73.8443,LTE,1,1,2025-08-29
Tigo,6.7895,-73.8101,UMTS,1,1,2026-03-15
Tigo,6.8085,-73.798,LTE,1,1,2025-09-12
Tigo,6.8431,-75.4596,UMTS,1,3,2026-04-15
Tigo,6.847,-75.4562,UMTS,1,1,2025-08-12
Tigo,6.8548,-75.4531,UMTS,1,1,2026-04-14
Tigo,6.8572,-75.4526,UMTS,1,12,2025-11-06
Tigo,6.8633,-75.4482,UMTS,1,2,2026-03-11
Tigo,6.8759,-75.4449,UMTS,1,10,2025-11-06
Tigo,6.8835,-75.4435,UMTS,1,3,2025-05-22
Tigo,6.8869,-75.4427,UMTS,1,3,2026-04-15
Tigo,6.9152,-75.4318,UMTS,1,1,2026-02-03
Tigo,7.066,-75.6848,LTE,1,2,2025-10-16
Tigo,7.0667,-73.8612,UMTS,1,1,2025-06-04
Tigo,7.15334,-73.1355,LTE,2,17,2025-12-16
Tigo,7.1614,-73.5574,LTE,1,1,2025-08-13
Tigo,7.3934,-73.517,LTE,1,1,2025-08-13
Tigo,7.5267,-73.5779,LTE,1,1,2025-08-01
Tigo,7.5394,-73.5684,LTE,1,1,2025-09-12
Tigo,7.6555,-73.5264,LTE,1,1,2025-08-08
Tigo,7.7315,-73.4382,LTE,1,1,2025-08-13
Tigo,7.7413,-73.4144,LTE,1,1,2025-08-01
Tigo,8.2414,-73.6037,LTE,1,1,2025-08-13
Tigo,8.3103,-73.60475,LTE,2,4,2025-08-11
Tigo,8.3156,-73.5969,LTE,1,1,2025-11-23
Tigo,8.4274,-73.6236,LTE,1,1,2025-12-20
Tigo,8.4659,-73.6328,LTE,1,1,2025-08-08
Tigo,8.5009,-73.6394,LTE,1,1,2025-08-01
Tigo,8.588,-73.6353,LTE,1,1,2025-08-13
Tigo,8.6125,-73.6364,LTE,1,1,2025-12-20
Tigo,8.6274,-75.4814,LTE,1,1,2026-04-14
Tigo,8.6332,-75.4791,UMTS,1,1,2026-03-31
Tigo,8.6906,-73.6648,LTE,2,2,2025-12-20
Tigo,8.6967,-73.6667,LTE,1,1,2025-11-23
Tigo,8.8475,-73.6715,LTE,1,1,2025-08-13
Tigo,8.8595,-73.667,LTE,1,1,2025-08-08
Tigo,8.8919,-73.6534,LTE,1,1,2025-09-12
Tigo,8.9406,-75.448,LTE,1,1,2026-04-14
Tigo,8.957,-73.6273,LTE,1,1,2025-11-23
Tigo,8.9688,-73.6264,LTE,1,1,2025-08-29
Tigo,8.9812,-73.6279,LTE,1,1,2025-08-13
Tigo,9.0672,-73.6478,LTE,1,1,2025-08-13
Tigo,9.1006,-73.6498,LTE,1,1,2025-08-01
Tigo,9.1918,-73.5775,LTE,1,1,2025-12-20
Tigo,9.2014,-73.5445,LTE,1,1,2026-02-01
Tigo,9.20495,-73.5367,LTE,2,2,2025-11-23
Tigo,9.212,-73.5284,LTE,1,1,2025-08-13
Tigo,9.288,-73.5113,LTE,1,1,2025-07-31
Tigo,9.3499,-75.2858,UMTS,1,1,2026-02-13
Tigo,9.4358,-73.5514,LTE,1,1,2025-07-31
Tigo,9.605,-73.5975,LTE,1,1,2025-09-12
Tigo,9.6104,-73.6121,LTE,1,1,2025-12-20
Tigo,9.6156,-73.596,LTE,1,1,2025-11-23
Tigo,9.6173,-73.6049,LTE,1,1,2025-08-13
Tigo,9.7018,-73.683,LTE,1,1,2025-08-13
Tigo,9.7111,-75.1115,LTE,1,1,2025-08-28
Tigo,9.7217,-75.1102,LTE,1,1,2025-09-11
Tigo,9.735,-73.7054,LTE,1,1,2025-10-12
Tigo,9.7424,-73.712,LTE,1,1,2025-11-23
Tigo,9.7418,-73.7112,LTE,1,1,2025-12-20
Tigo,9.7929,-74.7826,UMTS,1,1,2026-03-15
Tigo,9.7932,-74.7822,LTE,2,2,2025-11-23
Tigo,9.7939,-74.7864,LTE,1,1,2025-12-20
Tigo,9.7942,-74.776,LTE,1,1,2025-12-20
Tigo,9.7955,-74.773,LTE,1,1,2025-09-11
Tigo,9.797,-75.1254,LTE,1,1,2025-08-28
Tigo,9.7978,-74.3761,LTE,1,1,2025-09-11
Tigo,9.8012,-74.3908,LTE,1,1,2025-07-31
Tigo,9.8033,-74.3916,LTE,1,1,2025-11-23
Tigo,9.8154,-73.7785,LTE,1,1,2025-08-07
Tigo,9.8246,-75.1214,LTE,1,1,2026-01-09
Tigo,9.8286,-75.1175,LTE,1,1,2025-10-04
Tigo,9.8333,-75.1221,LTE,1,1,2025-08-07
Tigo,9.8405,-75.1209,LTE,1,1,2025-08-07
Tigo,9.8495,-74.2368,LTE,1,1,2025-07-31
Tigo,9.853,-74.2308,LTE,1,1,2025-08-13
Tigo,9.8544,-74.2296,LTE,1,1,2025-08-07
Tigo,9.8643,-74.5539,LTE,1,1,2025-07-31
Tigo,9.8716,-74.5713,LTE,1,1,2025-12-20
Tigo,9.9148,-74.0685,LTE,1,1,2025-07-31
Tigo,9.9643,-75.079,LTE,1,1,2026-04-14
Tigo,9.9675,-73.8859,LTE,1,1,2025-10-11
Tigo,9.9705,-75.0805,LTE,1,1,2025-12-20
Tigo,9.9735,-73.8922,LTE,1,1,2025-12-20
Tigo,9.97267,-73.8871,LTE,3,3,2025-11-23
Tigo,9.9727,-73.8844,UMTS,1,1,2025-08-05
Tigo,10.0482,-75.0787,LTE,1,1,2025-09-11
Tigo,10.1337,-75.2315,LTE,1,1,2026-01-09
Tigo,10.134,-75.2263,LTE,1,1,2025-10-11
Tigo,10.1393,-75.2214,LTE,1,1,2025-11-22
Tigo,10.14,-75.2173,LTE,1,1,2025-09-11
Tigo,10.1844,-75.744,UMTS,1,1,2025-04-08
Tigo,10.245,-75.3433,LTE,1,1,2025-10-04
Tigo,10.3092,-75.4853,LTE,1,1,2026-08-10
Tigo,10.321,-75.4046,LTE,1,1,2026-04-14
Tigo,10.3283,-75.4836,LTE,1,1,2026-08-18
Tigo,10.3291,-75.4064,LTE,1,1,2025-10-11
Tigo,10.3441,-75.494,LTE,1,1,2026-07-26
Tigo,10.3435,-75.4878,LTE,1,1,2026-07-27
Tigo,10.34285,-75.4854,LTE,2,2,2026-08-08
Tigo,10.3544,-75.4988,LTE,1,1,2026-08-01
Tigo,10.35525,-75.49805,LTE,2,2,2026-08-15
Tigo,10.3558,-75.494,LTE,1,1,2026-07-19
Tigo,10.3551,-75.49283,LTE,3,3,2026-07-22
Tigo,10.3589,-75.5043,LTE,1,1,2025-07-31
Tigo,10.3647,-75.5077,LTE,1,1,2026-01-09
Tigo,10.3709,-75.5057,LTE,1,1,2026-08-11
Tigo,10.3718,-75.5053,LTE,1,1,2026-08-10
Tigo,10.374,-75.5057,LTE,1,1,2026-01-17
Tigo,10.3733,-75.504,LTE,1,1,2025-07-31
Tigo,10.3771,-75.50453,LTE,3,3,2025-11-22
Tigo,10.37983,-75.50367,LTE,3,3,2026-08-12
Tigo,10.3814,-75.4381,LTE,1,1,2026-07-22
Tigo,10.3821,-75.5064,LTE,1,1,2025-08-25
Tigo,10.3841,-75.5018,UMTS,1,1,2026-02-07
Tigo,10.3875,-75.5121,LTE,1,1,2025-11-24
Tigo,10.3873,-75.511,LTE,1,1,2026-06-26
Tigo,10.3857,-75.5081,LTE,2,2,2026-07-26
Tigo,10.386,-75.5014,LTE,1,1,2026-01-08
Tigo,10.3895,-75.5317,UMTS,1,1,2026-06-25
Tigo,10.38825,-75.50585,LTE,2,2,2026-02-09
Tigo,10.3882,-75.5042,LTE,1,1,2026-08-08
Tigo,10.3923,-75.5247,LTE,1,1,2025-08-08
Tigo,10.39233,-75.52287,LTE,3,3,2026-08-08
Tigo,10.3913,-75.4485,LTE,1,1,2026-07-22
Tigo,10.39565,-75.52125,LTE,2,2,2026-07-22
Tigo,10.3963,-75.518,LTE,1,1,2026-08-15
Tigo,10.3991,-75.5175,LTE,1,1,2026-07-19
Tigo,10.4052,-75.5375,LTE,1,1,2026-06-24
Tigo,10.4043,-75.522,LTE,1,1,2026-07-31
Tigo,10.4063,-75.5325,LTE,1,1,2026-07-09
Tigo,10.4072,-75.5258,LTE,2,2,2026-08-09
Tigo,10.4058,-75.5222,LTE,1,1,2026-08-08
Tigo,10.40721,-75.50485,LTE,6,15,2026-09-12
Tigo,10.40937,-75.5365,LTE,3,3,2026-06-28
Tigo,10.4087,-75.5322,LTE,3,3,2026-08-12
Tigo,10.4294,-75.5342,LTE,1,1,2026-09-11
Tigo,10.43025,-75.53417,LTE,4,10,2026-09-12
Tigo,10.4333,-75.53087,LTE,2,6,2026-09-12
Tigo,10.4347,-75.529,LTE,1,6,2026-09-12
Tigo,10.43664,-75.52741,LTE,3,7,2026-09-12
Tigo,10.4377,-75.5264,LTE,1,2,2026-09-12
Tigo,10.43965,-75.52555,LTE,3,13,2026-09-12
Tigo,10.44383,-75.523,LTE,2,7,2026-09-12
Tigo,10.44521,-75.52101,LTE,3,9,2026-09-12
Tigo,10.4464,-75.5176,LTE,2,2,2026-09-11
Tigo,10.447,-75.5175,LTE,1,2,2026-09-12
Tigo,10.44927,-75.51693,LTE,3,12,2026-09-12
Tigo,10.45053,-75.51603,LTE,6,6,2026-09-11
Tigo,10.4555,-73.2299,LTE,1,1,2026-09-13
Tigo,10.521,-75.4012,LTE,1,1,2026-07-14
Tigo,10.9452,-74.7795,LTE,1,1,2025-12-20
Tigo,10.9697,-74.7645,UMTS,1,1,2026-03-18
Tigo,11.0057,-74.7858,UMTS,1,1,2026-03-01
Tigo,11.0295,-74.8149,LTE,1,1,2026-07-12
Tigo,11.0298,-74.8147,LTE,1,1,2026-07-13
Tigo,11.2025,-74.1801,UMTS,1,1,2026-03-03
